2025-08-19 12:07:23,110 INFO: 
Version Information: 
	Python: 3.8.20
	PyTorch: 2.0.0+cu118
	TorchVision: 0.15.0+cu118
2025-08-19 12:07:23,110 INFO: 
  name: topkids
  backend: dp
  type: SpatialLearningBasisModel
  num_gpu: 1
  gpu_idx: 6
  manual_seed: 1234
  non-isometric: False
  partial: False
  save_filter: True
  path:[
    resume_state: None
    experiments_root: /mnt/zj-gpfs/home/luofeifan/shape_correspondence/LearnableBasisFMaps_main/experiments/topkids
    models: /mnt/zj-gpfs/home/luofeifan/shape_correspondence/LearnableBasisFMaps_main/experiments/topkids/models
    log: /mnt/zj-gpfs/home/luofeifan/shape_correspondence/LearnableBasisFMaps_main/experiments/topkids/log
  ]
  datasets:[
    train_dataset:[
      name: Train
      type: PairTopKidsDataset
      phase: train
      data_root: ../data/TOPKIDS/
      return_evecs: True
      return_faces: True
      num_evecs: 200
      return_dist: False
    ]
    test_dataset:[
      name: Test
      type: PairTopKidsDataset
      phase: test
      data_root: ../data/TOPKIDS/
      return_evecs: True
      return_faces: True
      num_evecs: 200
      return_dist: True
    ]
    batch_size: 1
    num_worker: 16
  ]
  networks:[
    feature_extractor:[
      type: DiffusionNet
      in_channels: 16
      out_channels: 128
      cache_dir: ../data/TOPKIDS/diffusion
      input_type: hks
    ]
    permutation:[
      type: Similarity
      tau: 0.07
    ]
    basisconv:[
      type: EigenBasis_Fliters
    ]
  ]
  train:[
    total_epochs: 100
    optims:[
      feature_extractor:[
        type: Adam
        lr: 0.001
      ]
      basisconv:[
        type: Adam
        lr: 0.001
      ]
    ]
    schedulers:[
      feature_extractor:[
        type: CosineAnnealingLR
        eta_min: 0.0001
        T_max: 100
      ]
      basisconv:[
        type: CosineAnnealingLR
        eta_min: 0.0001
        T_max: 15
      ]
    ]
    losses:[
      rfmnet_loss:[
        type: RfmnetLoss
        loss_weight: 1.0
      ]
    ]
  ]
  val:[
    val_freq: 2000
    metrics:[
      geo_error:[
        type: calculate_geodesic_error
      ]
      plot_pck:[
        type: plot_pck
      ]
    ]
  ]
  logger:[
    print_freq: 100
    save_checkpoint_freq: 2000
  ]
  is_train: True
  dist: False
  rank: 0
  world_size: 1
  root_path: /mnt/zj-gpfs/home/luofeifan/shape_correspondence/LearnableBasisFMaps_main

2025-08-19 12:07:23,244 INFO: Dataset [PairTopKidsDataset]-[Train] is built.
2025-08-19 12:07:23,245 INFO: Dataset [PairTopKidsDataset]-[Test] is built.
2025-08-19 12:07:23,246 INFO: Training statistics:
	Number of train images: 676
	Dataset enlarge ratio: 1
	Batch size: 1
	World size (gpu number): 1
	Require iter number per epoch: 676
	Total epochs: 100; iters: 67600.
2025-08-19 12:07:23,246 INFO: Validation statistics:
	Number of val images: 25
2025-08-19 12:07:23,279 INFO: Network [DiffusionNet] is created.
2025-08-19 12:07:23,279 INFO: Network [Similarity] is created.
2025-08-19 12:07:23,279 INFO: Network [EigenBasis_Fliters] is created.
2025-08-19 12:07:23,698 INFO: Network: DiffusionNet, with parameters: 479,488
2025-08-19 12:07:23,698 INFO: Network: Similarity, with parameters: 0
2025-08-19 12:07:23,698 INFO: Network: EigenBasis_Fliters, with parameters: 200
2025-08-19 12:07:23,698 INFO: Metric [function] is created.
2025-08-19 12:07:23,699 INFO: Metric [function] is created.
2025-08-19 12:07:23,699 INFO: Network permutation has no param to optimize. Ignore it.
2025-08-19 12:07:23,700 INFO: Loss [RfmnetLoss] is created.
2025-08-19 12:07:23,704 INFO: Model [SpatialLearningBasisModel] is created.
2025-08-19 12:07:23,704 INFO: Start training from epoch: 0, iter: 0
2025-08-19 12:12:18,502 INFO: [topki..][epoch:  1, iter:     100, lr:(1.000e-03,1.000e-03,)][eta: 2 days, 5:47:16, time (data): 2.948 (0.288)]rfmnet: 3.1197e+03 l_total: 3.1197e+03 
2025-08-19 12:16:56,635 INFO: [topki..][epoch:  1, iter:     200, lr:(1.000e-03,1.000e-03,)][eta: 2 days, 4:53:38, time (data): 2.865 (0.264)]rfmnet: 2.9741e+03 l_total: 2.9741e+03 
2025-08-19 12:21:34,870 INFO: [topki..][epoch:  1, iter:     300, lr:(1.000e-03,1.000e-03,)][eta: 2 days, 4:32:57, time (data): 2.770 (0.247)]rfmnet: 2.7575e+03 l_total: 2.7575e+03 
2025-08-19 12:26:31,038 INFO: [topki..][epoch:  1, iter:     400, lr:(1.000e-03,1.000e-03,)][eta: 2 days, 5:10:21, time (data): 2.866 (0.243)]rfmnet: 2.2729e+03 l_total: 2.2729e+03 
2025-08-19 12:31:59,649 INFO: [topki..][epoch:  1, iter:     500, lr:(1.000e-03,1.000e-03,)][eta: 2 days, 6:43:16, time (data): 3.303 (0.267)]rfmnet: 2.1812e+03 l_total: 2.1812e+03 
2025-08-19 12:37:16,055 INFO: [topki..][epoch:  1, iter:     600, lr:(1.000e-03,1.000e-03,)][eta: 2 days, 7:20:46, time (data): 3.233 (0.272)]rfmnet: 1.7819e+03 l_total: 1.7819e+03 
2025-08-19 12:42:09,029 INFO: [topki..][epoch:  2, iter:     700, lr:(9.998e-04,9.902e-04,)][eta: 2 days, 7:08:43, time (data): 2.900 (0.290)]rfmnet: 1.6416e+03 l_total: 1.6416e+03 
2025-08-19 12:47:08,706 INFO: [topki..][epoch:  2, iter:     800, lr:(9.998e-04,9.902e-04,)][eta: 2 days, 7:07:54, time (data): 2.949 (0.281)]rfmnet: 1.6081e+03 l_total: 1.6081e+03 
2025-08-19 12:52:04,345 INFO: [topki..][epoch:  2, iter:     900, lr:(9.998e-04,9.902e-04,)][eta: 2 days, 7:01:07, time (data): 2.928 (0.248)]rfmnet: 1.4643e+03 l_total: 1.4643e+03 
2025-08-19 12:56:34,032 INFO: [topki..][epoch:  2, iter:   1,000, lr:(9.998e-04,9.902e-04,)][eta: 2 days, 6:25:56, time (data): 2.810 (0.252)]rfmnet: 1.2102e+03 l_total: 1.2102e+03 
2025-08-19 13:01:06,259 INFO: [topki..][epoch:  2, iter:   1,100, lr:(9.998e-04,9.902e-04,)][eta: 2 days, 5:58:52, time (data): 2.720 (0.249)]rfmnet: 1.0629e+03 l_total: 1.0629e+03 
2025-08-19 13:06:12,646 INFO: [topki..][epoch:  2, iter:   1,200, lr:(9.998e-04,9.902e-04,)][eta: 2 days, 6:07:03, time (data): 2.896 (0.257)]rfmnet: 1.0906e+03 l_total: 1.0906e+03 
2025-08-19 13:10:49,927 INFO: [topki..][epoch:  2, iter:   1,300, lr:(9.998e-04,9.902e-04,)][eta: 2 days, 5:48:27, time (data): 2.782 (0.258)]rfmnet: 9.0639e+02 l_total: 9.0639e+02 
2025-08-19 13:15:39,532 INFO: [topki..][epoch:  3, iter:   1,400, lr:(9.991e-04,9.611e-04,)][eta: 2 days, 5:41:34, time (data): 2.841 (0.277)]rfmnet: 7.9873e+02 l_total: 7.9873e+02 
2025-08-19 13:20:22,278 INFO: [topki..][epoch:  3, iter:   1,500, lr:(9.991e-04,9.611e-04,)][eta: 2 days, 5:29:55, time (data): 2.809 (0.252)]rfmnet: 7.9783e+02 l_total: 7.9783e+02 
2025-08-19 13:24:56,483 INFO: [topki..][epoch:  3, iter:   1,600, lr:(9.991e-04,9.611e-04,)][eta: 2 days, 5:13:15, time (data): 2.774 (0.247)]rfmnet: 7.3031e+02 l_total: 7.3031e+02 
2025-08-19 13:29:32,335 INFO: [topki..][epoch:  3, iter:   1,700, lr:(9.991e-04,9.611e-04,)][eta: 2 days, 4:59:05, time (data): 2.795 (0.263)]rfmnet: 6.0715e+02 l_total: 6.0715e+02 
2025-08-19 13:33:54,314 INFO: [topki..][epoch:  3, iter:   1,800, lr:(9.991e-04,9.611e-04,)][eta: 2 days, 4:37:32, time (data): 2.704 (0.243)]rfmnet: 5.2507e+02 l_total: 5.2507e+02 
2025-08-19 13:38:33,232 INFO: [topki..][epoch:  3, iter:   1,900, lr:(9.991e-04,9.611e-04,)][eta: 2 days, 4:27:33, time (data): 2.853 (0.261)]rfmnet: 4.9152e+02 l_total: 4.9152e+02 
2025-08-19 13:42:52,661 INFO: [topki..][epoch:  3, iter:   2,000, lr:(9.991e-04,9.611e-04,)][eta: 2 days, 4:07:27, time (data): 2.718 (0.255)]rfmnet: 4.5427e+02 l_total: 4.5427e+02 
2025-08-19 13:42:52,662 INFO: Saving models and training states.
2025-08-19 13:42:52,728 INFO: Start validation.
2025-08-19 13:45:26,471 INFO: Avg time: 2.5983
2025-08-19 13:45:26,769 INFO: Val auc: 0.5728
2025-08-19 13:45:26,775 INFO: Val avg error: 0.1225
2025-08-19 13:45:26,782 INFO: Best model is updated, average geodesic error: 0.1225
2025-08-19 13:50:09,334 INFO: [topki..][epoch:  4, iter:   2,100, lr:(9.980e-04,9.141e-04,)][eta: 2 days, 5:20:56, time (data): 2.840 (0.283)]rfmnet: 3.7964e+02 l_total: 3.7964e+02 
2025-08-19 13:54:58,423 INFO: [topki..][epoch:  4, iter:   2,200, lr:(9.980e-04,9.141e-04,)][eta: 2 days, 5:14:00, time (data): 2.867 (0.268)]rfmnet: 3.9643e+02 l_total: 3.9643e+02 
2025-08-19 13:59:25,119 INFO: [topki..][epoch:  4, iter:   2,300, lr:(9.980e-04,9.141e-04,)][eta: 2 days, 4:56:40, time (data): 2.609 (0.218)]rfmnet: 3.2946e+02 l_total: 3.2946e+02 
2025-08-19 14:04:17,453 INFO: [topki..][epoch:  4, iter:   2,400, lr:(9.980e-04,9.141e-04,)][eta: 2 days, 4:52:00, time (data): 2.775 (0.239)]rfmnet: 3.2442e+02 l_total: 3.2442e+02 
2025-08-19 14:09:35,968 INFO: [topki..][epoch:  4, iter:   2,500, lr:(9.980e-04,9.141e-04,)][eta: 2 days, 4:58:41, time (data): 3.181 (0.291)]rfmnet: 2.9764e+02 l_total: 2.9764e+02 
2025-08-19 14:14:40,243 INFO: [topki..][epoch:  4, iter:   2,600, lr:(9.980e-04,9.141e-04,)][eta: 2 days, 4:58:30, time (data): 3.107 (0.288)]rfmnet: 2.9661e+02 l_total: 2.9661e+02 
2025-08-19 14:19:00,628 INFO: [topki..][epoch:  4, iter:   2,700, lr:(9.980e-04,9.141e-04,)][eta: 2 days, 4:40:23, time (data): 2.625 (0.254)]rfmnet: 2.2704e+02 l_total: 2.2704e+02 
2025-08-19 14:23:56,734 INFO: [topki..][epoch:  5, iter:   2,800, lr:(9.965e-04,8.511e-04,)][eta: 2 days, 4:37:02, time (data): 2.805 (0.267)]rfmnet: 2.1963e+02 l_total: 2.1963e+02 
2025-08-19 14:29:01,547 INFO: [topki..][epoch:  5, iter:   2,900, lr:(9.965e-04,8.511e-04,)][eta: 2 days, 4:36:48, time (data): 3.070 (0.247)]rfmnet: 2.1185e+02 l_total: 2.1185e+02 
2025-08-19 14:33:41,878 INFO: [topki..][epoch:  5, iter:   3,000, lr:(9.965e-04,8.511e-04,)][eta: 2 days, 4:27:28, time (data): 2.926 (0.243)]rfmnet: 1.8134e+02 l_total: 1.8134e+02 
2025-08-19 14:39:08,061 INFO: [topki..][epoch:  5, iter:   3,100, lr:(9.965e-04,8.511e-04,)][eta: 2 days, 4:34:20, time (data): 3.321 (0.271)]rfmnet: 1.8983e+02 l_total: 1.8983e+02 
2025-08-19 14:44:03,648 INFO: [topki..][epoch:  5, iter:   3,200, lr:(9.965e-04,8.511e-04,)][eta: 2 days, 4:30:10, time (data): 3.124 (0.273)]rfmnet: 1.4471e+02 l_total: 1.4471e+02 
2025-08-19 14:49:20,673 INFO: [topki..][epoch:  5, iter:   3,300, lr:(9.965e-04,8.511e-04,)][eta: 2 days, 4:32:54, time (data): 3.248 (0.293)]rfmnet: 1.3376e+02 l_total: 1.3376e+02 
2025-08-19 14:53:54,003 INFO: [topki..][epoch:  6, iter:   3,400, lr:(9.945e-04,7.750e-04,)][eta: 2 days, 4:21:26, time (data): 2.968 (0.286)]rfmnet: 1.2290e+02 l_total: 1.2290e+02 
2025-08-19 14:59:20,669 INFO: [topki..][epoch:  6, iter:   3,500, lr:(9.945e-04,7.750e-04,)][eta: 2 days, 4:26:38, time (data): 3.257 (0.270)]rfmnet: 1.3456e+02 l_total: 1.3456e+02 
2025-08-19 15:04:02,196 INFO: [topki..][epoch:  6, iter:   3,600, lr:(9.945e-04,7.750e-04,)][eta: 2 days, 4:17:52, time (data): 3.015 (0.256)]rfmnet: 1.0419e+02 l_total: 1.0419e+02 
2025-08-19 15:08:52,484 INFO: [topki..][epoch:  6, iter:   3,700, lr:(9.945e-04,7.750e-04,)][eta: 2 days, 4:11:51, time (data): 2.795 (0.247)]rfmnet: 9.6950e+01 l_total: 9.6950e+01 
2025-08-19 15:13:49,939 INFO: [topki..][epoch:  6, iter:   3,800, lr:(9.945e-04,7.750e-04,)][eta: 2 days, 4:07:53, time (data): 2.894 (0.250)]rfmnet: 9.4931e+01 l_total: 9.4931e+01 
2025-08-19 15:19:15,753 INFO: [topki..][epoch:  6, iter:   3,900, lr:(9.945e-04,7.750e-04,)][eta: 2 days, 4:11:36, time (data): 3.202 (0.267)]rfmnet: 8.5409e+01 l_total: 8.5409e+01 
2025-08-19 15:24:13,350 INFO: [topki..][epoch:  6, iter:   4,000, lr:(9.945e-04,7.750e-04,)][eta: 2 days, 4:07:23, time (data): 3.077 (0.272)]rfmnet: 8.1220e+01 l_total: 8.1220e+01 
2025-08-19 15:24:13,351 INFO: Saving models and training states.
2025-08-19 15:24:13,377 INFO: Start validation.
2025-08-19 15:26:51,970 INFO: Avg time: 2.3345
2025-08-19 15:26:52,122 INFO: Val auc: 0.6748
2025-08-19 15:26:52,123 INFO: Val avg error: 0.0701
2025-08-19 15:26:52,126 INFO: Best model is updated, average geodesic error: 0.0701
2025-08-19 15:31:29,889 INFO: [topki..][epoch:  7, iter:   4,100, lr:(9.920e-04,6.891e-04,)][eta: 2 days, 4:38:59, time (data): 2.693 (0.287)]rfmnet: 8.1531e+01 l_total: 8.1531e+01 
2025-08-19 15:36:41,046 INFO: [topki..][epoch:  7, iter:   4,200, lr:(9.920e-04,6.891e-04,)][eta: 2 days, 4:37:11, time (data): 2.926 (0.293)]rfmnet: 8.0977e+01 l_total: 8.0977e+01 
2025-08-19 15:41:38,755 INFO: [topki..][epoch:  7, iter:   4,300, lr:(9.920e-04,6.891e-04,)][eta: 2 days, 4:31:56, time (data): 2.984 (0.278)]rfmnet: 6.4726e+01 l_total: 6.4726e+01 
2025-08-19 15:47:18,237 INFO: [topki..][epoch:  7, iter:   4,400, lr:(9.920e-04,6.891e-04,)][eta: 2 days, 4:36:42, time (data): 3.214 (0.282)]rfmnet: 5.9589e+01 l_total: 5.9589e+01 
2025-08-19 15:52:45,465 INFO: [topki..][epoch:  7, iter:   4,500, lr:(9.920e-04,6.891e-04,)][eta: 2 days, 4:38:09, time (data): 3.242 (0.295)]rfmnet: 5.8232e+01 l_total: 5.8232e+01 
2025-08-19 15:57:24,786 INFO: [topki..][epoch:  7, iter:   4,600, lr:(9.920e-04,6.891e-04,)][eta: 2 days, 4:28:21, time (data): 2.990 (0.277)]rfmnet: 5.9623e+01 l_total: 5.9623e+01 
2025-08-19 16:02:52,074 INFO: [topki..][epoch:  7, iter:   4,700, lr:(9.920e-04,6.891e-04,)][eta: 2 days, 4:29:28, time (data): 3.296 (0.300)]rfmnet: 5.0174e+01 l_total: 5.0174e+01 
2025-08-19 16:07:46,459 INFO: [topki..][epoch:  8, iter:   4,800, lr:(9.892e-04,5.970e-04,)][eta: 2 days, 4:23:09, time (data): 3.097 (0.290)]rfmnet: 4.9839e+01 l_total: 4.9839e+01 
2025-08-19 16:13:00,090 INFO: [topki..][epoch:  8, iter:   4,900, lr:(9.892e-04,5.970e-04,)][eta: 2 days, 4:20:59, time (data): 2.974 (0.289)]rfmnet: 4.4646e+01 l_total: 4.4646e+01 
2025-08-19 16:18:05,147 INFO: [topki..][epoch:  8, iter:   5,000, lr:(9.892e-04,5.970e-04,)][eta: 2 days, 4:16:54, time (data): 3.017 (0.274)]rfmnet: 4.3949e+01 l_total: 4.3949e+01 
2025-08-19 16:23:27,597 INFO: [topki..][epoch:  8, iter:   5,100, lr:(9.892e-04,5.970e-04,)][eta: 2 days, 4:16:21, time (data): 3.112 (0.268)]rfmnet: 3.6946e+01 l_total: 3.6946e+01 
2025-08-19 16:29:00,072 INFO: [topki..][epoch:  8, iter:   5,200, lr:(9.892e-04,5.970e-04,)][eta: 2 days, 4:17:36, time (data): 3.233 (0.264)]rfmnet: 3.7932e+01 l_total: 3.7932e+01 
2025-08-19 16:33:58,166 INFO: [topki..][epoch:  8, iter:   5,300, lr:(9.892e-04,5.970e-04,)][eta: 2 days, 4:11:52, time (data): 2.880 (0.263)]rfmnet: 3.6367e+01 l_total: 3.6367e+01 
2025-08-19 16:39:40,043 INFO: [topki..][epoch:  8, iter:   5,400, lr:(9.892e-04,5.970e-04,)][eta: 2 days, 4:14:34, time (data): 3.189 (0.262)]rfmnet: 3.4732e+01 l_total: 3.4732e+01 
2025-08-19 16:44:37,700 INFO: [topki..][epoch:  9, iter:   5,500, lr:(9.859e-04,5.030e-04,)][eta: 2 days, 4:08:38, time (data): 2.917 (0.226)]rfmnet: 3.2720e+01 l_total: 3.2720e+01 
2025-08-19 16:50:14,479 INFO: [topki..][epoch:  9, iter:   5,600, lr:(9.859e-04,5.030e-04,)][eta: 2 days, 4:09:58, time (data): 3.177 (0.243)]rfmnet: 3.3671e+01 l_total: 3.3671e+01 
2025-08-19 16:54:55,640 INFO: [topki..][epoch:  9, iter:   5,700, lr:(9.859e-04,5.030e-04,)][eta: 2 days, 4:00:59, time (data): 2.947 (0.247)]rfmnet: 3.4199e+01 l_total: 3.4199e+01 
2025-08-19 16:59:53,928 INFO: [topki..][epoch:  9, iter:   5,800, lr:(9.859e-04,5.030e-04,)][eta: 2 days, 3:55:11, time (data): 2.968 (0.250)]rfmnet: 2.8746e+01 l_total: 2.8746e+01 
2025-08-19 17:05:05,872 INFO: [topki..][epoch:  9, iter:   5,900, lr:(9.859e-04,5.030e-04,)][eta: 2 days, 3:51:48, time (data): 3.154 (0.280)]rfmnet: 2.7084e+01 l_total: 2.7084e+01 
2025-08-19 17:10:28,795 INFO: [topki..][epoch:  9, iter:   6,000, lr:(9.859e-04,5.030e-04,)][eta: 2 days, 3:50:14, time (data): 3.198 (0.268)]rfmnet: 2.6255e+01 l_total: 2.6255e+01 
2025-08-19 17:10:28,796 INFO: Saving models and training states.
2025-08-19 17:10:28,823 INFO: Start validation.
2025-08-19 17:13:07,254 INFO: Avg time: 2.7474
2025-08-19 17:13:07,537 INFO: Val auc: 0.6973
2025-08-19 17:13:07,545 INFO: Val avg error: 0.0620
2025-08-19 17:13:07,552 INFO: Best model is updated, average geodesic error: 0.0620
2025-08-19 17:18:32,428 INFO: [topki..][epoch: 10, iter:   6,100, lr:(9.821e-04,4.109e-04,)][eta: 2 days, 4:15:32, time (data): 3.085 (0.305)]rfmnet: 2.4192e+01 l_total: 2.4192e+01 
2025-08-19 17:23:42,541 INFO: [topki..][epoch: 10, iter:   6,200, lr:(9.821e-04,4.109e-04,)][eta: 2 days, 4:11:08, time (data): 3.094 (0.275)]rfmnet: 2.6320e+01 l_total: 2.6320e+01 
2025-08-19 17:29:29,847 INFO: [topki..][epoch: 10, iter:   6,300, lr:(9.821e-04,4.109e-04,)][eta: 2 days, 4:12:44, time (data): 3.376 (0.304)]rfmnet: 2.2402e+01 l_total: 2.2402e+01 
2025-08-19 17:34:59,752 INFO: [topki..][epoch: 10, iter:   6,400, lr:(9.821e-04,4.109e-04,)][eta: 2 days, 4:11:20, time (data): 3.331 (0.285)]rfmnet: 2.4018e+01 l_total: 2.4018e+01 
2025-08-19 17:39:26,340 INFO: [topki..][epoch: 10, iter:   6,500, lr:(9.821e-04,4.109e-04,)][eta: 2 days, 3:59:53, time (data): 2.613 (0.243)]rfmnet: 2.2952e+01 l_total: 2.2952e+01 
2025-08-19 17:44:41,463 INFO: [topki..][epoch: 10, iter:   6,600, lr:(9.821e-04,4.109e-04,)][eta: 2 days, 3:56:07, time (data): 2.933 (0.258)]rfmnet: 1.9784e+01 l_total: 1.9784e+01 
2025-08-19 17:50:02,677 INFO: [topki..][epoch: 10, iter:   6,700, lr:(9.821e-04,4.109e-04,)][eta: 2 days, 3:53:14, time (data): 3.383 (0.263)]rfmnet: 1.7897e+01 l_total: 1.7897e+01 
2025-08-19 17:55:09,165 INFO: [topki..][epoch: 11, iter:   6,800, lr:(9.780e-04,3.250e-04,)][eta: 2 days, 3:48:06, time (data): 3.192 (0.273)]rfmnet: 1.8752e+01 l_total: 1.8752e+01 
2025-08-19 18:00:26,473 INFO: [topki..][epoch: 11, iter:   6,900, lr:(9.780e-04,3.250e-04,)][eta: 2 days, 3:44:32, time (data): 3.303 (0.269)]rfmnet: 2.0480e+01 l_total: 2.0480e+01 
2025-08-19 18:05:23,956 INFO: [topki..][epoch: 11, iter:   7,000, lr:(9.780e-04,3.250e-04,)][eta: 2 days, 3:38:04, time (data): 3.105 (0.255)]rfmnet: 1.7818e+01 l_total: 1.7818e+01 
2025-08-19 18:10:27,331 INFO: [topki..][epoch: 11, iter:   7,100, lr:(9.780e-04,3.250e-04,)][eta: 2 days, 3:32:28, time (data): 3.378 (0.264)]rfmnet: 1.7039e+01 l_total: 1.7039e+01 
2025-08-19 18:15:21,242 INFO: [topki..][epoch: 11, iter:   7,200, lr:(9.780e-04,3.250e-04,)][eta: 2 days, 3:25:34, time (data): 3.112 (0.259)]rfmnet: 1.5514e+01 l_total: 1.5514e+01 
2025-08-19 18:21:04,591 INFO: [topki..][epoch: 11, iter:   7,300, lr:(9.780e-04,3.250e-04,)][eta: 2 days, 3:25:32, time (data): 3.602 (0.279)]rfmnet: 1.5742e+01 l_total: 1.5742e+01 
2025-08-19 18:25:20,031 INFO: [topki..][epoch: 11, iter:   7,400, lr:(9.780e-04,3.250e-04,)][eta: 2 days, 3:13:25, time (data): 2.963 (0.259)]rfmnet: 1.5664e+01 l_total: 1.5664e+01 
2025-08-19 18:30:49,916 INFO: [topki..][epoch: 12, iter:   7,500, lr:(9.734e-04,2.489e-04,)][eta: 2 days, 3:11:28, time (data): 3.060 (0.254)]rfmnet: 1.4917e+01 l_total: 1.4917e+01 
2025-08-19 18:35:37,840 INFO: [topki..][epoch: 12, iter:   7,600, lr:(9.734e-04,2.489e-04,)][eta: 2 days, 3:03:53, time (data): 2.949 (0.256)]rfmnet: 1.5260e+01 l_total: 1.5260e+01 
2025-08-19 18:41:01,476 INFO: [topki..][epoch: 12, iter:   7,700, lr:(9.734e-04,2.489e-04,)][eta: 2 days, 3:01:01, time (data): 3.059 (0.255)]rfmnet: 1.4716e+01 l_total: 1.4716e+01 
2025-08-19 18:45:34,938 INFO: [topki..][epoch: 12, iter:   7,800, lr:(9.734e-04,2.489e-04,)][eta: 2 days, 2:51:40, time (data): 2.859 (0.251)]rfmnet: 1.4673e+01 l_total: 1.4673e+01 
2025-08-19 18:50:48,944 INFO: [topki..][epoch: 12, iter:   7,900, lr:(9.734e-04,2.489e-04,)][eta: 2 days, 2:47:33, time (data): 2.949 (0.289)]rfmnet: 1.3313e+01 l_total: 1.3313e+01 
2025-08-19 18:56:00,943 INFO: [topki..][epoch: 12, iter:   8,000, lr:(9.734e-04,2.489e-04,)][eta: 2 days, 2:43:09, time (data): 3.055 (0.270)]rfmnet: 1.4423e+01 l_total: 1.4423e+01 
2025-08-19 18:56:00,944 INFO: Saving models and training states.
2025-08-19 18:56:00,963 INFO: Start validation.
2025-08-19 18:58:41,761 INFO: Avg time: 2.2200
2025-08-19 18:58:42,033 INFO: Val auc: 0.6979
2025-08-19 18:58:42,039 INFO: Val avg error: 0.0615
2025-08-19 18:58:42,045 INFO: Best model is updated, average geodesic error: 0.0615
2025-08-19 19:03:23,154 INFO: [topki..][epoch: 12, iter:   8,100, lr:(9.734e-04,2.489e-04,)][eta: 2 days, 2:54:41, time (data): 2.765 (0.229)]rfmnet: 1.2181e+01 l_total: 1.2181e+01 
2025-08-19 19:09:03,078 INFO: [topki..][epoch: 13, iter:   8,200, lr:(9.684e-04,1.859e-04,)][eta: 2 days, 2:53:24, time (data): 3.161 (0.290)]rfmnet: 1.4126e+01 l_total: 1.4126e+01 
2025-08-19 19:14:26,666 INFO: [topki..][epoch: 13, iter:   8,300, lr:(9.684e-04,1.859e-04,)][eta: 2 days, 2:50:04, time (data): 3.149 (0.299)]rfmnet: 1.2553e+01 l_total: 1.2553e+01 
2025-08-19 19:18:45,091 INFO: [topki..][epoch: 13, iter:   8,400, lr:(9.684e-04,1.859e-04,)][eta: 2 days, 2:39:01, time (data): 2.794 (0.249)]rfmnet: 1.3333e+01 l_total: 1.3333e+01 
2025-08-19 19:24:17,444 INFO: [topki..][epoch: 13, iter:   8,500, lr:(9.684e-04,1.859e-04,)][eta: 2 days, 2:36:42, time (data): 3.207 (0.285)]rfmnet: 1.2222e+01 l_total: 1.2222e+01 
2025-08-19 19:29:02,175 INFO: [topki..][epoch: 13, iter:   8,600, lr:(9.684e-04,1.859e-04,)][eta: 2 days, 2:28:52, time (data): 2.979 (0.268)]rfmnet: 1.3659e+01 l_total: 1.3659e+01 
2025-08-19 19:34:21,542 INFO: [topki..][epoch: 13, iter:   8,700, lr:(9.684e-04,1.859e-04,)][eta: 2 days, 2:25:01, time (data): 2.905 (0.267)]rfmnet: 1.1565e+01 l_total: 1.1565e+01 
2025-08-19 19:38:58,167 INFO: [topki..][epoch: 14, iter:   8,800, lr:(9.630e-04,1.389e-04,)][eta: 2 days, 2:16:22, time (data): 2.817 (0.276)]rfmnet: 1.2036e+01 l_total: 1.2036e+01 
2025-08-19 19:44:01,739 INFO: [topki..][epoch: 14, iter:   8,900, lr:(9.630e-04,1.389e-04,)][eta: 2 days, 2:10:47, time (data): 2.925 (0.263)]rfmnet: 1.2637e+01 l_total: 1.2637e+01 
2025-08-19 19:49:05,239 INFO: [topki..][epoch: 14, iter:   9,000, lr:(9.630e-04,1.389e-04,)][eta: 2 days, 2:05:11, time (data): 2.996 (0.268)]rfmnet: 1.0829e+01 l_total: 1.0829e+01 
2025-08-19 19:54:09,389 INFO: [topki..][epoch: 14, iter:   9,100, lr:(9.630e-04,1.389e-04,)][eta: 2 days, 1:59:41, time (data): 2.872 (0.263)]rfmnet: 1.1042e+01 l_total: 1.1042e+01 
2025-08-19 19:59:27,308 INFO: [topki..][epoch: 14, iter:   9,200, lr:(9.630e-04,1.389e-04,)][eta: 2 days, 1:55:38, time (data): 3.070 (0.278)]rfmnet: 9.1034e+00 l_total: 9.1034e+00 
2025-08-19 20:04:35,450 INFO: [topki..][epoch: 14, iter:   9,300, lr:(9.630e-04,1.389e-04,)][eta: 2 days, 1:50:33, time (data): 2.940 (0.246)]rfmnet: 1.1333e+01 l_total: 1.1333e+01 
2025-08-19 20:10:02,851 INFO: [topki..][epoch: 14, iter:   9,400, lr:(9.630e-04,1.389e-04,)][eta: 2 days, 1:47:26, time (data): 3.157 (0.268)]rfmnet: 1.4056e+01 l_total: 1.4056e+01 
2025-08-19 20:14:48,137 INFO: [topki..][epoch: 15, iter:   9,500, lr:(9.572e-04,1.098e-04,)][eta: 2 days, 1:39:59, time (data): 2.722 (0.293)]rfmnet: 1.1156e+01 l_total: 1.1156e+01 
2025-08-19 20:20:23,154 INFO: [topki..][epoch: 15, iter:   9,600, lr:(9.572e-04,1.098e-04,)][eta: 2 days, 1:37:36, time (data): 3.133 (0.279)]rfmnet: 1.0241e+01 l_total: 1.0241e+01 
2025-08-19 20:24:54,272 INFO: [topki..][epoch: 15, iter:   9,700, lr:(9.572e-04,1.098e-04,)][eta: 2 days, 1:28:48, time (data): 2.743 (0.258)]rfmnet: 1.2084e+01 l_total: 1.2084e+01 
2025-08-19 20:30:24,934 INFO: [topki..][epoch: 15, iter:   9,800, lr:(9.572e-04,1.098e-04,)][eta: 2 days, 1:25:56, time (data): 3.114 (0.267)]rfmnet: 1.3332e+01 l_total: 1.3332e+01 
2025-08-19 20:35:39,339 INFO: [topki..][epoch: 15, iter:   9,900, lr:(9.572e-04,1.098e-04,)][eta: 2 days, 1:21:26, time (data): 3.292 (0.263)]rfmnet: 9.9899e+00 l_total: 9.9899e+00 
2025-08-19 20:40:42,929 INFO: [topki..][epoch: 15, iter:  10,000, lr:(9.572e-04,1.098e-04,)][eta: 2 days, 1:15:53, time (data): 3.122 (0.260)]rfmnet: 9.4730e+00 l_total: 9.4730e+00 
2025-08-19 20:40:42,929 INFO: Saving models and training states.
2025-08-19 20:40:42,953 INFO: Start validation.
2025-08-19 20:43:26,847 INFO: Avg time: 2.5066
2025-08-19 20:43:27,066 INFO: Val auc: 0.7104
2025-08-19 20:43:27,070 INFO: Val avg error: 0.0594
2025-08-19 20:43:27,074 INFO: Best model is updated, average geodesic error: 0.0594
2025-08-19 20:49:15,049 INFO: [topki..][epoch: 15, iter:  10,100, lr:(9.572e-04,1.098e-04,)][eta: 2 days, 1:30:08, time (data): 3.409 (0.304)]rfmnet: 1.0012e+01 l_total: 1.0012e+01 
2025-08-19 20:54:50,262 INFO: [topki..][epoch: 16, iter:  10,200, lr:(9.510e-04,1.000e-04,)][eta: 2 days, 1:27:20, time (data): 3.371 (0.312)]rfmnet: 1.0488e+01 l_total: 1.0488e+01 
2025-08-19 20:59:43,752 INFO: [topki..][epoch: 16, iter:  10,300, lr:(9.510e-04,1.000e-04,)][eta: 2 days, 1:20:37, time (data): 2.878 (0.239)]rfmnet: 9.6103e+00 l_total: 9.6103e+00 
2025-08-19 21:05:20,602 INFO: [topki..][epoch: 16, iter:  10,400, lr:(9.510e-04,1.000e-04,)][eta: 2 days, 1:17:54, time (data): 3.207 (0.257)]rfmnet: 8.6818e+00 l_total: 8.6818e+00 
2025-08-19 21:10:14,936 INFO: [topki..][epoch: 16, iter:  10,500, lr:(9.510e-04,1.000e-04,)][eta: 2 days, 1:11:18, time (data): 3.179 (0.282)]rfmnet: 1.1840e+01 l_total: 1.1840e+01 
2025-08-19 21:15:25,394 INFO: [topki..][epoch: 16, iter:  10,600, lr:(9.510e-04,1.000e-04,)][eta: 2 days, 1:06:09, time (data): 3.129 (0.256)]rfmnet: 9.0861e+00 l_total: 9.0861e+00 
2025-08-19 21:20:54,641 INFO: [topki..][epoch: 16, iter:  10,700, lr:(9.510e-04,1.000e-04,)][eta: 2 days, 1:02:41, time (data): 3.597 (0.307)]rfmnet: 1.1147e+01 l_total: 1.1147e+01 
2025-08-19 21:25:31,820 INFO: [topki..][epoch: 16, iter:  10,800, lr:(9.510e-04,1.000e-04,)][eta: 2 days, 0:54:36, time (data): 3.036 (0.276)]rfmnet: 8.4591e+00 l_total: 8.4591e+00 
2025-08-19 21:31:19,046 INFO: [topki..][epoch: 17, iter:  10,900, lr:(9.443e-04,1.098e-04,)][eta: 2 days, 0:52:40, time (data): 3.467 (0.261)]rfmnet: 8.5855e+00 l_total: 8.5855e+00 
2025-08-19 21:36:00,767 INFO: [topki..][epoch: 17, iter:  11,000, lr:(9.443e-04,1.098e-04,)][eta: 2 days, 0:45:02, time (data): 3.022 (0.257)]rfmnet: 9.2687e+00 l_total: 9.2687e+00 
2025-08-19 21:41:32,210 INFO: [topki..][epoch: 17, iter:  11,100, lr:(9.443e-04,1.098e-04,)][eta: 2 days, 0:41:41, time (data): 2.946 (0.258)]rfmnet: 9.5928e+00 l_total: 9.5928e+00 
2025-08-19 21:46:28,270 INFO: [topki..][epoch: 17, iter:  11,200, lr:(9.443e-04,1.098e-04,)][eta: 2 days, 0:35:19, time (data): 2.956 (0.247)]rfmnet: 8.8263e+00 l_total: 8.8263e+00 
2025-08-19 21:51:42,653 INFO: [topki..][epoch: 17, iter:  11,300, lr:(9.443e-04,1.098e-04,)][eta: 2 days, 0:30:30, time (data): 2.897 (0.244)]rfmnet: 9.0248e+00 l_total: 9.0248e+00 
2025-08-19 21:57:05,153 INFO: [topki..][epoch: 17, iter:  11,400, lr:(9.443e-04,1.098e-04,)][eta: 2 days, 0:26:21, time (data): 3.125 (0.256)]rfmnet: 8.7704e+00 l_total: 8.7704e+00 
2025-08-19 22:01:51,150 INFO: [topki..][epoch: 18, iter:  11,500, lr:(9.373e-04,1.389e-04,)][eta: 2 days, 0:19:12, time (data): 2.460 (0.324)]rfmnet: 7.7586e+00 l_total: 7.7586e+00 
2025-08-19 22:07:08,640 INFO: [topki..][epoch: 18, iter:  11,600, lr:(9.373e-04,1.389e-04,)][eta: 2 days, 0:14:37, time (data): 2.960 (0.311)]rfmnet: 8.7518e+00 l_total: 8.7518e+00 
2025-08-19 22:12:03,214 INFO: [topki..][epoch: 18, iter:  11,700, lr:(9.373e-04,1.389e-04,)][eta: 2 days, 0:08:13, time (data): 2.851 (0.242)]rfmnet: 9.1778e+00 l_total: 9.1778e+00 
2025-08-19 22:17:23,629 INFO: [topki..][epoch: 18, iter:  11,800, lr:(9.373e-04,1.389e-04,)][eta: 2 days, 0:03:52, time (data): 3.100 (0.283)]rfmnet: 7.8186e+00 l_total: 7.8186e+00 
2025-08-19 22:22:01,102 INFO: [topki..][epoch: 18, iter:  11,900, lr:(9.373e-04,1.389e-04,)][eta: 1 day, 23:56:09, time (data): 2.939 (0.248)]rfmnet: 8.8998e+00 l_total: 8.8998e+00 
2025-08-19 22:28:10,168 INFO: [topki..][epoch: 18, iter:  12,000, lr:(9.373e-04,1.389e-04,)][eta: 1 day, 23:55:34, time (data): 3.472 (0.276)]rfmnet: 7.9230e+00 l_total: 7.9230e+00 
2025-08-19 22:28:10,169 INFO: Saving models and training states.
2025-08-19 22:28:10,252 INFO: Start validation.
2025-08-19 22:30:55,766 INFO: Avg time: 2.6343
2025-08-19 22:30:56,044 INFO: Val auc: 0.7105
2025-08-19 22:30:56,044 INFO: Val avg error: 0.0590
2025-08-19 22:30:56,051 INFO: Best model is updated, average geodesic error: 0.0590
2025-08-19 22:36:13,760 INFO: [topki..][epoch: 18, iter:  12,100, lr:(9.373e-04,1.389e-04,)][eta: 2 days, 0:03:38, time (data): 3.000 (0.234)]rfmnet: 8.5183e+00 l_total: 8.5183e+00 
2025-08-19 22:41:21,068 INFO: [topki..][epoch: 19, iter:  12,200, lr:(9.299e-04,1.859e-04,)][eta: 1 day, 23:58:06, time (data): 3.052 (0.298)]rfmnet: 8.6407e+00 l_total: 8.6407e+00 
2025-08-19 22:46:34,483 INFO: [topki..][epoch: 19, iter:  12,300, lr:(9.299e-04,1.859e-04,)][eta: 1 day, 23:53:02, time (data): 2.810 (0.197)]rfmnet: 7.6275e+00 l_total: 7.6275e+00 
2025-08-19 22:52:00,387 INFO: [topki..][epoch: 19, iter:  12,400, lr:(9.299e-04,1.859e-04,)][eta: 1 day, 23:48:54, time (data): 3.133 (0.251)]rfmnet: 7.4528e+00 l_total: 7.4528e+00 
2025-08-19 22:56:20,545 INFO: [topki..][epoch: 19, iter:  12,500, lr:(9.299e-04,1.859e-04,)][eta: 1 day, 23:39:54, time (data): 2.458 (0.248)]rfmnet: 7.6307e+00 l_total: 7.6307e+00 
2025-08-19 23:01:40,652 INFO: [topki..][epoch: 19, iter:  12,600, lr:(9.299e-04,1.859e-04,)][eta: 1 day, 23:35:20, time (data): 2.996 (0.270)]rfmnet: 8.1984e+00 l_total: 8.1984e+00 
2025-08-19 23:06:14,208 INFO: [topki..][epoch: 19, iter:  12,700, lr:(9.299e-04,1.859e-04,)][eta: 1 day, 23:27:25, time (data): 2.683 (0.244)]rfmnet: 5.0123e+00 l_total: 5.0123e+00 
2025-08-19 23:11:37,831 INFO: [topki..][epoch: 19, iter:  12,800, lr:(9.299e-04,1.859e-04,)][eta: 1 day, 23:23:07, time (data): 3.087 (0.276)]rfmnet: 7.1906e+00 l_total: 7.1906e+00 
2025-08-19 23:15:56,177 INFO: [topki..][epoch: 20, iter:  12,900, lr:(9.222e-04,2.489e-04,)][eta: 1 day, 23:14:11, time (data): 2.651 (0.223)]rfmnet: 6.6928e+00 l_total: 6.6928e+00 
2025-08-19 23:21:14,585 INFO: [topki..][epoch: 20, iter:  13,000, lr:(9.222e-04,2.489e-04,)][eta: 1 day, 23:09:32, time (data): 3.043 (0.265)]rfmnet: 7.9450e+00 l_total: 7.9450e+00 
2025-08-19 23:26:15,469 INFO: [topki..][epoch: 20, iter:  13,100, lr:(9.222e-04,2.489e-04,)][eta: 1 day, 23:03:39, time (data): 3.337 (0.268)]rfmnet: 6.3662e+00 l_total: 6.3662e+00 
2025-08-19 23:31:15,093 INFO: [topki..][epoch: 20, iter:  13,200, lr:(9.222e-04,2.489e-04,)][eta: 1 day, 22:57:42, time (data): 3.085 (0.272)]rfmnet: 6.8595e+00 l_total: 6.8595e+00 
2025-08-19 23:36:04,708 INFO: [topki..][epoch: 20, iter:  13,300, lr:(9.222e-04,2.489e-04,)][eta: 1 day, 22:51:05, time (data): 3.301 (0.309)]rfmnet: 6.4777e+00 l_total: 6.4777e+00 
2025-08-19 23:40:54,172 INFO: [topki..][epoch: 20, iter:  13,400, lr:(9.222e-04,2.489e-04,)][eta: 1 day, 22:44:28, time (data): 2.998 (0.270)]rfmnet: 5.9526e+00 l_total: 5.9526e+00 
2025-08-19 23:45:47,308 INFO: [topki..][epoch: 20, iter:  13,500, lr:(9.222e-04,2.489e-04,)][eta: 1 day, 22:38:09, time (data): 2.863 (0.303)]rfmnet: 6.5186e+00 l_total: 6.5186e+00 
2025-08-19 23:50:04,841 INFO: [topki..][epoch: 21, iter:  13,600, lr:(9.141e-04,3.250e-04,)][eta: 1 day, 22:29:29, time (data): 2.646 (0.278)]rfmnet: 5.8753e+00 l_total: 5.8753e+00 
2025-08-19 23:55:10,955 INFO: [topki..][epoch: 21, iter:  13,700, lr:(9.141e-04,3.250e-04,)][eta: 1 day, 22:24:04, time (data): 3.160 (0.269)]rfmnet: 5.9289e+00 l_total: 5.9289e+00 
2025-08-20 00:00:24,237 INFO: [topki..][epoch: 21, iter:  13,800, lr:(9.141e-04,3.250e-04,)][eta: 1 day, 22:19:07, time (data): 3.139 (0.273)]rfmnet: 5.7805e+00 l_total: 5.7805e+00 
2025-08-20 00:06:14,536 INFO: [topki..][epoch: 21, iter:  13,900, lr:(9.141e-04,3.250e-04,)][eta: 1 day, 22:16:33, time (data): 3.655 (0.305)]rfmnet: 7.9045e+00 l_total: 7.9045e+00 
2025-08-20 00:12:01,583 INFO: [topki..][epoch: 21, iter:  14,000, lr:(9.141e-04,3.250e-04,)][eta: 1 day, 22:13:43, time (data): 3.514 (0.305)]rfmnet: 5.2985e+00 l_total: 5.2985e+00 
2025-08-20 00:12:01,583 INFO: Saving models and training states.
2025-08-20 00:12:01,646 INFO: Start validation.
2025-08-20 00:14:32,533 INFO: Avg time: 2.1915
2025-08-20 00:14:32,847 INFO: Val auc: 0.7056
2025-08-20 00:14:32,851 INFO: Val avg error: 0.0600
2025-08-20 00:19:47,577 INFO: [topki..][epoch: 21, iter:  14,100, lr:(9.141e-04,3.250e-04,)][eta: 1 day, 22:18:23, time (data): 3.634 (0.308)]rfmnet: 4.3328e+00 l_total: 4.3328e+00 
2025-08-20 00:24:54,671 INFO: [topki..][epoch: 22, iter:  14,200, lr:(9.056e-04,4.109e-04,)][eta: 1 day, 22:12:54, time (data): 3.200 (0.291)]rfmnet: 6.8055e+00 l_total: 6.8055e+00 
2025-08-20 00:30:13,151 INFO: [topki..][epoch: 22, iter:  14,300, lr:(9.056e-04,4.109e-04,)][eta: 1 day, 22:08:08, time (data): 3.212 (0.272)]rfmnet: 4.6000e+00 l_total: 4.6000e+00 
2025-08-20 00:34:48,369 INFO: [topki..][epoch: 22, iter:  14,400, lr:(9.056e-04,4.109e-04,)][eta: 1 day, 22:00:42, time (data): 2.856 (0.251)]rfmnet: 6.1072e+00 l_total: 6.1072e+00 
2025-08-20 00:40:12,055 INFO: [topki..][epoch: 22, iter:  14,500, lr:(9.056e-04,4.109e-04,)][eta: 1 day, 21:56:16, time (data): 2.672 (0.265)]rfmnet: 3.9255e+00 l_total: 3.9255e+00 
2025-08-20 00:44:45,350 INFO: [topki..][epoch: 22, iter:  14,600, lr:(9.056e-04,4.109e-04,)][eta: 1 day, 21:48:46, time (data): 2.720 (0.240)]rfmnet: 5.4714e+00 l_total: 5.4714e+00 
2025-08-20 00:50:06,653 INFO: [topki..][epoch: 22, iter:  14,700, lr:(9.056e-04,4.109e-04,)][eta: 1 day, 21:44:11, time (data): 2.968 (0.309)]rfmnet: 4.3650e+00 l_total: 4.3650e+00 
2025-08-20 00:54:29,275 INFO: [topki..][epoch: 22, iter:  14,800, lr:(9.056e-04,4.109e-04,)][eta: 1 day, 21:36:07, time (data): 2.699 (0.241)]rfmnet: 4.9324e+00 l_total: 4.9324e+00 
2025-08-20 00:59:39,706 INFO: [topki..][epoch: 23, iter:  14,900, lr:(8.967e-04,5.030e-04,)][eta: 1 day, 21:30:54, time (data): 2.703 (0.233)]rfmnet: 4.2785e+00 l_total: 4.2785e+00 
2025-08-20 01:04:35,634 INFO: [topki..][epoch: 23, iter:  15,000, lr:(8.967e-04,5.030e-04,)][eta: 1 day, 21:24:50, time (data): 2.906 (0.239)]rfmnet: 4.3922e+00 l_total: 4.3922e+00 
2025-08-20 01:09:36,333 INFO: [topki..][epoch: 23, iter:  15,100, lr:(8.967e-04,5.030e-04,)][eta: 1 day, 21:19:04, time (data): 2.703 (0.232)]rfmnet: 3.7153e+00 l_total: 3.7153e+00 
2025-08-20 01:15:01,571 INFO: [topki..][epoch: 23, iter:  15,200, lr:(8.967e-04,5.030e-04,)][eta: 1 day, 21:14:44, time (data): 3.142 (0.255)]rfmnet: 3.5934e+00 l_total: 3.5934e+00 
2025-08-20 01:19:53,049 INFO: [topki..][epoch: 23, iter:  15,300, lr:(8.967e-04,5.030e-04,)][eta: 1 day, 21:08:26, time (data): 3.099 (0.233)]rfmnet: 3.4804e+00 l_total: 3.4804e+00 
2025-08-20 01:25:36,631 INFO: [topki..][epoch: 23, iter:  15,400, lr:(8.967e-04,5.030e-04,)][eta: 1 day, 21:05:07, time (data): 3.371 (0.264)]rfmnet: 4.2387e+00 l_total: 4.2387e+00 
2025-08-20 01:30:29,665 INFO: [topki..][epoch: 23, iter:  15,500, lr:(8.967e-04,5.030e-04,)][eta: 1 day, 20:58:56, time (data): 3.545 (0.321)]rfmnet: 3.7626e+00 l_total: 3.7626e+00 
2025-08-20 01:36:02,382 INFO: [topki..][epoch: 24, iter:  15,600, lr:(8.875e-04,5.970e-04,)][eta: 1 day, 20:54:58, time (data): 3.368 (0.302)]rfmnet: 3.6684e+00 l_total: 3.6684e+00 
2025-08-20 01:41:27,275 INFO: [topki..][epoch: 24, iter:  15,700, lr:(8.875e-04,5.970e-04,)][eta: 1 day, 20:50:33, time (data): 3.577 (0.344)]rfmnet: 3.8099e+00 l_total: 3.8099e+00 
2025-08-20 01:47:21,584 INFO: [topki..][epoch: 24, iter:  15,800, lr:(8.875e-04,5.970e-04,)][eta: 1 day, 20:47:44, time (data): 3.549 (0.299)]rfmnet: 3.0338e+00 l_total: 3.0338e+00 
2025-08-20 01:52:26,334 INFO: [topki..][epoch: 24, iter:  15,900, lr:(8.875e-04,5.970e-04,)][eta: 1 day, 20:42:11, time (data): 2.175 (0.251)]rfmnet: 3.0666e+00 l_total: 3.0666e+00 
2025-08-20 01:57:17,661 INFO: [topki..][epoch: 24, iter:  16,000, lr:(8.875e-04,5.970e-04,)][eta: 1 day, 20:35:56, time (data): 2.785 (0.255)]rfmnet: 2.7449e+00 l_total: 2.7449e+00 
2025-08-20 01:57:17,662 INFO: Saving models and training states.
2025-08-20 01:57:17,731 INFO: Start validation.
2025-08-20 02:00:01,148 INFO: Avg time: 2.7003
2025-08-20 02:00:01,348 INFO: Val auc: 0.7108
2025-08-20 02:00:01,352 INFO: Val avg error: 0.0597
2025-08-20 02:05:09,481 INFO: [topki..][epoch: 24, iter:  16,100, lr:(8.875e-04,5.970e-04,)][eta: 1 day, 20:39:18, time (data): 3.702 (0.315)]rfmnet: 2.8022e+00 l_total: 2.8022e+00 
2025-08-20 02:10:15,744 INFO: [topki..][epoch: 24, iter:  16,200, lr:(8.875e-04,5.970e-04,)][eta: 1 day, 20:33:47, time (data): 3.169 (0.270)]rfmnet: 2.9565e+00 l_total: 2.9565e+00 
2025-08-20 02:15:36,146 INFO: [topki..][epoch: 25, iter:  16,300, lr:(8.780e-04,6.891e-04,)][eta: 1 day, 20:29:01, time (data): 3.406 (0.281)]rfmnet: 2.6420e+00 l_total: 2.6420e+00 
2025-08-20 02:20:26,245 INFO: [topki..][epoch: 25, iter:  16,400, lr:(8.780e-04,6.891e-04,)][eta: 1 day, 20:22:40, time (data): 2.982 (0.240)]rfmnet: 2.2932e+00 l_total: 2.2932e+00 
2025-08-20 02:26:00,192 INFO: [topki..][epoch: 25, iter:  16,500, lr:(8.780e-04,6.891e-04,)][eta: 1 day, 20:18:36, time (data): 3.063 (0.294)]rfmnet: 2.5114e+00 l_total: 2.5114e+00 
2025-08-20 02:31:29,469 INFO: [topki..][epoch: 25, iter:  16,600, lr:(8.780e-04,6.891e-04,)][eta: 1 day, 20:14:16, time (data): 3.258 (0.275)]rfmnet: 2.4363e+00 l_total: 2.4363e+00 
2025-08-20 02:37:02,996 INFO: [topki..][epoch: 25, iter:  16,700, lr:(8.780e-04,6.891e-04,)][eta: 1 day, 20:10:09, time (data): 3.060 (0.253)]rfmnet: 2.4349e+00 l_total: 2.4349e+00 
2025-08-20 02:42:42,241 INFO: [topki..][epoch: 25, iter:  16,800, lr:(8.780e-04,6.891e-04,)][eta: 1 day, 20:06:18, time (data): 3.344 (0.280)]rfmnet: 2.1696e+00 l_total: 2.1696e+00 
2025-08-20 02:47:43,512 INFO: [topki..][epoch: 25, iter:  16,900, lr:(8.780e-04,6.891e-04,)][eta: 1 day, 20:00:31, time (data): 2.922 (0.290)]rfmnet: 2.7018e+00 l_total: 2.7018e+00 
2025-08-20 02:53:13,944 INFO: [topki..][epoch: 26, iter:  17,000, lr:(8.682e-04,7.750e-04,)][eta: 1 day, 19:56:12, time (data): 3.252 (0.317)]rfmnet: 2.1743e+00 l_total: 2.1743e+00 
2025-08-20 02:58:01,476 INFO: [topki..][epoch: 26, iter:  17,100, lr:(8.682e-04,7.750e-04,)][eta: 1 day, 19:49:46, time (data): 3.456 (0.273)]rfmnet: 2.1541e+00 l_total: 2.1541e+00 
2025-08-20 03:03:13,792 INFO: [topki..][epoch: 26, iter:  17,200, lr:(8.682e-04,7.750e-04,)][eta: 1 day, 19:44:33, time (data): 3.166 (0.271)]rfmnet: 1.8632e+00 l_total: 1.8632e+00 
2025-08-20 03:08:16,475 INFO: [topki..][epoch: 26, iter:  17,300, lr:(8.682e-04,7.750e-04,)][eta: 1 day, 19:38:52, time (data): 3.481 (0.327)]rfmnet: 1.4270e+00 l_total: 1.4270e+00 
2025-08-20 03:13:16,944 INFO: [topki..][epoch: 26, iter:  17,400, lr:(8.682e-04,7.750e-04,)][eta: 1 day, 19:33:05, time (data): 3.063 (0.290)]rfmnet: 1.6993e+00 l_total: 1.6993e+00 
2025-08-20 03:18:16,654 INFO: [topki..][epoch: 26, iter:  17,500, lr:(8.682e-04,7.750e-04,)][eta: 1 day, 19:27:17, time (data): 3.215 (0.288)]rfmnet: 1.7534e+00 l_total: 1.7534e+00 
2025-08-20 03:24:03,546 INFO: [topki..][epoch: 27, iter:  17,600, lr:(8.580e-04,8.511e-04,)][eta: 1 day, 19:23:43, time (data): 3.440 (0.295)]rfmnet: 1.3565e+00 l_total: 1.3565e+00 
2025-08-20 03:29:03,451 INFO: [topki..][epoch: 27, iter:  17,700, lr:(8.580e-04,8.511e-04,)][eta: 1 day, 19:17:55, time (data): 2.438 (0.279)]rfmnet: 1.5418e+00 l_total: 1.5418e+00 
2025-08-20 03:34:11,245 INFO: [topki..][epoch: 27, iter:  17,800, lr:(8.580e-04,8.511e-04,)][eta: 1 day, 19:12:30, time (data): 3.009 (0.268)]rfmnet: 1.7382e+00 l_total: 1.7382e+00 
2025-08-20 03:38:45,974 INFO: [topki..][epoch: 27, iter:  17,900, lr:(8.580e-04,8.511e-04,)][eta: 1 day, 19:05:33, time (data): 1.954 (0.179)]rfmnet: 1.3500e+00 l_total: 1.3500e+00 
2025-08-20 03:44:05,597 INFO: [topki..][epoch: 27, iter:  18,000, lr:(8.580e-04,8.511e-04,)][eta: 1 day, 19:00:41, time (data): 3.073 (0.293)]rfmnet: 1.3162e+00 l_total: 1.3162e+00 
2025-08-20 03:44:05,598 INFO: Saving models and training states.
2025-08-20 03:44:05,618 INFO: Start validation.
2025-08-20 03:46:29,241 INFO: Avg time: 2.0510
2025-08-20 03:46:29,357 INFO: Val auc: 0.7086
2025-08-20 03:46:29,363 INFO: Val avg error: 0.0596
2025-08-20 03:51:39,249 INFO: [topki..][epoch: 27, iter:  18,100, lr:(8.580e-04,8.511e-04,)][eta: 1 day, 19:01:56, time (data): 3.350 (0.296)]rfmnet: 1.4783e+00 l_total: 1.4783e+00 
2025-08-20 03:56:24,001 INFO: [topki..][epoch: 27, iter:  18,200, lr:(8.580e-04,8.511e-04,)][eta: 1 day, 18:55:26, time (data): 2.893 (0.258)]rfmnet: 1.8187e+00 l_total: 1.8187e+00 
2025-08-20 04:01:58,657 INFO: [topki..][epoch: 28, iter:  18,300, lr:(8.476e-04,9.141e-04,)][eta: 1 day, 18:51:12, time (data): 3.329 (0.180)]rfmnet: 1.3004e+00 l_total: 1.3004e+00 
2025-08-20 04:07:03,680 INFO: [topki..][epoch: 28, iter:  18,400, lr:(8.476e-04,9.141e-04,)][eta: 1 day, 18:45:38, time (data): 3.073 (0.247)]rfmnet: 1.4920e+00 l_total: 1.4920e+00 
2025-08-20 04:12:49,458 INFO: [topki..][epoch: 28, iter:  18,500, lr:(8.476e-04,9.141e-04,)][eta: 1 day, 18:41:53, time (data): 2.600 (0.262)]rfmnet: 1.1295e+00 l_total: 1.1295e+00 
2025-08-20 04:18:45,261 INFO: [topki..][epoch: 28, iter:  18,600, lr:(8.476e-04,9.141e-04,)][eta: 1 day, 18:38:32, time (data): 3.487 (0.271)]rfmnet: 1.1309e+00 l_total: 1.1309e+00 
2025-08-20 04:24:18,974 INFO: [topki..][epoch: 28, iter:  18,700, lr:(8.476e-04,9.141e-04,)][eta: 1 day, 18:34:12, time (data): 2.545 (0.251)]rfmnet: 9.0892e-01 l_total: 9.0892e-01 
2025-08-20 04:29:46,734 INFO: [topki..][epoch: 28, iter:  18,800, lr:(8.476e-04,9.141e-04,)][eta: 1 day, 18:29:36, time (data): 3.230 (0.287)]rfmnet: 9.7977e-01 l_total: 9.7977e-01 
2025-08-20 04:34:25,735 INFO: [topki..][epoch: 28, iter:  18,900, lr:(8.476e-04,9.141e-04,)][eta: 1 day, 18:22:54, time (data): 3.630 (0.306)]rfmnet: 8.2260e-01 l_total: 8.2260e-01 
2025-08-20 04:39:59,748 INFO: [topki..][epoch: 29, iter:  19,000, lr:(8.368e-04,9.611e-04,)][eta: 1 day, 18:18:34, time (data): 3.356 (0.325)]rfmnet: 9.1631e-01 l_total: 9.1631e-01 
2025-08-20 04:44:36,737 INFO: [topki..][epoch: 29, iter:  19,100, lr:(8.368e-04,9.611e-04,)][eta: 1 day, 18:11:48, time (data): 4.056 (0.316)]rfmnet: 9.2201e-01 l_total: 9.2201e-01 
2025-08-20 04:49:36,256 INFO: [topki..][epoch: 29, iter:  19,200, lr:(8.368e-04,9.611e-04,)][eta: 1 day, 18:06:00, time (data): 3.046 (0.268)]rfmnet: 8.8108e-01 l_total: 8.8108e-01 
2025-08-20 04:55:03,379 INFO: [topki..][epoch: 29, iter:  19,300, lr:(8.368e-04,9.611e-04,)][eta: 1 day, 18:01:22, time (data): 3.176 (0.324)]rfmnet: 1.0920e+00 l_total: 1.0920e+00 
2025-08-20 05:01:11,377 INFO: [topki..][epoch: 29, iter:  19,400, lr:(8.368e-04,9.611e-04,)][eta: 1 day, 17:58:25, time (data): 3.661 (0.295)]rfmnet: 9.4544e-01 l_total: 9.4544e-01 
2025-08-20 05:06:44,346 INFO: [topki..][epoch: 29, iter:  19,500, lr:(8.368e-04,9.611e-04,)][eta: 1 day, 17:53:59, time (data): 2.563 (0.159)]rfmnet: 1.5660e+00 l_total: 1.5660e+00 
2025-08-20 05:12:00,975 INFO: [topki..][epoch: 29, iter:  19,600, lr:(8.368e-04,9.611e-04,)][eta: 1 day, 17:48:53, time (data): 3.149 (0.263)]rfmnet: 1.1553e+00 l_total: 1.1553e+00 
2025-08-20 05:17:17,056 INFO: [topki..][epoch: 30, iter:  19,700, lr:(8.258e-04,9.902e-04,)][eta: 1 day, 17:43:45, time (data): 2.305 (0.383)]rfmnet: 1.7927e+00 l_total: 1.7927e+00 
2025-08-20 05:22:46,666 INFO: [topki..][epoch: 30, iter:  19,800, lr:(8.258e-04,9.902e-04,)][eta: 1 day, 17:39:10, time (data): 3.277 (0.268)]rfmnet: 2.0196e+00 l_total: 2.0196e+00 
2025-08-20 05:28:00,685 INFO: [topki..][epoch: 30, iter:  19,900, lr:(8.258e-04,9.902e-04,)][eta: 1 day, 17:33:57, time (data): 2.558 (0.129)]rfmnet: 8.1653e-01 l_total: 8.1653e-01 
2025-08-20 05:33:36,184 INFO: [topki..][epoch: 30, iter:  20,000, lr:(8.258e-04,9.902e-04,)][eta: 1 day, 17:29:35, time (data): 3.347 (0.288)]rfmnet: 1.0496e+00 l_total: 1.0496e+00 
2025-08-20 05:33:36,185 INFO: Saving models and training states.
2025-08-20 05:33:36,243 INFO: Start validation.
2025-08-20 05:36:13,538 INFO: Avg time: 2.4319
2025-08-20 05:36:13,774 INFO: Val auc: 0.6902
2025-08-20 05:36:13,828 INFO: Val avg error: 0.0632
2025-08-20 05:41:40,045 INFO: [topki..][epoch: 30, iter:  20,100, lr:(8.258e-04,9.902e-04,)][eta: 1 day, 17:31:03, time (data): 3.301 (0.285)]rfmnet: 1.3118e+00 l_total: 1.3118e+00 
2025-08-20 05:45:07,652 INFO: [topki..][epoch: 30, iter:  20,200, lr:(8.258e-04,9.902e-04,)][eta: 1 day, 17:21:37, time (data): 2.076 (0.214)]rfmnet: 1.0545e+00 l_total: 1.0545e+00 
2025-08-20 05:48:30,179 INFO: [topki..][epoch: 31, iter:  20,300, lr:(8.145e-04,1.000e-03,)][eta: 1 day, 17:12:03, time (data): 2.051 (0.234)]rfmnet: 1.1888e+00 l_total: 1.1888e+00 
2025-08-20 05:51:22,434 INFO: [topki..][epoch: 31, iter:  20,400, lr:(8.145e-04,1.000e-03,)][eta: 1 day, 17:01:23, time (data): 1.725 (0.199)]rfmnet: 9.9592e-01 l_total: 9.9592e-01 
2025-08-20 05:54:17,354 INFO: [topki..][epoch: 31, iter:  20,500, lr:(8.145e-04,1.000e-03,)][eta: 1 day, 16:50:53, time (data): 1.737 (0.198)]rfmnet: 9.8572e-01 l_total: 9.8572e-01 
2025-08-20 05:57:33,735 INFO: [topki..][epoch: 31, iter:  20,600, lr:(8.145e-04,1.000e-03,)][eta: 1 day, 16:41:16, time (data): 1.949 (0.198)]rfmnet: 1.1679e+00 l_total: 1.1679e+00 
2025-08-20 06:00:07,470 INFO: [topki..][epoch: 31, iter:  20,700, lr:(8.145e-04,1.000e-03,)][eta: 1 day, 16:30:07, time (data): 1.741 (0.189)]rfmnet: 1.1419e+00 l_total: 1.1419e+00 
2025-08-20 06:03:53,905 INFO: [topki..][epoch: 31, iter:  20,800, lr:(8.145e-04,1.000e-03,)][eta: 1 day, 16:21:46, time (data): 2.270 (0.234)]rfmnet: 1.2515e+00 l_total: 1.2515e+00 
2025-08-20 06:06:42,445 INFO: [topki..][epoch: 31, iter:  20,900, lr:(8.145e-04,1.000e-03,)][eta: 1 day, 16:11:18, time (data): 1.973 (0.212)]rfmnet: 1.5106e+00 l_total: 1.5106e+00 
2025-08-20 06:10:45,779 INFO: [topki..][epoch: 32, iter:  21,000, lr:(8.029e-04,9.902e-04,)][eta: 1 day, 16:03:41, time (data): 2.453 (0.256)]rfmnet: 1.2481e+00 l_total: 1.2481e+00 
2025-08-20 06:13:39,656 INFO: [topki..][epoch: 32, iter:  21,100, lr:(8.029e-04,9.902e-04,)][eta: 1 day, 15:53:33, time (data): 2.089 (0.217)]rfmnet: 1.2398e+00 l_total: 1.2398e+00 
2025-08-20 06:16:57,097 INFO: [topki..][epoch: 32, iter:  21,200, lr:(8.029e-04,9.902e-04,)][eta: 1 day, 15:44:20, time (data): 1.988 (0.192)]rfmnet: 3.0175e+00 l_total: 3.0175e+00 
2025-08-20 06:19:36,423 INFO: [topki..][epoch: 32, iter:  21,300, lr:(8.029e-04,9.902e-04,)][eta: 1 day, 15:33:48, time (data): 1.786 (0.186)]rfmnet: 1.0960e+00 l_total: 1.0960e+00 
2025-08-20 06:21:56,130 INFO: [topki..][epoch: 32, iter:  21,400, lr:(8.029e-04,9.902e-04,)][eta: 1 day, 15:22:38, time (data): 1.419 (0.186)]rfmnet: 1.2532e+00 l_total: 1.2532e+00 
2025-08-20 06:25:27,983 INFO: [topki..][epoch: 32, iter:  21,500, lr:(8.029e-04,9.902e-04,)][eta: 1 day, 15:14:07, time (data): 1.780 (0.201)]rfmnet: 1.2240e+00 l_total: 1.2240e+00 
2025-08-20 06:28:16,568 INFO: [topki..][epoch: 32, iter:  21,600, lr:(8.029e-04,9.902e-04,)][eta: 1 day, 15:04:07, time (data): 1.687 (0.210)]rfmnet: 1.0258e+00 l_total: 1.0258e+00 
2025-08-20 06:30:38,107 INFO: [topki..][epoch: 33, iter:  21,700, lr:(7.911e-04,9.611e-04,)][eta: 1 day, 14:53:14, time (data): 1.546 (0.204)]rfmnet: 1.0617e+00 l_total: 1.0617e+00 
2025-08-20 06:32:51,694 INFO: [topki..][epoch: 33, iter:  21,800, lr:(7.911e-04,9.611e-04,)][eta: 1 day, 14:42:09, time (data): 1.309 (0.168)]rfmnet: 1.1319e+00 l_total: 1.1319e+00 
2025-08-20 06:35:36,128 INFO: [topki..][epoch: 33, iter:  21,900, lr:(7.911e-04,9.611e-04,)][eta: 1 day, 14:32:13, time (data): 1.484 (0.175)]rfmnet: 1.3350e+00 l_total: 1.3350e+00 
2025-08-20 06:37:56,616 INFO: [topki..][epoch: 33, iter:  22,000, lr:(7.911e-04,9.611e-04,)][eta: 1 day, 14:21:32, time (data): 1.294 (0.162)]rfmnet: 1.3560e+00 l_total: 1.3560e+00 
2025-08-20 06:37:56,617 INFO: Saving models and training states.
2025-08-20 06:37:56,644 INFO: Start validation.
2025-08-20 06:39:19,609 INFO: Avg time: 0.4091
2025-08-20 06:39:19,742 INFO: Val auc: 0.6650
2025-08-20 06:39:19,746 INFO: Val avg error: 0.0733
2025-08-20 06:40:45,600 INFO: [topki..][epoch: 33, iter:  22,100, lr:(7.911e-04,9.611e-04,)][eta: 1 day, 14:11:53, time (data): 1.064 (0.156)]rfmnet: 1.0210e+00 l_total: 1.0210e+00 
2025-08-20 06:42:06,174 INFO: [topki..][epoch: 33, iter:  22,200, lr:(7.911e-04,9.611e-04,)][eta: 1 day, 13:59:18, time (data): 0.793 (0.148)]rfmnet: 2.6381e+00 l_total: 2.6381e+00 
2025-08-20 06:43:39,464 INFO: [topki..][epoch: 33, iter:  22,300, lr:(7.911e-04,9.611e-04,)][eta: 1 day, 13:47:14, time (data): 0.866 (0.146)]rfmnet: 1.1701e+00 l_total: 1.1701e+00 
2025-08-20 06:45:10,027 INFO: [topki..][epoch: 34, iter:  22,400, lr:(7.791e-04,9.141e-04,)][eta: 1 day, 13:35:11, time (data): 0.873 (0.150)]rfmnet: 1.1940e+00 l_total: 1.1940e+00 
2025-08-20 06:46:37,762 INFO: [topki..][epoch: 34, iter:  22,500, lr:(7.791e-04,9.141e-04,)][eta: 1 day, 13:23:07, time (data): 0.875 (0.143)]rfmnet: 2.7845e+00 l_total: 2.7845e+00 
2025-08-20 06:48:04,840 INFO: [topki..][epoch: 34, iter:  22,600, lr:(7.791e-04,9.141e-04,)][eta: 1 day, 13:11:08, time (data): 0.856 (0.134)]rfmnet: 1.4019e+00 l_total: 1.4019e+00 
2025-08-20 06:49:19,822 INFO: [topki..][epoch: 34, iter:  22,700, lr:(7.791e-04,9.141e-04,)][eta: 1 day, 12:58:50, time (data): 0.800 (0.140)]rfmnet: 1.1706e+00 l_total: 1.1706e+00 
2025-08-20 06:50:29,436 INFO: [topki..][epoch: 34, iter:  22,800, lr:(7.791e-04,9.141e-04,)][eta: 1 day, 12:46:28, time (data): 0.706 (0.141)]rfmnet: 1.2006e+00 l_total: 1.2006e+00 
2025-08-20 06:51:59,546 INFO: [topki..][epoch: 34, iter:  22,900, lr:(7.791e-04,9.141e-04,)][eta: 1 day, 12:34:51, time (data): 0.810 (0.142)]rfmnet: 1.3397e+00 l_total: 1.3397e+00 
2025-08-20 06:53:33,977 INFO: [topki..][epoch: 35, iter:  23,000, lr:(7.668e-04,8.511e-04,)][eta: 1 day, 12:23:29, time (data): 0.939 (0.178)]rfmnet: 1.1820e+00 l_total: 1.1820e+00 
2025-08-20 06:54:55,055 INFO: [topki..][epoch: 35, iter:  23,100, lr:(7.668e-04,8.511e-04,)][eta: 1 day, 12:11:45, time (data): 0.870 (0.159)]rfmnet: 1.3872e+00 l_total: 1.3872e+00 
2025-08-20 06:56:22,516 INFO: [topki..][epoch: 35, iter:  23,200, lr:(7.668e-04,8.511e-04,)][eta: 1 day, 12:00:19, time (data): 0.875 (0.146)]rfmnet: 1.4497e+00 l_total: 1.4497e+00 
2025-08-20 06:57:50,162 INFO: [topki..][epoch: 35, iter:  23,300, lr:(7.668e-04,8.511e-04,)][eta: 1 day, 11:48:59, time (data): 0.876 (0.142)]rfmnet: 1.1540e+00 l_total: 1.1540e+00 
2025-08-20 06:59:06,937 INFO: [topki..][epoch: 35, iter:  23,400, lr:(7.668e-04,8.511e-04,)][eta: 1 day, 11:37:23, time (data): 0.777 (0.138)]rfmnet: 1.1859e+00 l_total: 1.1859e+00 
2025-08-20 07:00:35,875 INFO: [topki..][epoch: 35, iter:  23,500, lr:(7.668e-04,8.511e-04,)][eta: 1 day, 11:26:16, time (data): 0.838 (0.140)]rfmnet: 2.3919e+00 l_total: 2.3919e+00 
2025-08-20 07:02:10,119 INFO: [topki..][epoch: 35, iter:  23,600, lr:(7.668e-04,8.511e-04,)][eta: 1 day, 11:15:23, time (data): 0.949 (0.148)]rfmnet: 1.2770e+00 l_total: 1.2770e+00 
2025-08-20 07:03:50,504 INFO: [topki..][epoch: 36, iter:  23,700, lr:(7.543e-04,7.750e-04,)][eta: 1 day, 11:04:46, time (data): 0.979 (0.169)]rfmnet: 1.1890e+00 l_total: 1.1890e+00 
2025-08-20 07:05:25,008 INFO: [topki..][epoch: 36, iter:  23,800, lr:(7.543e-04,7.750e-04,)][eta: 1 day, 10:54:03, time (data): 0.954 (0.147)]rfmnet: 1.1137e+00 l_total: 1.1137e+00 
2025-08-20 07:07:10,575 INFO: [topki..][epoch: 36, iter:  23,900, lr:(7.543e-04,7.750e-04,)][eta: 1 day, 10:43:44, time (data): 1.010 (0.155)]rfmnet: 1.0734e+00 l_total: 1.0734e+00 
2025-08-20 07:08:40,429 INFO: [topki..][epoch: 36, iter:  24,000, lr:(7.543e-04,7.750e-04,)][eta: 1 day, 10:33:02, time (data): 0.862 (0.160)]rfmnet: 1.2788e+00 l_total: 1.2788e+00 
2025-08-20 07:08:40,430 INFO: Saving models and training states.
2025-08-20 07:08:40,450 INFO: Start validation.
2025-08-20 07:10:07,293 INFO: Avg time: 0.5843
2025-08-20 07:10:07,436 INFO: Val auc: 0.6638
2025-08-20 07:10:07,438 INFO: Val avg error: 0.0793
2025-08-20 07:11:49,609 INFO: [topki..][epoch: 36, iter:  24,100, lr:(7.543e-04,7.750e-04,)][eta: 1 day, 10:25:23, time (data): 0.948 (0.160)]rfmnet: 1.1807e+00 l_total: 1.1807e+00 
2025-08-20 07:13:26,761 INFO: [topki..][epoch: 36, iter:  24,200, lr:(7.543e-04,7.750e-04,)][eta: 1 day, 10:15:01, time (data): 0.954 (0.168)]rfmnet: 1.1708e+00 l_total: 1.1708e+00 
2025-08-20 07:15:04,600 INFO: [topki..][epoch: 36, iter:  24,300, lr:(7.543e-04,7.750e-04,)][eta: 1 day, 10:04:45, time (data): 0.967 (0.157)]rfmnet: 1.2531e+00 l_total: 1.2531e+00 
2025-08-20 07:16:49,405 INFO: [topki..][epoch: 37, iter:  24,400, lr:(7.416e-04,6.891e-04,)][eta: 1 day, 9:54:46, time (data): 1.090 (0.173)]rfmnet: 1.0877e+00 l_total: 1.0877e+00 
2025-08-20 07:18:34,809 INFO: [topki..][epoch: 37, iter:  24,500, lr:(7.416e-04,6.891e-04,)][eta: 1 day, 9:44:52, time (data): 1.070 (0.170)]rfmnet: 1.1905e+00 l_total: 1.1905e+00 
2025-08-20 07:20:11,629 INFO: [topki..][epoch: 37, iter:  24,600, lr:(7.416e-04,6.891e-04,)][eta: 1 day, 9:34:46, time (data): 0.943 (0.166)]rfmnet: 1.2619e+00 l_total: 1.2619e+00 
2025-08-20 07:21:50,628 INFO: [topki..][epoch: 37, iter:  24,700, lr:(7.416e-04,6.891e-04,)][eta: 1 day, 9:24:49, time (data): 0.969 (0.159)]rfmnet: 1.1071e+00 l_total: 1.1071e+00 
2025-08-20 07:23:29,480 INFO: [topki..][epoch: 37, iter:  24,800, lr:(7.416e-04,6.891e-04,)][eta: 1 day, 9:14:55, time (data): 1.013 (0.144)]rfmnet: 1.1589e+00 l_total: 1.1589e+00 
2025-08-20 07:25:10,928 INFO: [topki..][epoch: 37, iter:  24,900, lr:(7.416e-04,6.891e-04,)][eta: 1 day, 9:05:10, time (data): 1.014 (0.142)]rfmnet: 1.0740e+00 l_total: 1.0740e+00 
2025-08-20 07:26:47,238 INFO: [topki..][epoch: 37, iter:  25,000, lr:(7.416e-04,6.891e-04,)][eta: 1 day, 8:55:20, time (data): 0.969 (0.161)]rfmnet: 1.1345e+00 l_total: 1.1345e+00 
2025-08-20 07:28:22,872 INFO: [topki..][epoch: 38, iter:  25,100, lr:(7.287e-04,5.970e-04,)][eta: 1 day, 8:45:32, time (data): 0.962 (0.165)]rfmnet: 1.1214e+00 l_total: 1.1214e+00 
2025-08-20 07:30:04,590 INFO: [topki..][epoch: 38, iter:  25,200, lr:(7.287e-04,5.970e-04,)][eta: 1 day, 8:35:59, time (data): 1.031 (0.135)]rfmnet: 1.1606e+00 l_total: 1.1606e+00 
2025-08-20 07:31:36,758 INFO: [topki..][epoch: 38, iter:  25,300, lr:(7.287e-04,5.970e-04,)][eta: 1 day, 8:26:14, time (data): 0.968 (0.158)]rfmnet: 1.3305e+00 l_total: 1.3305e+00 
2025-08-20 07:33:04,069 INFO: [topki..][epoch: 38, iter:  25,400, lr:(7.287e-04,5.970e-04,)][eta: 1 day, 8:16:24, time (data): 0.889 (0.139)]rfmnet: 1.2353e+00 l_total: 1.2353e+00 
2025-08-20 07:34:48,568 INFO: [topki..][epoch: 38, iter:  25,500, lr:(7.287e-04,5.970e-04,)][eta: 1 day, 8:07:07, time (data): 0.979 (0.141)]rfmnet: 1.2492e+00 l_total: 1.2492e+00 
2025-08-20 07:36:29,468 INFO: [topki..][epoch: 38, iter:  25,600, lr:(7.287e-04,5.970e-04,)][eta: 1 day, 7:57:47, time (data): 0.970 (0.176)]rfmnet: 1.1270e+00 l_total: 1.1270e+00 
2025-08-20 07:38:08,439 INFO: [topki..][epoch: 39, iter:  25,700, lr:(7.157e-04,5.030e-04,)][eta: 1 day, 7:48:28, time (data): 0.982 (0.174)]rfmnet: 1.1570e+00 l_total: 1.1570e+00 
2025-08-20 07:39:49,757 INFO: [topki..][epoch: 39, iter:  25,800, lr:(7.157e-04,5.030e-04,)][eta: 1 day, 7:39:16, time (data): 1.027 (0.136)]rfmnet: 1.1507e+00 l_total: 1.1507e+00 
2025-08-20 07:41:29,694 INFO: [topki..][epoch: 39, iter:  25,900, lr:(7.157e-04,5.030e-04,)][eta: 1 day, 7:30:05, time (data): 1.011 (0.146)]rfmnet: 1.1084e+00 l_total: 1.1084e+00 
2025-08-20 07:42:57,448 INFO: [topki..][epoch: 39, iter:  26,000, lr:(7.157e-04,5.030e-04,)][eta: 1 day, 7:20:38, time (data): 0.925 (0.140)]rfmnet: 1.2034e+00 l_total: 1.2034e+00 
2025-08-20 07:42:57,449 INFO: Saving models and training states.
2025-08-20 07:42:57,468 INFO: Start validation.
2025-08-20 07:44:21,665 INFO: Avg time: 0.4606
2025-08-20 07:44:21,778 INFO: Val auc: 0.6674
2025-08-20 07:44:21,783 INFO: Val avg error: 0.0725
2025-08-20 07:46:01,621 INFO: [topki..][epoch: 39, iter:  26,100, lr:(7.157e-04,5.030e-04,)][eta: 1 day, 7:13:49, time (data): 0.966 (0.155)]rfmnet: 1.1013e+00 l_total: 1.1013e+00 
2025-08-20 07:47:30,082 INFO: [topki..][epoch: 39, iter:  26,200, lr:(7.157e-04,5.030e-04,)][eta: 1 day, 7:04:29, time (data): 0.869 (0.154)]rfmnet: 1.1391e+00 l_total: 1.1391e+00 
2025-08-20 07:49:04,346 INFO: [topki..][epoch: 39, iter:  26,300, lr:(7.157e-04,5.030e-04,)][eta: 1 day, 6:55:23, time (data): 0.912 (0.143)]rfmnet: 1.1550e+00 l_total: 1.1550e+00 
2025-08-20 07:50:51,375 INFO: [topki..][epoch: 40, iter:  26,400, lr:(7.024e-04,4.109e-04,)][eta: 1 day, 6:46:40, time (data): 1.101 (0.187)]rfmnet: 1.2601e+00 l_total: 1.2601e+00 
2025-08-20 07:52:18,556 INFO: [topki..][epoch: 40, iter:  26,500, lr:(7.024e-04,4.109e-04,)][eta: 1 day, 6:37:29, time (data): 0.965 (0.166)]rfmnet: 1.1754e+00 l_total: 1.1754e+00 
2025-08-20 07:53:46,827 INFO: [topki..][epoch: 40, iter:  26,600, lr:(7.024e-04,4.109e-04,)][eta: 1 day, 6:28:23, time (data): 0.870 (0.139)]rfmnet: 1.2887e+00 l_total: 1.2887e+00 
2025-08-20 07:54:59,629 INFO: [topki..][epoch: 40, iter:  26,700, lr:(7.024e-04,4.109e-04,)][eta: 1 day, 6:18:57, time (data): 0.785 (0.143)]rfmnet: 1.1706e+00 l_total: 1.1706e+00 
2025-08-20 07:56:14,442 INFO: [topki..][epoch: 40, iter:  26,800, lr:(7.024e-04,4.109e-04,)][eta: 1 day, 6:09:38, time (data): 0.754 (0.136)]rfmnet: 1.5879e+00 l_total: 1.5879e+00 
2025-08-20 07:57:49,075 INFO: [topki..][epoch: 40, iter:  26,900, lr:(7.024e-04,4.109e-04,)][eta: 1 day, 6:00:53, time (data): 0.869 (0.137)]rfmnet: 1.2967e+00 l_total: 1.2967e+00 
2025-08-20 07:59:14,601 INFO: [topki..][epoch: 40, iter:  27,000, lr:(7.024e-04,4.109e-04,)][eta: 1 day, 5:51:56, time (data): 0.828 (0.142)]rfmnet: 1.1184e+00 l_total: 1.1184e+00 
2025-08-20 08:00:40,799 INFO: [topki..][epoch: 41, iter:  27,100, lr:(6.891e-04,3.250e-04,)][eta: 1 day, 5:43:05, time (data): 0.848 (0.152)]rfmnet: 1.1964e+00 l_total: 1.1964e+00 
2025-08-20 08:02:11,085 INFO: [topki..][epoch: 41, iter:  27,200, lr:(6.891e-04,3.250e-04,)][eta: 1 day, 5:34:22, time (data): 0.949 (0.128)]rfmnet: 1.1545e+00 l_total: 1.1545e+00 
2025-08-20 08:03:29,934 INFO: [topki..][epoch: 41, iter:  27,300, lr:(6.891e-04,3.250e-04,)][eta: 1 day, 5:25:26, time (data): 0.852 (0.131)]rfmnet: 1.3757e+00 l_total: 1.3757e+00 
2025-08-20 08:04:54,718 INFO: [topki..][epoch: 41, iter:  27,400, lr:(6.891e-04,3.250e-04,)][eta: 1 day, 5:16:42, time (data): 0.831 (0.133)]rfmnet: 1.1741e+00 l_total: 1.1741e+00 
2025-08-20 08:06:28,264 INFO: [topki..][epoch: 41, iter:  27,500, lr:(6.891e-04,3.250e-04,)][eta: 1 day, 5:08:14, time (data): 0.895 (0.133)]rfmnet: 1.1853e+00 l_total: 1.1853e+00 
2025-08-20 08:07:46,426 INFO: [topki..][epoch: 41, iter:  27,600, lr:(6.891e-04,3.250e-04,)][eta: 1 day, 4:59:27, time (data): 0.738 (0.150)]rfmnet: 1.1846e+00 l_total: 1.1846e+00 
2025-08-20 08:09:03,316 INFO: [topki..][epoch: 41, iter:  27,700, lr:(6.891e-04,3.250e-04,)][eta: 1 day, 4:50:41, time (data): 0.757 (0.142)]rfmnet: 1.1936e+00 l_total: 1.1936e+00 
2025-08-20 08:10:30,292 INFO: [topki..][epoch: 42, iter:  27,800, lr:(6.755e-04,2.489e-04,)][eta: 1 day, 4:42:12, time (data): 0.867 (0.144)]rfmnet: 1.3574e+00 l_total: 1.3574e+00 
2025-08-20 08:12:00,515 INFO: [topki..][epoch: 42, iter:  27,900, lr:(6.755e-04,2.489e-04,)][eta: 1 day, 4:33:52, time (data): 0.889 (0.132)]rfmnet: 1.1565e+00 l_total: 1.1565e+00 
2025-08-20 08:13:10,939 INFO: [topki..][epoch: 42, iter:  28,000, lr:(6.755e-04,2.489e-04,)][eta: 1 day, 4:25:06, time (data): 0.731 (0.129)]rfmnet: 1.1447e+00 l_total: 1.1447e+00 
2025-08-20 08:13:10,940 INFO: Saving models and training states.
2025-08-20 08:13:10,963 INFO: Start validation.
2025-08-20 08:14:37,395 INFO: Avg time: 0.4172
2025-08-20 08:14:37,504 INFO: Val auc: 0.6704
2025-08-20 08:14:37,509 INFO: Val avg error: 0.0732
2025-08-20 08:16:01,541 INFO: [topki..][epoch: 42, iter:  28,100, lr:(6.755e-04,2.489e-04,)][eta: 1 day, 4:18:44, time (data): 0.797 (0.131)]rfmnet: 1.0981e+00 l_total: 1.0981e+00 
2025-08-20 08:17:17,122 INFO: [topki..][epoch: 42, iter:  28,200, lr:(6.755e-04,2.489e-04,)][eta: 1 day, 4:10:11, time (data): 0.728 (0.131)]rfmnet: 1.1894e+00 l_total: 1.1894e+00 
2025-08-20 08:18:43,246 INFO: [topki..][epoch: 42, iter:  28,300, lr:(6.755e-04,2.489e-04,)][eta: 1 day, 4:01:56, time (data): 0.811 (0.136)]rfmnet: 1.1326e+00 l_total: 1.1326e+00 
2025-08-20 08:20:14,383 INFO: [topki..][epoch: 43, iter:  28,400, lr:(6.619e-04,1.859e-04,)][eta: 1 day, 3:53:50, time (data): 0.884 (0.182)]rfmnet: 1.1512e+00 l_total: 1.1512e+00 
2025-08-20 08:21:41,147 INFO: [topki..][epoch: 43, iter:  28,500, lr:(6.619e-04,1.859e-04,)][eta: 1 day, 3:45:42, time (data): 0.874 (0.152)]rfmnet: 1.1535e+00 l_total: 1.1535e+00 
2025-08-20 08:23:06,718 INFO: [topki..][epoch: 43, iter:  28,600, lr:(6.619e-04,1.859e-04,)][eta: 1 day, 3:37:34, time (data): 0.891 (0.137)]rfmnet: 1.2073e+00 l_total: 1.2073e+00 
2025-08-20 08:24:45,684 INFO: [topki..][epoch: 43, iter:  28,700, lr:(6.619e-04,1.859e-04,)][eta: 1 day, 3:29:48, time (data): 0.953 (0.138)]rfmnet: 1.1293e+00 l_total: 1.1293e+00 
2025-08-20 08:26:22,414 INFO: [topki..][epoch: 43, iter:  28,800, lr:(6.619e-04,1.859e-04,)][eta: 1 day, 3:22:01, time (data): 0.934 (0.154)]rfmnet: 1.2290e+00 l_total: 1.2290e+00 
2025-08-20 08:28:04,582 INFO: [topki..][epoch: 43, iter:  28,900, lr:(6.619e-04,1.859e-04,)][eta: 1 day, 3:14:24, time (data): 0.990 (0.144)]rfmnet: 1.2517e+00 l_total: 1.2517e+00 
2025-08-20 08:29:41,653 INFO: [topki..][epoch: 43, iter:  29,000, lr:(6.619e-04,1.859e-04,)][eta: 1 day, 3:06:42, time (data): 0.998 (0.159)]rfmnet: 1.1179e+00 l_total: 1.1179e+00 
2025-08-20 08:31:20,278 INFO: [topki..][epoch: 44, iter:  29,100, lr:(6.482e-04,1.389e-04,)][eta: 1 day, 2:59:05, time (data): 0.990 (0.173)]rfmnet: 1.1203e+00 l_total: 1.1203e+00 
2025-08-20 08:32:59,591 INFO: [topki..][epoch: 44, iter:  29,200, lr:(6.482e-04,1.389e-04,)][eta: 1 day, 2:51:32, time (data): 1.059 (0.149)]rfmnet: 1.1482e+00 l_total: 1.1482e+00 
2025-08-20 08:34:35,573 INFO: [topki..][epoch: 44, iter:  29,300, lr:(6.482e-04,1.389e-04,)][eta: 1 day, 2:43:56, time (data): 0.995 (0.149)]rfmnet: 1.2753e+00 l_total: 1.2753e+00 
2025-08-20 08:36:15,313 INFO: [topki..][epoch: 44, iter:  29,400, lr:(6.482e-04,1.389e-04,)][eta: 1 day, 2:36:28, time (data): 1.019 (0.150)]rfmnet: 1.0652e+00 l_total: 1.0652e+00 
2025-08-20 08:37:46,428 INFO: [topki..][epoch: 44, iter:  29,500, lr:(6.482e-04,1.389e-04,)][eta: 1 day, 2:28:51, time (data): 0.949 (0.143)]rfmnet: 1.3144e+00 l_total: 1.3144e+00 
2025-08-20 08:39:30,547 INFO: [topki..][epoch: 44, iter:  29,600, lr:(6.482e-04,1.389e-04,)][eta: 1 day, 2:21:33, time (data): 1.066 (0.149)]rfmnet: 1.5672e+00 l_total: 1.5672e+00 
2025-08-20 08:41:05,818 INFO: [topki..][epoch: 44, iter:  29,700, lr:(6.482e-04,1.389e-04,)][eta: 1 day, 2:14:07, time (data): 0.992 (0.159)]rfmnet: 1.1392e+00 l_total: 1.1392e+00 
2025-08-20 08:42:41,177 INFO: [topki..][epoch: 45, iter:  29,800, lr:(6.343e-04,1.098e-04,)][eta: 1 day, 2:06:42, time (data): 0.946 (0.131)]rfmnet: 1.1884e+00 l_total: 1.1884e+00 
2025-08-20 08:44:16,781 INFO: [topki..][epoch: 45, iter:  29,900, lr:(6.343e-04,1.098e-04,)][eta: 1 day, 1:59:21, time (data): 0.953 (0.136)]rfmnet: 1.1821e+00 l_total: 1.1821e+00 
2025-08-20 08:45:54,238 INFO: [topki..][epoch: 45, iter:  30,000, lr:(6.343e-04,1.098e-04,)][eta: 1 day, 1:52:03, time (data): 0.917 (0.153)]rfmnet: 1.2546e+00 l_total: 1.2546e+00 
2025-08-20 08:45:54,239 INFO: Saving models and training states.
2025-08-20 08:45:54,263 INFO: Start validation.
2025-08-20 08:47:15,962 INFO: Avg time: 0.3954
2025-08-20 08:47:16,058 INFO: Val auc: 0.6608
2025-08-20 08:47:16,061 INFO: Val avg error: 0.0788
2025-08-20 08:48:59,628 INFO: [topki..][epoch: 45, iter:  30,100, lr:(6.343e-04,1.098e-04,)][eta: 1 day, 1:46:38, time (data): 0.993 (0.145)]rfmnet: 1.2214e+00 l_total: 1.2214e+00 
2025-08-20 08:50:35,006 INFO: [topki..][epoch: 45, iter:  30,200, lr:(6.343e-04,1.098e-04,)][eta: 1 day, 1:39:22, time (data): 0.967 (0.146)]rfmnet: 1.2020e+00 l_total: 1.2020e+00 
2025-08-20 08:52:10,788 INFO: [topki..][epoch: 45, iter:  30,300, lr:(6.343e-04,1.098e-04,)][eta: 1 day, 1:32:09, time (data): 0.961 (0.143)]rfmnet: 1.0772e+00 l_total: 1.0772e+00 
2025-08-20 08:53:47,241 INFO: [topki..][epoch: 45, iter:  30,400, lr:(6.343e-04,1.098e-04,)][eta: 1 day, 1:24:59, time (data): 0.893 (0.156)]rfmnet: 1.3136e+00 l_total: 1.3136e+00 
2025-08-20 08:55:19,992 INFO: [topki..][epoch: 46, iter:  30,500, lr:(6.204e-04,1.000e-04,)][eta: 1 day, 1:17:47, time (data): 0.916 (0.174)]rfmnet: 1.1689e+00 l_total: 1.1689e+00 
2025-08-20 08:57:05,887 INFO: [topki..][epoch: 46, iter:  30,600, lr:(6.204e-04,1.000e-04,)][eta: 1 day, 1:10:53, time (data): 1.099 (0.173)]rfmnet: 1.1980e+00 l_total: 1.1980e+00 
2025-08-20 08:58:47,478 INFO: [topki..][epoch: 46, iter:  30,700, lr:(6.204e-04,1.000e-04,)][eta: 1 day, 1:03:55, time (data): 1.043 (0.162)]rfmnet: 1.1286e+00 l_total: 1.1286e+00 
2025-08-20 09:00:35,466 INFO: [topki..][epoch: 46, iter:  30,800, lr:(6.204e-04,1.000e-04,)][eta: 1 day, 0:57:08, time (data): 1.040 (0.182)]rfmnet: 1.1126e+00 l_total: 1.1126e+00 
2025-08-20 09:02:24,584 INFO: [topki..][epoch: 46, iter:  30,900, lr:(6.204e-04,1.000e-04,)][eta: 1 day, 0:50:23, time (data): 1.075 (0.170)]rfmnet: 1.0805e+00 l_total: 1.0805e+00 
2025-08-20 09:04:01,738 INFO: [topki..][epoch: 46, iter:  31,000, lr:(6.204e-04,1.000e-04,)][eta: 1 day, 0:43:27, time (data): 0.962 (0.163)]rfmnet: 1.1590e+00 l_total: 1.1590e+00 
2025-08-20 09:05:36,447 INFO: [topki..][epoch: 47, iter:  31,100, lr:(6.064e-04,1.098e-04,)][eta: 1 day, 0:36:29, time (data): 0.952 (0.158)]rfmnet: 1.2534e+00 l_total: 1.2534e+00 
2025-08-20 09:07:12,613 INFO: [topki..][epoch: 47, iter:  31,200, lr:(6.064e-04,1.098e-04,)][eta: 1 day, 0:29:35, time (data): 0.945 (0.152)]rfmnet: 1.1264e+00 l_total: 1.1264e+00 
2025-08-20 09:08:55,859 INFO: [topki..][epoch: 47, iter:  31,300, lr:(6.064e-04,1.098e-04,)][eta: 1 day, 0:22:52, time (data): 1.005 (0.164)]rfmnet: 1.2609e+00 l_total: 1.2609e+00 
2025-08-20 09:10:31,770 INFO: [topki..][epoch: 47, iter:  31,400, lr:(6.064e-04,1.098e-04,)][eta: 1 day, 0:16:02, time (data): 1.006 (0.141)]rfmnet: 1.1578e+00 l_total: 1.1578e+00 
2025-08-20 09:12:10,458 INFO: [topki..][epoch: 47, iter:  31,500, lr:(6.064e-04,1.098e-04,)][eta: 1 day, 0:09:17, time (data): 0.993 (0.149)]rfmnet: 1.1557e+00 l_total: 1.1557e+00 
2025-08-20 09:13:45,190 INFO: [topki..][epoch: 47, iter:  31,600, lr:(6.064e-04,1.098e-04,)][eta: 1 day, 0:02:30, time (data): 0.873 (0.161)]rfmnet: 1.1293e+00 l_total: 1.1293e+00 
2025-08-20 09:15:21,186 INFO: [topki..][epoch: 47, iter:  31,700, lr:(6.064e-04,1.098e-04,)][eta: 23:55:46, time (data): 0.934 (0.155)]rfmnet: 1.1632e+00 l_total: 1.1632e+00 
2025-08-20 09:16:51,343 INFO: [topki..][epoch: 48, iter:  31,800, lr:(5.923e-04,1.389e-04,)][eta: 23:48:57, time (data): 0.800 (0.200)]rfmnet: 2.6968e+00 l_total: 2.6968e+00 
2025-08-20 09:18:05,561 INFO: [topki..][epoch: 48, iter:  31,900, lr:(5.923e-04,1.389e-04,)][eta: 23:41:53, time (data): 0.759 (0.156)]rfmnet: 1.2238e+00 l_total: 1.2238e+00 
2025-08-20 09:19:30,841 INFO: [topki..][epoch: 48, iter:  32,000, lr:(5.923e-04,1.389e-04,)][eta: 23:35:03, time (data): 0.881 (0.135)]rfmnet: 1.1200e+00 l_total: 1.1200e+00 
2025-08-20 09:19:30,842 INFO: Saving models and training states.
2025-08-20 09:19:30,863 INFO: Start validation.
2025-08-20 09:20:57,578 INFO: Avg time: 0.4414
2025-08-20 09:20:57,688 INFO: Val auc: 0.6597
2025-08-20 09:20:57,693 INFO: Val avg error: 0.0708
2025-08-20 09:22:19,597 INFO: [topki..][epoch: 48, iter:  32,100, lr:(5.923e-04,1.389e-04,)][eta: 23:29:47, time (data): 0.835 (0.145)]rfmnet: 1.4410e+00 l_total: 1.4410e+00 
2025-08-20 09:23:47,598 INFO: [topki..][epoch: 48, iter:  32,200, lr:(5.923e-04,1.389e-04,)][eta: 23:23:04, time (data): 0.968 (0.134)]rfmnet: 1.1312e+00 l_total: 1.1312e+00 
2025-08-20 09:25:13,123 INFO: [topki..][epoch: 48, iter:  32,300, lr:(5.923e-04,1.389e-04,)][eta: 23:16:19, time (data): 0.887 (0.138)]rfmnet: 1.1861e+00 l_total: 1.1861e+00 
2025-08-20 09:26:32,036 INFO: [topki..][epoch: 48, iter:  32,400, lr:(5.923e-04,1.389e-04,)][eta: 23:09:30, time (data): 0.809 (0.136)]rfmnet: 1.3645e+00 l_total: 1.3645e+00 
2025-08-20 09:28:00,773 INFO: [topki..][epoch: 49, iter:  32,500, lr:(5.783e-04,1.859e-04,)][eta: 23:02:53, time (data): 0.865 (0.147)]rfmnet: 1.2517e+00 l_total: 1.2517e+00 
2025-08-20 09:29:25,413 INFO: [topki..][epoch: 49, iter:  32,600, lr:(5.783e-04,1.859e-04,)][eta: 22:56:14, time (data): 0.752 (0.135)]rfmnet: 1.1192e+00 l_total: 1.1192e+00 
2025-08-20 09:30:43,436 INFO: [topki..][epoch: 49, iter:  32,700, lr:(5.783e-04,1.859e-04,)][eta: 22:49:29, time (data): 0.773 (0.136)]rfmnet: 1.3841e+00 l_total: 1.3841e+00 
2025-08-20 09:32:10,596 INFO: [topki..][epoch: 49, iter:  32,800, lr:(5.783e-04,1.859e-04,)][eta: 22:42:57, time (data): 0.972 (0.147)]rfmnet: 1.2244e+00 l_total: 1.2244e+00 
2025-08-20 09:33:38,569 INFO: [topki..][epoch: 49, iter:  32,900, lr:(5.783e-04,1.859e-04,)][eta: 22:36:27, time (data): 0.905 (0.137)]rfmnet: 1.2672e+00 l_total: 1.2672e+00 
2025-08-20 09:34:48,421 INFO: [topki..][epoch: 49, iter:  33,000, lr:(5.783e-04,1.859e-04,)][eta: 22:29:39, time (data): 0.687 (0.134)]rfmnet: 1.1859e+00 l_total: 1.1859e+00 
2025-08-20 09:36:10,935 INFO: [topki..][epoch: 49, iter:  33,100, lr:(5.783e-04,1.859e-04,)][eta: 22:23:07, time (data): 0.789 (0.135)]rfmnet: 1.3800e+00 l_total: 1.3800e+00 
2025-08-20 09:37:35,685 INFO: [topki..][epoch: 50, iter:  33,200, lr:(5.641e-04,2.489e-04,)][eta: 22:16:40, time (data): 0.686 (0.133)]rfmnet: 1.1875e+00 l_total: 1.1875e+00 
2025-08-20 09:38:51,132 INFO: [topki..][epoch: 50, iter:  33,300, lr:(5.641e-04,2.489e-04,)][eta: 22:10:04, time (data): 0.737 (0.133)]rfmnet: 1.0910e+00 l_total: 1.0910e+00 
2025-08-20 09:40:15,458 INFO: [topki..][epoch: 50, iter:  33,400, lr:(5.641e-04,2.489e-04,)][eta: 22:03:39, time (data): 0.911 (0.140)]rfmnet: 1.2064e+00 l_total: 1.2064e+00 
2025-08-20 09:41:49,256 INFO: [topki..][epoch: 50, iter:  33,500, lr:(5.641e-04,2.489e-04,)][eta: 21:57:26, time (data): 0.931 (0.143)]rfmnet: 2.6207e+00 l_total: 2.6207e+00 
2025-08-20 09:43:14,564 INFO: [topki..][epoch: 50, iter:  33,600, lr:(5.641e-04,2.489e-04,)][eta: 21:51:06, time (data): 0.848 (0.144)]rfmnet: 1.2711e+00 l_total: 1.2711e+00 
2025-08-20 09:44:43,971 INFO: [topki..][epoch: 50, iter:  33,700, lr:(5.641e-04,2.489e-04,)][eta: 21:44:52, time (data): 0.883 (0.138)]rfmnet: 1.3195e+00 l_total: 1.3195e+00 
2025-08-20 09:46:14,059 INFO: [topki..][epoch: 50, iter:  33,800, lr:(5.641e-04,2.489e-04,)][eta: 21:38:40, time (data): 0.954 (0.125)]rfmnet: 1.3205e+00 l_total: 1.3205e+00 
2025-08-20 09:48:03,507 INFO: [topki..][epoch: 51, iter:  33,900, lr:(5.500e-04,3.250e-04,)][eta: 21:32:49, time (data): 1.060 (0.167)]rfmnet: 1.0494e+00 l_total: 1.0494e+00 
2025-08-20 09:49:39,353 INFO: [topki..][epoch: 51, iter:  34,000, lr:(5.500e-04,3.250e-04,)][eta: 21:26:46, time (data): 0.924 (0.157)]rfmnet: 1.1458e+00 l_total: 1.1458e+00 
2025-08-20 09:49:39,354 INFO: Saving models and training states.
2025-08-20 09:49:39,379 INFO: Start validation.
2025-08-20 09:51:15,600 INFO: Avg time: 0.5920
2025-08-20 09:51:15,754 INFO: Val auc: 0.6659
2025-08-20 09:51:15,757 INFO: Val avg error: 0.0711
2025-08-20 09:52:49,481 INFO: [topki..][epoch: 51, iter:  34,100, lr:(5.500e-04,3.250e-04,)][eta: 21:22:18, time (data): 0.931 (0.156)]rfmnet: 9.4696e-01 l_total: 9.4696e-01 
2025-08-20 09:54:27,520 INFO: [topki..][epoch: 51, iter:  34,200, lr:(5.500e-04,3.250e-04,)][eta: 21:16:19, time (data): 1.012 (0.153)]rfmnet: 1.2010e+00 l_total: 1.2010e+00 
2025-08-20 09:55:59,020 INFO: [topki..][epoch: 51, iter:  34,300, lr:(5.500e-04,3.250e-04,)][eta: 21:10:16, time (data): 0.937 (0.151)]rfmnet: 1.2609e+00 l_total: 1.2609e+00 
2025-08-20 09:57:31,847 INFO: [topki..][epoch: 51, iter:  34,400, lr:(5.500e-04,3.250e-04,)][eta: 21:04:16, time (data): 1.008 (0.138)]rfmnet: 1.1641e+00 l_total: 1.1641e+00 
2025-08-20 09:59:04,425 INFO: [topki..][epoch: 52, iter:  34,500, lr:(5.359e-04,4.109e-04,)][eta: 20:58:17, time (data): 0.944 (0.151)]rfmnet: 1.1646e+00 l_total: 1.1646e+00 
2025-08-20 10:00:46,186 INFO: [topki..][epoch: 52, iter:  34,600, lr:(5.359e-04,4.109e-04,)][eta: 20:52:29, time (data): 1.024 (0.158)]rfmnet: 1.1225e+00 l_total: 1.1225e+00 
2025-08-20 10:02:29,933 INFO: [topki..][epoch: 52, iter:  34,700, lr:(5.359e-04,4.109e-04,)][eta: 20:46:43, time (data): 1.035 (0.155)]rfmnet: 1.1150e+00 l_total: 1.1150e+00 
2025-08-20 10:04:06,375 INFO: [topki..][epoch: 52, iter:  34,800, lr:(5.359e-04,4.109e-04,)][eta: 20:40:53, time (data): 1.039 (0.137)]rfmnet: 1.1143e+00 l_total: 1.1143e+00 
2025-08-20 10:05:44,334 INFO: [topki..][epoch: 52, iter:  34,900, lr:(5.359e-04,4.109e-04,)][eta: 20:35:05, time (data): 0.992 (0.139)]rfmnet: 1.1116e+00 l_total: 1.1116e+00 
2025-08-20 10:07:22,979 INFO: [topki..][epoch: 52, iter:  35,000, lr:(5.359e-04,4.109e-04,)][eta: 20:29:19, time (data): 0.898 (0.171)]rfmnet: 1.0438e+00 l_total: 1.0438e+00 
2025-08-20 10:09:00,345 INFO: [topki..][epoch: 52, iter:  35,100, lr:(5.359e-04,4.109e-04,)][eta: 20:23:33, time (data): 0.958 (0.150)]rfmnet: 1.2265e+00 l_total: 1.2265e+00 
2025-08-20 10:10:45,602 INFO: [topki..][epoch: 53, iter:  35,200, lr:(5.217e-04,5.030e-04,)][eta: 20:17:56, time (data): 1.053 (0.146)]rfmnet: 1.1230e+00 l_total: 1.1230e+00 
2025-08-20 10:12:21,643 INFO: [topki..][epoch: 53, iter:  35,300, lr:(5.217e-04,5.030e-04,)][eta: 20:12:12, time (data): 0.979 (0.156)]rfmnet: 1.1569e+00 l_total: 1.1569e+00 
2025-08-20 10:13:51,034 INFO: [topki..][epoch: 53, iter:  35,400, lr:(5.217e-04,5.030e-04,)][eta: 20:06:24, time (data): 0.917 (0.145)]rfmnet: 1.0644e+00 l_total: 1.0644e+00 
2025-08-20 10:15:27,558 INFO: [topki..][epoch: 53, iter:  35,500, lr:(5.217e-04,5.030e-04,)][eta: 20:00:43, time (data): 0.956 (0.147)]rfmnet: 1.0657e+00 l_total: 1.0657e+00 
2025-08-20 10:16:56,845 INFO: [topki..][epoch: 53, iter:  35,600, lr:(5.217e-04,5.030e-04,)][eta: 19:54:57, time (data): 0.913 (0.170)]rfmnet: 1.1633e+00 l_total: 1.1633e+00 
2025-08-20 10:18:33,188 INFO: [topki..][epoch: 53, iter:  35,700, lr:(5.217e-04,5.030e-04,)][eta: 19:49:19, time (data): 0.954 (0.158)]rfmnet: 1.1665e+00 l_total: 1.1665e+00 
2025-08-20 10:20:14,001 INFO: [topki..][epoch: 53, iter:  35,800, lr:(5.217e-04,5.030e-04,)][eta: 19:43:46, time (data): 0.998 (0.181)]rfmnet: 1.0538e+00 l_total: 1.0538e+00 
2025-08-20 10:21:46,517 INFO: [topki..][epoch: 54, iter:  35,900, lr:(5.077e-04,5.970e-04,)][eta: 19:38:07, time (data): 0.938 (0.170)]rfmnet: 1.1248e+00 l_total: 1.1248e+00 
2025-08-20 10:23:19,689 INFO: [topki..][epoch: 54, iter:  36,000, lr:(5.077e-04,5.970e-04,)][eta: 19:32:30, time (data): 0.973 (0.162)]rfmnet: 1.0974e+00 l_total: 1.0974e+00 
2025-08-20 10:23:19,689 INFO: Saving models and training states.
2025-08-20 10:23:19,713 INFO: Start validation.
2025-08-20 10:24:50,129 INFO: Avg time: 0.6641
2025-08-20 10:24:50,342 INFO: Val auc: 0.6637
2025-08-20 10:24:50,346 INFO: Val avg error: 0.0750
2025-08-20 10:26:27,973 INFO: [topki..][epoch: 54, iter:  36,100, lr:(5.077e-04,5.970e-04,)][eta: 19:28:17, time (data): 0.973 (0.172)]rfmnet: 1.1541e+00 l_total: 1.1541e+00 
2025-08-20 10:27:59,425 INFO: [topki..][epoch: 54, iter:  36,200, lr:(5.077e-04,5.970e-04,)][eta: 19:22:41, time (data): 0.899 (0.147)]rfmnet: 1.1178e+00 l_total: 1.1178e+00 
2025-08-20 10:29:31,946 INFO: [topki..][epoch: 54, iter:  36,300, lr:(5.077e-04,5.970e-04,)][eta: 19:17:07, time (data): 0.921 (0.144)]rfmnet: 1.1421e+00 l_total: 1.1421e+00 
2025-08-20 10:31:08,802 INFO: [topki..][epoch: 54, iter:  36,400, lr:(5.077e-04,5.970e-04,)][eta: 19:11:38, time (data): 0.966 (0.133)]rfmnet: 1.1196e+00 l_total: 1.1196e+00 
2025-08-20 10:32:42,171 INFO: [topki..][epoch: 54, iter:  36,500, lr:(5.077e-04,5.970e-04,)][eta: 19:06:08, time (data): 0.939 (0.145)]rfmnet: 1.3619e+00 l_total: 1.3619e+00 
2025-08-20 10:34:19,698 INFO: [topki..][epoch: 55, iter:  36,600, lr:(4.936e-04,6.891e-04,)][eta: 19:00:42, time (data): 1.111 (0.144)]rfmnet: 1.2169e+00 l_total: 1.2169e+00 
2025-08-20 10:35:40,689 INFO: [topki..][epoch: 55, iter:  36,700, lr:(4.936e-04,6.891e-04,)][eta: 18:55:03, time (data): 0.856 (0.150)]rfmnet: 1.2273e+00 l_total: 1.2273e+00 
2025-08-20 10:37:07,021 INFO: [topki..][epoch: 55, iter:  36,800, lr:(4.936e-04,6.891e-04,)][eta: 18:49:31, time (data): 1.040 (0.133)]rfmnet: 7.9270e-01 l_total: 7.9270e-01 
2025-08-20 10:38:36,414 INFO: [topki..][epoch: 55, iter:  36,900, lr:(4.936e-04,6.891e-04,)][eta: 18:44:02, time (data): 0.915 (0.137)]rfmnet: 1.1667e+00 l_total: 1.1667e+00 
2025-08-20 10:39:45,276 INFO: [topki..][epoch: 55, iter:  37,000, lr:(4.936e-04,6.891e-04,)][eta: 18:38:18, time (data): 0.673 (0.134)]rfmnet: 1.3750e+00 l_total: 1.3750e+00 
2025-08-20 10:40:56,652 INFO: [topki..][epoch: 55, iter:  37,100, lr:(4.936e-04,6.891e-04,)][eta: 18:32:37, time (data): 0.708 (0.146)]rfmnet: 1.1659e+00 l_total: 1.1659e+00 
2025-08-20 10:42:12,620 INFO: [topki..][epoch: 56, iter:  37,200, lr:(4.796e-04,7.750e-04,)][eta: 18:27:01, time (data): 0.706 (0.143)]rfmnet: 1.0900e+00 l_total: 1.0900e+00 
2025-08-20 10:43:35,779 INFO: [topki..][epoch: 56, iter:  37,300, lr:(4.796e-04,7.750e-04,)][eta: 18:21:33, time (data): 0.815 (0.139)]rfmnet: 1.1654e+00 l_total: 1.1654e+00 
2025-08-20 10:45:07,388 INFO: [topki..][epoch: 56, iter:  37,400, lr:(4.796e-04,7.750e-04,)][eta: 18:16:12, time (data): 0.960 (0.134)]rfmnet: 1.0948e+00 l_total: 1.0948e+00 
2025-08-20 10:46:36,196 INFO: [topki..][epoch: 56, iter:  37,500, lr:(4.796e-04,7.750e-04,)][eta: 18:10:51, time (data): 0.897 (0.146)]rfmnet: 1.1269e+00 l_total: 1.1269e+00 
2025-08-20 10:48:00,613 INFO: [topki..][epoch: 56, iter:  37,600, lr:(4.796e-04,7.750e-04,)][eta: 18:05:27, time (data): 0.833 (0.148)]rfmnet: 1.2365e+00 l_total: 1.2365e+00 
2025-08-20 10:49:25,065 INFO: [topki..][epoch: 56, iter:  37,700, lr:(4.796e-04,7.750e-04,)][eta: 18:00:05, time (data): 0.843 (0.148)]rfmnet: 1.1741e+00 l_total: 1.1741e+00 
2025-08-20 10:50:57,149 INFO: [topki..][epoch: 56, iter:  37,800, lr:(4.796e-04,7.750e-04,)][eta: 17:54:50, time (data): 0.780 (0.149)]rfmnet: 1.0182e+00 l_total: 1.0182e+00 
2025-08-20 10:52:23,775 INFO: [topki..][epoch: 57, iter:  37,900, lr:(4.657e-04,8.511e-04,)][eta: 17:49:32, time (data): 0.857 (0.154)]rfmnet: 1.2407e+00 l_total: 1.2407e+00 
2025-08-20 10:53:47,365 INFO: [topki..][epoch: 57, iter:  38,000, lr:(4.657e-04,8.511e-04,)][eta: 17:44:13, time (data): 0.833 (0.137)]rfmnet: 1.1750e+00 l_total: 1.1750e+00 
2025-08-20 10:53:47,366 INFO: Saving models and training states.
2025-08-20 10:53:47,385 INFO: Start validation.
2025-08-20 10:55:10,971 INFO: Avg time: 0.4561
2025-08-20 10:55:11,078 INFO: Val auc: 0.6684
2025-08-20 10:55:11,083 INFO: Val avg error: 0.0728
2025-08-20 10:56:25,077 INFO: [topki..][epoch: 57, iter:  38,100, lr:(4.657e-04,8.511e-04,)][eta: 17:39:52, time (data): 0.747 (0.139)]rfmnet: 1.0875e+00 l_total: 1.0875e+00 
2025-08-20 10:57:54,688 INFO: [topki..][epoch: 57, iter:  38,200, lr:(4.657e-04,8.511e-04,)][eta: 17:34:40, time (data): 1.061 (0.180)]rfmnet: 1.2458e+00 l_total: 1.2458e+00 
2025-08-20 10:59:18,202 INFO: [topki..][epoch: 57, iter:  38,300, lr:(4.657e-04,8.511e-04,)][eta: 17:29:24, time (data): 0.856 (0.146)]rfmnet: 1.2072e+00 l_total: 1.2072e+00 
2025-08-20 11:00:45,254 INFO: [topki..][epoch: 57, iter:  38,400, lr:(4.657e-04,8.511e-04,)][eta: 17:24:11, time (data): 0.756 (0.128)]rfmnet: 1.2349e+00 l_total: 1.2349e+00 
2025-08-20 11:02:12,035 INFO: [topki..][epoch: 57, iter:  38,500, lr:(4.657e-04,8.511e-04,)][eta: 17:19:00, time (data): 0.859 (0.135)]rfmnet: 2.3572e+00 l_total: 2.3572e+00 
2025-08-20 11:03:40,692 INFO: [topki..][epoch: 58, iter:  38,600, lr:(4.518e-04,9.141e-04,)][eta: 17:13:52, time (data): 0.796 (0.139)]rfmnet: 9.9228e-01 l_total: 9.9228e-01 
2025-08-20 11:04:58,347 INFO: [topki..][epoch: 58, iter:  38,700, lr:(4.518e-04,9.141e-04,)][eta: 17:08:36, time (data): 0.778 (0.127)]rfmnet: 9.8577e-01 l_total: 9.8577e-01 
2025-08-20 11:06:30,050 INFO: [topki..][epoch: 58, iter:  38,800, lr:(4.518e-04,9.141e-04,)][eta: 17:03:32, time (data): 0.905 (0.138)]rfmnet: 1.2329e+00 l_total: 1.2329e+00 
2025-08-20 11:08:17,734 INFO: [topki..][epoch: 58, iter:  38,900, lr:(4.518e-04,9.141e-04,)][eta: 16:58:41, time (data): 1.066 (0.144)]rfmnet: 1.2180e+00 l_total: 1.2180e+00 
2025-08-20 11:09:52,386 INFO: [topki..][epoch: 58, iter:  39,000, lr:(4.518e-04,9.141e-04,)][eta: 16:53:41, time (data): 0.951 (0.120)]rfmnet: 1.0628e+00 l_total: 1.0628e+00 
2025-08-20 11:11:23,905 INFO: [topki..][epoch: 58, iter:  39,100, lr:(4.518e-04,9.141e-04,)][eta: 16:48:40, time (data): 0.917 (0.138)]rfmnet: 8.9083e-01 l_total: 8.9083e-01 
2025-08-20 11:12:59,597 INFO: [topki..][epoch: 58, iter:  39,200, lr:(4.518e-04,9.141e-04,)][eta: 16:43:43, time (data): 1.053 (0.151)]rfmnet: 1.1567e+00 l_total: 1.1567e+00 
2025-08-20 11:14:34,250 INFO: [topki..][epoch: 59, iter:  39,300, lr:(4.381e-04,9.611e-04,)][eta: 16:38:47, time (data): 0.952 (0.181)]rfmnet: 9.9358e-01 l_total: 9.9358e-01 
2025-08-20 11:16:13,622 INFO: [topki..][epoch: 59, iter:  39,400, lr:(4.381e-04,9.611e-04,)][eta: 16:33:54, time (data): 1.207 (0.154)]rfmnet: 1.0991e+00 l_total: 1.0991e+00 
2025-08-20 11:17:55,447 INFO: [topki..][epoch: 59, iter:  39,500, lr:(4.381e-04,9.611e-04,)][eta: 16:29:05, time (data): 1.025 (0.144)]rfmnet: 1.1568e+00 l_total: 1.1568e+00 
2025-08-20 11:19:19,765 INFO: [topki..][epoch: 59, iter:  39,600, lr:(4.381e-04,9.611e-04,)][eta: 16:24:04, time (data): 0.805 (0.143)]rfmnet: 1.0659e+00 l_total: 1.0659e+00 
2025-08-20 11:20:53,390 INFO: [topki..][epoch: 59, iter:  39,700, lr:(4.381e-04,9.611e-04,)][eta: 16:19:11, time (data): 0.932 (0.145)]rfmnet: 1.2180e+00 l_total: 1.2180e+00 
2025-08-20 11:22:35,727 INFO: [topki..][epoch: 59, iter:  39,800, lr:(4.381e-04,9.611e-04,)][eta: 16:14:25, time (data): 1.139 (0.161)]rfmnet: 1.2796e+00 l_total: 1.2796e+00 
2025-08-20 11:24:20,655 INFO: [topki..][epoch: 60, iter:  39,900, lr:(4.245e-04,9.902e-04,)][eta: 16:09:41, time (data): 1.051 (0.179)]rfmnet: 1.2197e+00 l_total: 1.2197e+00 
2025-08-20 11:25:55,941 INFO: [topki..][epoch: 60, iter:  40,000, lr:(4.245e-04,9.902e-04,)][eta: 16:04:52, time (data): 0.834 (0.081)]rfmnet: 1.2945e+00 l_total: 1.2945e+00 
2025-08-20 11:25:55,941 INFO: Saving models and training states.
2025-08-20 11:25:55,969 INFO: Start validation.
2025-08-20 11:27:22,568 INFO: Avg time: 0.7762
2025-08-20 11:27:22,774 INFO: Val auc: 0.6694
2025-08-20 11:27:22,777 INFO: Val avg error: 0.0717
2025-08-20 11:29:06,764 INFO: [topki..][epoch: 60, iter:  40,100, lr:(4.245e-04,9.902e-04,)][eta: 16:01:09, time (data): 1.033 (0.163)]rfmnet: 1.0178e+00 l_total: 1.0178e+00 
2025-08-20 11:30:49,683 INFO: [topki..][epoch: 60, iter:  40,200, lr:(4.245e-04,9.902e-04,)][eta: 15:56:27, time (data): 1.031 (0.165)]rfmnet: 1.0263e+00 l_total: 1.0263e+00 
2025-08-20 11:32:34,789 INFO: [topki..][epoch: 60, iter:  40,300, lr:(4.245e-04,9.902e-04,)][eta: 15:51:47, time (data): 1.051 (0.167)]rfmnet: 1.1501e+00 l_total: 1.1501e+00 
2025-08-20 11:34:05,938 INFO: [topki..][epoch: 60, iter:  40,400, lr:(4.245e-04,9.902e-04,)][eta: 15:46:58, time (data): 0.981 (0.163)]rfmnet: 1.2122e+00 l_total: 1.2122e+00 
2025-08-20 11:35:44,713 INFO: [topki..][epoch: 60, iter:  40,500, lr:(4.245e-04,9.902e-04,)][eta: 15:42:15, time (data): 0.988 (0.143)]rfmnet: 1.1121e+00 l_total: 1.1121e+00 
2025-08-20 11:37:30,796 INFO: [topki..][epoch: 61, iter:  40,600, lr:(4.109e-04,1.000e-03,)][eta: 15:37:38, time (data): 1.024 (0.162)]rfmnet: 1.1029e+00 l_total: 1.1029e+00 
2025-08-20 11:38:54,787 INFO: [topki..][epoch: 61, iter:  40,700, lr:(4.109e-04,1.000e-03,)][eta: 15:32:48, time (data): 0.830 (0.146)]rfmnet: 1.1239e+00 l_total: 1.1239e+00 
2025-08-20 11:40:35,784 INFO: [topki..][epoch: 61, iter:  40,800, lr:(4.109e-04,1.000e-03,)][eta: 15:28:09, time (data): 0.921 (0.144)]rfmnet: 1.2390e+00 l_total: 1.2390e+00 
2025-08-20 11:42:05,180 INFO: [topki..][epoch: 61, iter:  40,900, lr:(4.109e-04,1.000e-03,)][eta: 15:23:24, time (data): 0.886 (0.148)]rfmnet: 7.7999e-01 l_total: 7.7999e-01 
2025-08-20 11:43:42,171 INFO: [topki..][epoch: 61, iter:  41,000, lr:(4.109e-04,1.000e-03,)][eta: 15:18:45, time (data): 0.928 (0.146)]rfmnet: 1.1127e+00 l_total: 1.1127e+00 
2025-08-20 11:45:16,209 INFO: [topki..][epoch: 61, iter:  41,100, lr:(4.109e-04,1.000e-03,)][eta: 15:14:05, time (data): 0.938 (0.139)]rfmnet: 1.1505e+00 l_total: 1.1505e+00 
2025-08-20 11:47:02,158 INFO: [topki..][epoch: 61, iter:  41,200, lr:(4.109e-04,1.000e-03,)][eta: 15:09:33, time (data): 1.000 (0.143)]rfmnet: 1.2302e+00 l_total: 1.2302e+00 
2025-08-20 11:48:39,672 INFO: [topki..][epoch: 62, iter:  41,300, lr:(3.976e-04,9.902e-04,)][eta: 15:04:57, time (data): 0.991 (0.164)]rfmnet: 1.2434e+00 l_total: 1.2434e+00 
2025-08-20 11:50:19,379 INFO: [topki..][epoch: 62, iter:  41,400, lr:(3.976e-04,9.902e-04,)][eta: 15:00:23, time (data): 0.994 (0.148)]rfmnet: 1.1865e+00 l_total: 1.1865e+00 
2025-08-20 11:51:55,304 INFO: [topki..][epoch: 62, iter:  41,500, lr:(3.976e-04,9.902e-04,)][eta: 14:55:47, time (data): 0.961 (0.157)]rfmnet: 1.1157e+00 l_total: 1.1157e+00 
2025-08-20 11:53:29,197 INFO: [topki..][epoch: 62, iter:  41,600, lr:(3.976e-04,9.902e-04,)][eta: 14:51:11, time (data): 0.950 (0.153)]rfmnet: 1.2009e+00 l_total: 1.2009e+00 
2025-08-20 11:55:06,915 INFO: [topki..][epoch: 62, iter:  41,700, lr:(3.976e-04,9.902e-04,)][eta: 14:46:39, time (data): 0.968 (0.137)]rfmnet: 1.4090e+00 l_total: 1.4090e+00 
2025-08-20 11:56:29,971 INFO: [topki..][epoch: 62, iter:  41,800, lr:(3.976e-04,9.902e-04,)][eta: 14:41:58, time (data): 0.897 (0.143)]rfmnet: 1.4286e+00 l_total: 1.4286e+00 
2025-08-20 11:57:49,752 INFO: [topki..][epoch: 62, iter:  41,900, lr:(3.976e-04,9.902e-04,)][eta: 14:37:16, time (data): 0.807 (0.140)]rfmnet: 9.9061e-01 l_total: 9.9061e-01 
2025-08-20 11:59:22,445 INFO: [topki..][epoch: 63, iter:  42,000, lr:(3.843e-04,9.611e-04,)][eta: 14:32:43, time (data): 0.869 (0.148)]rfmnet: 1.1074e+00 l_total: 1.1074e+00 
2025-08-20 11:59:22,446 INFO: Saving models and training states.
2025-08-20 11:59:22,465 INFO: Start validation.
2025-08-20 12:00:45,292 INFO: Avg time: 0.3533
2025-08-20 12:00:45,401 INFO: Val auc: 0.6655
2025-08-20 12:00:45,406 INFO: Val avg error: 0.0730
2025-08-20 12:02:06,742 INFO: [topki..][epoch: 63, iter:  42,100, lr:(3.843e-04,9.611e-04,)][eta: 14:28:54, time (data): 0.830 (0.134)]rfmnet: 1.2838e+00 l_total: 1.2838e+00 
2025-08-20 12:03:39,407 INFO: [topki..][epoch: 63, iter:  42,200, lr:(3.843e-04,9.611e-04,)][eta: 14:24:22, time (data): 0.881 (0.135)]rfmnet: 1.1578e+00 l_total: 1.1578e+00 
2025-08-20 12:05:03,898 INFO: [topki..][epoch: 63, iter:  42,300, lr:(3.843e-04,9.611e-04,)][eta: 14:19:46, time (data): 0.844 (0.146)]rfmnet: 9.8932e-01 l_total: 9.8932e-01 
2025-08-20 12:06:21,569 INFO: [topki..][epoch: 63, iter:  42,400, lr:(3.843e-04,9.611e-04,)][eta: 14:15:07, time (data): 0.809 (0.141)]rfmnet: 1.2061e+00 l_total: 1.2061e+00 
2025-08-20 12:07:50,983 INFO: [topki..][epoch: 63, iter:  42,500, lr:(3.843e-04,9.611e-04,)][eta: 14:10:36, time (data): 0.891 (0.138)]rfmnet: 1.1534e+00 l_total: 1.1534e+00 
2025-08-20 12:09:15,596 INFO: [topki..][epoch: 64, iter:  42,600, lr:(3.713e-04,9.141e-04,)][eta: 14:06:03, time (data): 0.867 (0.158)]rfmnet: 1.4851e+00 l_total: 1.4851e+00 
2025-08-20 12:10:39,790 INFO: [topki..][epoch: 64, iter:  42,700, lr:(3.713e-04,9.141e-04,)][eta: 14:01:31, time (data): 0.849 (0.159)]rfmnet: 1.1732e+00 l_total: 1.1732e+00 
2025-08-20 12:12:11,133 INFO: [topki..][epoch: 64, iter:  42,800, lr:(3.713e-04,9.141e-04,)][eta: 13:57:03, time (data): 0.883 (0.152)]rfmnet: 1.1642e+00 l_total: 1.1642e+00 
2025-08-20 12:13:39,157 INFO: [topki..][epoch: 64, iter:  42,900, lr:(3.713e-04,9.141e-04,)][eta: 13:52:35, time (data): 0.881 (0.165)]rfmnet: 9.9700e-01 l_total: 9.9700e-01 
2025-08-20 12:15:03,578 INFO: [topki..][epoch: 64, iter:  43,000, lr:(3.713e-04,9.141e-04,)][eta: 13:48:05, time (data): 0.861 (0.157)]rfmnet: 1.2149e+00 l_total: 1.2149e+00 
2025-08-20 12:16:34,899 INFO: [topki..][epoch: 64, iter:  43,100, lr:(3.713e-04,9.141e-04,)][eta: 13:43:40, time (data): 0.907 (0.146)]rfmnet: 1.0549e+00 l_total: 1.0549e+00 
2025-08-20 12:17:58,985 INFO: [topki..][epoch: 64, iter:  43,200, lr:(3.713e-04,9.141e-04,)][eta: 13:39:12, time (data): 0.872 (0.154)]rfmnet: 1.2266e+00 l_total: 1.2266e+00 
2025-08-20 12:19:08,762 INFO: [topki..][epoch: 65, iter:  43,300, lr:(3.584e-04,8.511e-04,)][eta: 13:34:37, time (data): 0.702 (0.164)]rfmnet: 1.1360e+00 l_total: 1.1360e+00 
2025-08-20 12:20:14,443 INFO: [topki..][epoch: 65, iter:  43,400, lr:(3.584e-04,8.511e-04,)][eta: 13:30:00, time (data): 0.678 (0.149)]rfmnet: 1.5210e+00 l_total: 1.5210e+00 
2025-08-20 12:21:19,726 INFO: [topki..][epoch: 65, iter:  43,500, lr:(3.584e-04,8.511e-04,)][eta: 13:25:24, time (data): 0.657 (0.144)]rfmnet: 1.1813e+00 l_total: 1.1813e+00 
2025-08-20 12:22:47,463 INFO: [topki..][epoch: 65, iter:  43,600, lr:(3.584e-04,8.511e-04,)][eta: 13:21:02, time (data): 0.777 (0.137)]rfmnet: 1.1643e+00 l_total: 1.1643e+00 
2025-08-20 12:24:17,116 INFO: [topki..][epoch: 65, iter:  43,700, lr:(3.584e-04,8.511e-04,)][eta: 13:16:41, time (data): 0.903 (0.135)]rfmnet: 1.2074e+00 l_total: 1.2074e+00 
2025-08-20 12:25:41,483 INFO: [topki..][epoch: 65, iter:  43,800, lr:(3.584e-04,8.511e-04,)][eta: 13:12:18, time (data): 0.871 (0.137)]rfmnet: 1.0874e+00 l_total: 1.0874e+00 
2025-08-20 12:27:06,853 INFO: [topki..][epoch: 65, iter:  43,900, lr:(3.584e-04,8.511e-04,)][eta: 13:07:57, time (data): 0.857 (0.139)]rfmnet: 1.1204e+00 l_total: 1.1204e+00 
2025-08-20 12:28:46,385 INFO: [topki..][epoch: 66, iter:  44,000, lr:(3.457e-04,7.750e-04,)][eta: 13:03:44, time (data): 0.933 (0.160)]rfmnet: 1.2382e+00 l_total: 1.2382e+00 
2025-08-20 12:28:46,386 INFO: Saving models and training states.
2025-08-20 12:28:46,406 INFO: Start validation.
2025-08-20 12:30:20,205 INFO: Avg time: 0.7556
2025-08-20 12:30:20,328 INFO: Val auc: 0.6704
2025-08-20 12:30:20,333 INFO: Val avg error: 0.0698
2025-08-20 12:31:59,231 INFO: [topki..][epoch: 66, iter:  44,100, lr:(3.457e-04,7.750e-04,)][eta: 13:00:21, time (data): 1.007 (0.144)]rfmnet: 9.8814e-01 l_total: 9.8814e-01 
2025-08-20 12:33:33,522 INFO: [topki..][epoch: 66, iter:  44,200, lr:(3.457e-04,7.750e-04,)][eta: 12:56:06, time (data): 0.972 (0.148)]rfmnet: 1.2175e+00 l_total: 1.2175e+00 
2025-08-20 12:35:14,873 INFO: [topki..][epoch: 66, iter:  44,300, lr:(3.457e-04,7.750e-04,)][eta: 12:51:56, time (data): 1.044 (0.162)]rfmnet: 1.1672e+00 l_total: 1.1672e+00 
2025-08-20 12:36:50,654 INFO: [topki..][epoch: 66, iter:  44,400, lr:(3.457e-04,7.750e-04,)][eta: 12:47:43, time (data): 0.996 (0.157)]rfmnet: 1.1393e+00 l_total: 1.1393e+00 
2025-08-20 12:38:23,434 INFO: [topki..][epoch: 66, iter:  44,500, lr:(3.457e-04,7.750e-04,)][eta: 12:43:30, time (data): 0.900 (0.144)]rfmnet: 1.2918e+00 l_total: 1.2918e+00 
2025-08-20 12:39:54,322 INFO: [topki..][epoch: 66, iter:  44,600, lr:(3.457e-04,7.750e-04,)][eta: 12:39:16, time (data): 0.905 (0.153)]rfmnet: 1.1274e+00 l_total: 1.1274e+00 
2025-08-20 12:41:34,911 INFO: [topki..][epoch: 67, iter:  44,700, lr:(3.332e-04,6.891e-04,)][eta: 12:35:08, time (data): 1.028 (0.141)]rfmnet: 1.1764e+00 l_total: 1.1764e+00 
2025-08-20 12:43:15,374 INFO: [topki..][epoch: 67, iter:  44,800, lr:(3.332e-04,6.891e-04,)][eta: 12:31:00, time (data): 1.015 (0.144)]rfmnet: 1.2395e+00 l_total: 1.2395e+00 
2025-08-20 12:44:51,545 INFO: [topki..][epoch: 67, iter:  44,900, lr:(3.332e-04,6.891e-04,)][eta: 12:26:51, time (data): 0.943 (0.165)]rfmnet: 1.1851e+00 l_total: 1.1851e+00 
2025-08-20 12:46:25,534 INFO: [topki..][epoch: 67, iter:  45,000, lr:(3.332e-04,6.891e-04,)][eta: 12:22:42, time (data): 0.941 (0.153)]rfmnet: 1.3177e+00 l_total: 1.3177e+00 
2025-08-20 12:48:02,772 INFO: [topki..][epoch: 67, iter:  45,100, lr:(3.332e-04,6.891e-04,)][eta: 12:18:35, time (data): 0.981 (0.154)]rfmnet: 1.1750e+00 l_total: 1.1750e+00 
2025-08-20 12:49:39,614 INFO: [topki..][epoch: 67, iter:  45,200, lr:(3.332e-04,6.891e-04,)][eta: 12:14:28, time (data): 0.974 (0.168)]rfmnet: 1.1410e+00 l_total: 1.1410e+00 
2025-08-20 12:51:06,376 INFO: [topki..][epoch: 68, iter:  45,300, lr:(3.209e-04,5.970e-04,)][eta: 12:10:18, time (data): 0.889 (0.157)]rfmnet: 1.2431e+00 l_total: 1.2431e+00 
2025-08-20 12:52:45,171 INFO: [topki..][epoch: 68, iter:  45,400, lr:(3.209e-04,5.970e-04,)][eta: 12:06:13, time (data): 0.945 (0.147)]rfmnet: 1.1997e+00 l_total: 1.1997e+00 
2025-08-20 12:54:32,095 INFO: [topki..][epoch: 68, iter:  45,500, lr:(3.209e-04,5.970e-04,)][eta: 12:02:14, time (data): 1.053 (0.135)]rfmnet: 1.4101e+00 l_total: 1.4101e+00 
2025-08-20 12:56:05,643 INFO: [topki..][epoch: 68, iter:  45,600, lr:(3.209e-04,5.970e-04,)][eta: 11:58:08, time (data): 0.985 (0.136)]rfmnet: 1.0750e+00 l_total: 1.0750e+00 
2025-08-20 12:57:43,160 INFO: [topki..][epoch: 68, iter:  45,700, lr:(3.209e-04,5.970e-04,)][eta: 11:54:05, time (data): 0.994 (0.158)]rfmnet: 1.1894e+00 l_total: 1.1894e+00 
2025-08-20 12:59:19,908 INFO: [topki..][epoch: 68, iter:  45,800, lr:(3.209e-04,5.970e-04,)][eta: 11:50:02, time (data): 0.979 (0.157)]rfmnet: 1.1854e+00 l_total: 1.1854e+00 
2025-08-20 13:01:06,866 INFO: [topki..][epoch: 68, iter:  45,900, lr:(3.209e-04,5.970e-04,)][eta: 11:46:05, time (data): 1.076 (0.144)]rfmnet: 8.6412e-01 l_total: 8.6412e-01 
2025-08-20 13:02:42,820 INFO: [topki..][epoch: 69, iter:  46,000, lr:(3.089e-04,5.030e-04,)][eta: 11:42:03, time (data): 1.008 (0.160)]rfmnet: 1.1219e+00 l_total: 1.1219e+00 
2025-08-20 13:02:42,821 INFO: Saving models and training states.
2025-08-20 13:02:42,848 INFO: Start validation.
2025-08-20 13:04:13,313 INFO: Avg time: 0.5105
2025-08-20 13:04:13,430 INFO: Val auc: 0.6692
2025-08-20 13:04:13,436 INFO: Val avg error: 0.0700
2025-08-20 13:06:05,228 INFO: [topki..][epoch: 69, iter:  46,100, lr:(3.089e-04,5.030e-04,)][eta: 11:38:52, time (data): 1.131 (0.141)]rfmnet: 1.2339e+00 l_total: 1.2339e+00 
2025-08-20 13:07:39,558 INFO: [topki..][epoch: 69, iter:  46,200, lr:(3.089e-04,5.030e-04,)][eta: 11:34:50, time (data): 1.021 (0.140)]rfmnet: 1.1608e+00 l_total: 1.1608e+00 
2025-08-20 13:08:58,359 INFO: [topki..][epoch: 69, iter:  46,300, lr:(3.089e-04,5.030e-04,)][eta: 11:30:42, time (data): 0.787 (0.154)]rfmnet: 1.3591e+00 l_total: 1.3591e+00 
2025-08-20 13:10:01,824 INFO: [topki..][epoch: 69, iter:  46,400, lr:(3.089e-04,5.030e-04,)][eta: 11:26:27, time (data): 0.697 (0.149)]rfmnet: 1.3010e+00 l_total: 1.3010e+00 
2025-08-20 13:11:04,289 INFO: [topki..][epoch: 69, iter:  46,500, lr:(3.089e-04,5.030e-04,)][eta: 11:22:13, time (data): 0.613 (0.145)]rfmnet: 1.1913e+00 l_total: 1.1913e+00 
2025-08-20 13:12:09,288 INFO: [topki..][epoch: 69, iter:  46,600, lr:(3.089e-04,5.030e-04,)][eta: 11:18:01, time (data): 0.635 (0.139)]rfmnet: 1.0408e+00 l_total: 1.0408e+00 
2025-08-20 13:13:28,942 INFO: [topki..][epoch: 70, iter:  46,700, lr:(2.971e-04,4.109e-04,)][eta: 11:13:56, time (data): 0.824 (0.158)]rfmnet: 1.0970e+00 l_total: 1.0970e+00 
2025-08-20 13:14:33,342 INFO: [topki..][epoch: 70, iter:  46,800, lr:(2.971e-04,4.109e-04,)][eta: 11:09:45, time (data): 0.717 (0.141)]rfmnet: 1.3246e+00 l_total: 1.3246e+00 
2025-08-20 13:15:34,300 INFO: [topki..][epoch: 70, iter:  46,900, lr:(2.971e-04,4.109e-04,)][eta: 11:05:34, time (data): 0.646 (0.145)]rfmnet: 1.3105e+00 l_total: 1.3105e+00 
2025-08-20 13:16:51,753 INFO: [topki..][epoch: 70, iter:  47,000, lr:(2.971e-04,4.109e-04,)][eta: 11:01:30, time (data): 0.723 (0.143)]rfmnet: 1.3203e+00 l_total: 1.3203e+00 
2025-08-20 13:18:03,303 INFO: [topki..][epoch: 70, iter:  47,100, lr:(2.971e-04,4.109e-04,)][eta: 10:57:25, time (data): 0.653 (0.147)]rfmnet: 1.1824e+00 l_total: 1.1824e+00 
2025-08-20 13:19:09,643 INFO: [topki..][epoch: 70, iter:  47,200, lr:(2.971e-04,4.109e-04,)][eta: 10:53:18, time (data): 0.659 (0.150)]rfmnet: 1.0818e+00 l_total: 1.0818e+00 
2025-08-20 13:20:29,435 INFO: [topki..][epoch: 70, iter:  47,300, lr:(2.971e-04,4.109e-04,)][eta: 10:49:18, time (data): 0.828 (0.147)]rfmnet: 1.1297e+00 l_total: 1.1297e+00 
2025-08-20 13:21:36,736 INFO: [topki..][epoch: 71, iter:  47,400, lr:(2.855e-04,3.250e-04,)][eta: 10:45:13, time (data): 0.734 (0.147)]rfmnet: 1.1253e+00 l_total: 1.1253e+00 
2025-08-20 13:22:37,199 INFO: [topki..][epoch: 71, iter:  47,500, lr:(2.855e-04,3.250e-04,)][eta: 10:41:05, time (data): 0.615 (0.129)]rfmnet: 1.2515e+00 l_total: 1.2515e+00 
2025-08-20 13:23:52,301 INFO: [topki..][epoch: 71, iter:  47,600, lr:(2.855e-04,3.250e-04,)][eta: 10:37:05, time (data): 0.698 (0.129)]rfmnet: 1.2033e+00 l_total: 1.2033e+00 
2025-08-20 13:24:59,280 INFO: [topki..][epoch: 71, iter:  47,700, lr:(2.855e-04,3.250e-04,)][eta: 10:33:02, time (data): 0.622 (0.132)]rfmnet: 1.2013e+00 l_total: 1.2013e+00 
2025-08-20 13:25:55,852 INFO: [topki..][epoch: 71, iter:  47,800, lr:(2.855e-04,3.250e-04,)][eta: 10:28:56, time (data): 0.587 (0.130)]rfmnet: 8.9219e-01 l_total: 8.9219e-01 
2025-08-20 13:27:09,278 INFO: [topki..][epoch: 71, iter:  47,900, lr:(2.855e-04,3.250e-04,)][eta: 10:24:57, time (data): 0.754 (0.128)]rfmnet: 1.2251e+00 l_total: 1.2251e+00 
2025-08-20 13:28:26,267 INFO: [topki..][epoch: 72, iter:  48,000, lr:(2.742e-04,2.489e-04,)][eta: 10:21:00, time (data): 0.764 (0.141)]rfmnet: 1.0257e+00 l_total: 1.0257e+00 
2025-08-20 13:28:26,268 INFO: Saving models and training states.
2025-08-20 13:28:26,291 INFO: Start validation.
2025-08-20 13:29:45,133 INFO: Avg time: 0.2150
2025-08-20 13:29:45,247 INFO: Val auc: 0.6673
2025-08-20 13:29:45,253 INFO: Val avg error: 0.0715
2025-08-20 13:30:57,469 INFO: [topki..][epoch: 72, iter:  48,100, lr:(2.742e-04,2.489e-04,)][eta: 10:17:34, time (data): 0.745 (0.119)]rfmnet: 1.2528e+00 l_total: 1.2528e+00 
2025-08-20 13:32:08,636 INFO: [topki..][epoch: 72, iter:  48,200, lr:(2.742e-04,2.489e-04,)][eta: 10:13:37, time (data): 0.724 (0.123)]rfmnet: 1.3811e+00 l_total: 1.3811e+00 
2025-08-20 13:33:07,971 INFO: [topki..][epoch: 72, iter:  48,300, lr:(2.742e-04,2.489e-04,)][eta: 10:09:35, time (data): 0.599 (0.120)]rfmnet: 1.2045e+00 l_total: 1.2045e+00 
2025-08-20 13:34:20,724 INFO: [topki..][epoch: 72, iter:  48,400, lr:(2.742e-04,2.489e-04,)][eta: 10:05:39, time (data): 0.679 (0.124)]rfmnet: 1.2333e+00 l_total: 1.2333e+00 
2025-08-20 13:35:31,632 INFO: [topki..][epoch: 72, iter:  48,500, lr:(2.742e-04,2.489e-04,)][eta: 10:01:43, time (data): 0.668 (0.123)]rfmnet: 1.1603e+00 l_total: 1.1603e+00 
2025-08-20 13:36:28,749 INFO: [topki..][epoch: 72, iter:  48,600, lr:(2.742e-04,2.489e-04,)][eta: 9:57:42, time (data): 0.607 (0.124)]rfmnet: 1.1686e+00 l_total: 1.1686e+00 
2025-08-20 13:37:40,074 INFO: [topki..][epoch: 73, iter:  48,700, lr:(2.632e-04,1.859e-04,)][eta: 9:53:48, time (data): 0.761 (0.152)]rfmnet: 3.0418e+00 l_total: 3.0418e+00 
2025-08-20 13:38:53,835 INFO: [topki..][epoch: 73, iter:  48,800, lr:(2.632e-04,1.859e-04,)][eta: 9:49:55, time (data): 0.746 (0.132)]rfmnet: 1.2524e+00 l_total: 1.2524e+00 
2025-08-20 13:39:46,777 INFO: [topki..][epoch: 73, iter:  48,900, lr:(2.632e-04,1.859e-04,)][eta: 9:45:55, time (data): 0.516 (0.117)]rfmnet: 1.0689e+00 l_total: 1.0689e+00 
2025-08-20 13:40:52,872 INFO: [topki..][epoch: 73, iter:  49,000, lr:(2.632e-04,1.859e-04,)][eta: 9:42:01, time (data): 0.608 (0.117)]rfmnet: 1.0967e+00 l_total: 1.0967e+00 
2025-08-20 13:42:10,597 INFO: [topki..][epoch: 73, iter:  49,100, lr:(2.632e-04,1.859e-04,)][eta: 9:38:12, time (data): 0.775 (0.113)]rfmnet: 1.1477e+00 l_total: 1.1477e+00 
2025-08-20 13:43:12,966 INFO: [topki..][epoch: 73, iter:  49,200, lr:(2.632e-04,1.859e-04,)][eta: 9:34:17, time (data): 0.678 (0.119)]rfmnet: 1.1539e+00 l_total: 1.1539e+00 
2025-08-20 13:44:17,507 INFO: [topki..][epoch: 73, iter:  49,300, lr:(2.632e-04,1.859e-04,)][eta: 9:30:25, time (data): 0.664 (0.117)]rfmnet: 1.1275e+00 l_total: 1.1275e+00 
2025-08-20 13:45:38,825 INFO: [topki..][epoch: 74, iter:  49,400, lr:(2.524e-04,1.389e-04,)][eta: 9:26:39, time (data): 0.760 (0.128)]rfmnet: 1.1968e+00 l_total: 1.1968e+00 
2025-08-20 13:46:48,830 INFO: [topki..][epoch: 74, iter:  49,500, lr:(2.524e-04,1.389e-04,)][eta: 9:22:49, time (data): 0.662 (0.118)]rfmnet: 1.2120e+00 l_total: 1.2120e+00 
2025-08-20 13:47:51,222 INFO: [topki..][epoch: 74, iter:  49,600, lr:(2.524e-04,1.389e-04,)][eta: 9:18:57, time (data): 0.637 (0.118)]rfmnet: 1.1109e+00 l_total: 1.1109e+00 
2025-08-20 13:48:49,309 INFO: [topki..][epoch: 74, iter:  49,700, lr:(2.524e-04,1.389e-04,)][eta: 9:15:05, time (data): 0.571 (0.122)]rfmnet: 1.2501e+00 l_total: 1.2501e+00 
2025-08-20 13:49:48,749 INFO: [topki..][epoch: 74, iter:  49,800, lr:(2.524e-04,1.389e-04,)][eta: 9:11:14, time (data): 0.586 (0.119)]rfmnet: 1.0307e+00 l_total: 1.0307e+00 
2025-08-20 13:50:52,913 INFO: [topki..][epoch: 74, iter:  49,900, lr:(2.524e-04,1.389e-04,)][eta: 9:07:25, time (data): 0.652 (0.123)]rfmnet: 1.3485e+00 l_total: 1.3485e+00 
2025-08-20 13:52:08,168 INFO: [topki..][epoch: 74, iter:  50,000, lr:(2.524e-04,1.389e-04,)][eta: 9:03:40, time (data): 0.718 (0.119)]rfmnet: 1.2732e+00 l_total: 1.2732e+00 
2025-08-20 13:52:08,169 INFO: Saving models and training states.
2025-08-20 13:52:08,190 INFO: Start validation.
2025-08-20 13:53:19,015 INFO: Avg time: 0.2384
2025-08-20 13:53:19,148 INFO: Val auc: 0.6677
2025-08-20 13:53:19,151 INFO: Val avg error: 0.0718
2025-08-20 13:54:24,786 INFO: [topki..][epoch: 75, iter:  50,100, lr:(2.420e-04,1.098e-04,)][eta: 9:00:18, time (data): 0.628 (0.114)]rfmnet: 1.0608e+00 l_total: 1.0608e+00 
2025-08-20 13:55:36,438 INFO: [topki..][epoch: 75, iter:  50,200, lr:(2.420e-04,1.098e-04,)][eta: 8:56:33, time (data): 0.687 (0.114)]rfmnet: 1.1364e+00 l_total: 1.1364e+00 
2025-08-20 13:56:55,124 INFO: [topki..][epoch: 75, iter:  50,300, lr:(2.420e-04,1.098e-04,)][eta: 8:52:52, time (data): 0.775 (0.110)]rfmnet: 1.1068e+00 l_total: 1.1068e+00 
2025-08-20 13:57:59,708 INFO: [topki..][epoch: 75, iter:  50,400, lr:(2.420e-04,1.098e-04,)][eta: 8:49:06, time (data): 0.689 (0.117)]rfmnet: 1.1043e+00 l_total: 1.1043e+00 
2025-08-20 13:59:04,291 INFO: [topki..][epoch: 75, iter:  50,500, lr:(2.420e-04,1.098e-04,)][eta: 8:45:20, time (data): 0.686 (0.114)]rfmnet: 1.0230e+00 l_total: 1.0230e+00 
2025-08-20 14:00:22,961 INFO: [topki..][epoch: 75, iter:  50,600, lr:(2.420e-04,1.098e-04,)][eta: 8:41:41, time (data): 0.754 (0.115)]rfmnet: 1.2980e+00 l_total: 1.2980e+00 
2025-08-20 14:01:30,181 INFO: [topki..][epoch: 75, iter:  50,700, lr:(2.420e-04,1.098e-04,)][eta: 8:37:58, time (data): 0.617 (0.117)]rfmnet: 1.2119e+00 l_total: 1.2119e+00 
2025-08-20 14:02:35,662 INFO: [topki..][epoch: 76, iter:  50,800, lr:(2.318e-04,1.000e-04,)][eta: 8:34:14, time (data): 0.642 (0.129)]rfmnet: 1.2136e+00 l_total: 1.2136e+00 
2025-08-20 14:03:49,490 INFO: [topki..][epoch: 76, iter:  50,900, lr:(2.318e-04,1.000e-04,)][eta: 8:30:35, time (data): 0.786 (0.114)]rfmnet: 1.1658e+00 l_total: 1.1658e+00 
2025-08-20 14:05:03,352 INFO: [topki..][epoch: 76, iter:  51,000, lr:(2.318e-04,1.000e-04,)][eta: 8:26:56, time (data): 0.754 (0.115)]rfmnet: 1.2066e+00 l_total: 1.2066e+00 
2025-08-20 14:06:04,967 INFO: [topki..][epoch: 76, iter:  51,100, lr:(2.318e-04,1.000e-04,)][eta: 8:23:13, time (data): 0.596 (0.120)]rfmnet: 1.1126e+00 l_total: 1.1126e+00 
2025-08-20 14:07:13,574 INFO: [topki..][epoch: 76, iter:  51,200, lr:(2.318e-04,1.000e-04,)][eta: 8:19:33, time (data): 0.658 (0.117)]rfmnet: 1.1250e+00 l_total: 1.1250e+00 
2025-08-20 14:08:36,044 INFO: [topki..][epoch: 76, iter:  51,300, lr:(2.318e-04,1.000e-04,)][eta: 8:15:59, time (data): 0.854 (0.116)]rfmnet: 1.2230e+00 l_total: 1.2230e+00 
2025-08-20 14:09:39,800 INFO: [topki..][epoch: 77, iter:  51,400, lr:(2.220e-04,1.098e-04,)][eta: 8:12:19, time (data): 0.705 (0.130)]rfmnet: 1.0894e+00 l_total: 1.0894e+00 
2025-08-20 14:10:46,536 INFO: [topki..][epoch: 77, iter:  51,500, lr:(2.220e-04,1.098e-04,)][eta: 8:08:40, time (data): 0.714 (0.114)]rfmnet: 1.1611e+00 l_total: 1.1611e+00 
2025-08-20 14:12:07,257 INFO: [topki..][epoch: 77, iter:  51,600, lr:(2.220e-04,1.098e-04,)][eta: 8:05:07, time (data): 0.779 (0.118)]rfmnet: 1.3127e+00 l_total: 1.3127e+00 
2025-08-20 14:13:16,738 INFO: [topki..][epoch: 77, iter:  51,700, lr:(2.220e-04,1.098e-04,)][eta: 8:01:30, time (data): 0.600 (0.122)]rfmnet: 1.2404e+00 l_total: 1.2404e+00 
2025-08-20 14:14:24,040 INFO: [topki..][epoch: 77, iter:  51,800, lr:(2.220e-04,1.098e-04,)][eta: 7:57:54, time (data): 0.651 (0.123)]rfmnet: 1.2527e+00 l_total: 1.2527e+00 
2025-08-20 14:15:41,200 INFO: [topki..][epoch: 77, iter:  51,900, lr:(2.220e-04,1.098e-04,)][eta: 7:54:21, time (data): 0.809 (0.121)]rfmnet: 2.2988e+00 l_total: 2.2988e+00 
2025-08-20 14:16:52,787 INFO: [topki..][epoch: 77, iter:  52,000, lr:(2.220e-04,1.098e-04,)][eta: 7:50:46, time (data): 0.743 (0.120)]rfmnet: 1.1903e+00 l_total: 1.1903e+00 
2025-08-20 14:16:52,788 INFO: Saving models and training states.
2025-08-20 14:16:52,807 INFO: Start validation.
2025-08-20 14:18:02,059 INFO: Avg time: 0.1785
2025-08-20 14:18:02,169 INFO: Val auc: 0.6680
2025-08-20 14:18:02,172 INFO: Val avg error: 0.0710
2025-08-20 14:19:16,969 INFO: [topki..][epoch: 78, iter:  52,100, lr:(2.125e-04,1.389e-04,)][eta: 7:47:34, time (data): 0.778 (0.122)]rfmnet: 1.1298e+00 l_total: 1.1298e+00 
2025-08-20 14:20:26,960 INFO: [topki..][epoch: 78, iter:  52,200, lr:(2.125e-04,1.389e-04,)][eta: 7:44:01, time (data): 0.723 (0.122)]rfmnet: 1.0418e+00 l_total: 1.0418e+00 
2025-08-20 14:21:23,657 INFO: [topki..][epoch: 78, iter:  52,300, lr:(2.125e-04,1.389e-04,)][eta: 7:40:23, time (data): 0.573 (0.124)]rfmnet: 1.1519e+00 l_total: 1.1519e+00 
2025-08-20 14:22:35,721 INFO: [topki..][epoch: 78, iter:  52,400, lr:(2.125e-04,1.389e-04,)][eta: 7:36:51, time (data): 0.678 (0.121)]rfmnet: 1.3077e+00 l_total: 1.3077e+00 
2025-08-20 14:23:44,544 INFO: [topki..][epoch: 78, iter:  52,500, lr:(2.125e-04,1.389e-04,)][eta: 7:33:19, time (data): 0.576 (0.124)]rfmnet: 1.1766e+00 l_total: 1.1766e+00 
2025-08-20 14:24:41,745 INFO: [topki..][epoch: 78, iter:  52,600, lr:(2.125e-04,1.389e-04,)][eta: 7:29:44, time (data): 0.573 (0.126)]rfmnet: 1.1047e+00 l_total: 1.1047e+00 
2025-08-20 14:25:50,238 INFO: [topki..][epoch: 78, iter:  52,700, lr:(2.125e-04,1.389e-04,)][eta: 7:26:12, time (data): 0.752 (0.124)]rfmnet: 1.0648e+00 l_total: 1.0648e+00 
2025-08-20 14:27:05,525 INFO: [topki..][epoch: 79, iter:  52,800, lr:(2.033e-04,1.859e-04,)][eta: 7:22:43, time (data): 0.753 (0.131)]rfmnet: 1.0146e+00 l_total: 1.0146e+00 
2025-08-20 14:28:00,221 INFO: [topki..][epoch: 79, iter:  52,900, lr:(2.033e-04,1.859e-04,)][eta: 7:19:09, time (data): 0.523 (0.118)]rfmnet: 1.2369e+00 l_total: 1.2369e+00 
2025-08-20 14:28:56,349 INFO: [topki..][epoch: 79, iter:  53,000, lr:(2.033e-04,1.859e-04,)][eta: 7:15:36, time (data): 0.551 (0.117)]rfmnet: 1.0866e+00 l_total: 1.0866e+00 
2025-08-20 14:29:50,373 INFO: [topki..][epoch: 79, iter:  53,100, lr:(2.033e-04,1.859e-04,)][eta: 7:12:03, time (data): 0.560 (0.124)]rfmnet: 1.3983e+00 l_total: 1.3983e+00 
2025-08-20 14:30:47,261 INFO: [topki..][epoch: 79, iter:  53,200, lr:(2.033e-04,1.859e-04,)][eta: 7:08:31, time (data): 0.566 (0.122)]rfmnet: 1.2725e+00 l_total: 1.2725e+00 
2025-08-20 14:31:54,721 INFO: [topki..][epoch: 79, iter:  53,300, lr:(2.033e-04,1.859e-04,)][eta: 7:05:03, time (data): 0.742 (0.125)]rfmnet: 2.5456e+00 l_total: 2.5456e+00 
2025-08-20 14:33:08,374 INFO: [topki..][epoch: 79, iter:  53,400, lr:(2.033e-04,1.859e-04,)][eta: 7:01:37, time (data): 0.738 (0.119)]rfmnet: 1.0431e+00 l_total: 1.0431e+00 
2025-08-20 14:34:06,504 INFO: [topki..][epoch: 80, iter:  53,500, lr:(1.944e-04,2.489e-04,)][eta: 6:58:07, time (data): 0.547 (0.120)]rfmnet: 9.6136e-01 l_total: 9.6136e-01 
2025-08-20 14:35:14,314 INFO: [topki..][epoch: 80, iter:  53,600, lr:(1.944e-04,2.489e-04,)][eta: 6:54:40, time (data): 0.645 (0.124)]rfmnet: 1.1516e+00 l_total: 1.1516e+00 
2025-08-20 14:36:32,146 INFO: [topki..][epoch: 80, iter:  53,700, lr:(1.944e-04,2.489e-04,)][eta: 6:51:16, time (data): 0.766 (0.118)]rfmnet: 1.1901e+00 l_total: 1.1901e+00 
2025-08-20 14:37:28,612 INFO: [topki..][epoch: 80, iter:  53,800, lr:(1.944e-04,2.489e-04,)][eta: 6:47:48, time (data): 0.615 (0.123)]rfmnet: 1.1448e+00 l_total: 1.1448e+00 
2025-08-20 14:38:32,860 INFO: [topki..][epoch: 80, iter:  53,900, lr:(1.944e-04,2.489e-04,)][eta: 6:44:22, time (data): 0.676 (0.123)]rfmnet: 1.1862e+00 l_total: 1.1862e+00 
2025-08-20 14:39:50,060 INFO: [topki..][epoch: 80, iter:  54,000, lr:(1.944e-04,2.489e-04,)][eta: 6:41:00, time (data): 0.749 (0.122)]rfmnet: 2.4011e+00 l_total: 2.4011e+00 
2025-08-20 14:39:50,061 INFO: Saving models and training states.
2025-08-20 14:39:50,079 INFO: Start validation.
2025-08-20 14:41:02,914 INFO: Avg time: 0.1916
2025-08-20 14:41:03,002 INFO: Val auc: 0.6685
2025-08-20 14:41:03,006 INFO: Val avg error: 0.0705
2025-08-20 14:42:15,942 INFO: [topki..][epoch: 81, iter:  54,100, lr:(1.859e-04,3.250e-04,)][eta: 6:37:55, time (data): 0.846 (0.181)]rfmnet: 1.2614e+00 l_total: 1.2614e+00 
2025-08-20 14:43:36,520 INFO: [topki..][epoch: 81, iter:  54,200, lr:(1.859e-04,3.250e-04,)][eta: 6:34:34, time (data): 0.815 (0.137)]rfmnet: 1.1597e+00 l_total: 1.1597e+00 
2025-08-20 14:44:42,073 INFO: [topki..][epoch: 81, iter:  54,300, lr:(1.859e-04,3.250e-04,)][eta: 6:31:10, time (data): 0.656 (0.129)]rfmnet: 1.1562e+00 l_total: 1.1562e+00 
2025-08-20 14:45:50,160 INFO: [topki..][epoch: 81, iter:  54,400, lr:(1.859e-04,3.250e-04,)][eta: 6:27:48, time (data): 0.675 (0.126)]rfmnet: 9.7912e-01 l_total: 9.7912e-01 
2025-08-20 14:47:10,292 INFO: [topki..][epoch: 81, iter:  54,500, lr:(1.859e-04,3.250e-04,)][eta: 6:24:28, time (data): 0.803 (0.119)]rfmnet: 1.1632e+00 l_total: 1.1632e+00 
2025-08-20 14:48:15,730 INFO: [topki..][epoch: 81, iter:  54,600, lr:(1.859e-04,3.250e-04,)][eta: 6:21:06, time (data): 0.688 (0.123)]rfmnet: 1.0441e+00 l_total: 1.0441e+00 
2025-08-20 14:49:24,314 INFO: [topki..][epoch: 81, iter:  54,700, lr:(1.859e-04,3.250e-04,)][eta: 6:17:44, time (data): 0.731 (0.131)]rfmnet: 1.1317e+00 l_total: 1.1317e+00 
2025-08-20 14:50:45,431 INFO: [topki..][epoch: 82, iter:  54,800, lr:(1.778e-04,4.109e-04,)][eta: 6:14:27, time (data): 0.794 (0.136)]rfmnet: 1.1959e+00 l_total: 1.1959e+00 
2025-08-20 14:51:53,627 INFO: [topki..][epoch: 82, iter:  54,900, lr:(1.778e-04,4.109e-04,)][eta: 6:11:06, time (data): 0.607 (0.125)]rfmnet: 1.3193e+00 l_total: 1.3193e+00 
2025-08-20 14:52:58,800 INFO: [topki..][epoch: 82, iter:  55,000, lr:(1.778e-04,4.109e-04,)][eta: 6:07:46, time (data): 0.642 (0.124)]rfmnet: 1.0575e+00 l_total: 1.0575e+00 
2025-08-20 14:54:17,665 INFO: [topki..][epoch: 82, iter:  55,100, lr:(1.778e-04,4.109e-04,)][eta: 6:04:29, time (data): 0.841 (0.124)]rfmnet: 1.0577e+00 l_total: 1.0577e+00 
2025-08-20 14:55:32,560 INFO: [topki..][epoch: 82, iter:  55,200, lr:(1.778e-04,4.109e-04,)][eta: 6:01:11, time (data): 0.768 (0.123)]rfmnet: 1.1926e+00 l_total: 1.1926e+00 
2025-08-20 14:56:38,020 INFO: [topki..][epoch: 82, iter:  55,300, lr:(1.778e-04,4.109e-04,)][eta: 5:57:52, time (data): 0.705 (0.134)]rfmnet: 1.0400e+00 l_total: 1.0400e+00 
2025-08-20 14:57:53,776 INFO: [topki..][epoch: 82, iter:  55,400, lr:(1.778e-04,4.109e-04,)][eta: 5:54:36, time (data): 0.747 (0.126)]rfmnet: 1.0725e+00 l_total: 1.0725e+00 
2025-08-20 14:59:12,785 INFO: [topki..][epoch: 83, iter:  55,500, lr:(1.701e-04,5.030e-04,)][eta: 5:51:21, time (data): 0.704 (0.112)]rfmnet: 1.2732e+00 l_total: 1.2732e+00 
2025-08-20 15:00:14,797 INFO: [topki..][epoch: 83, iter:  55,600, lr:(1.701e-04,5.030e-04,)][eta: 5:48:02, time (data): 0.636 (0.116)]rfmnet: 1.1433e+00 l_total: 1.1433e+00 
2025-08-20 15:01:21,874 INFO: [topki..][epoch: 83, iter:  55,700, lr:(1.701e-04,5.030e-04,)][eta: 5:44:45, time (data): 0.649 (0.113)]rfmnet: 1.2063e+00 l_total: 1.2063e+00 
2025-08-20 15:02:40,006 INFO: [topki..][epoch: 83, iter:  55,800, lr:(1.701e-04,5.030e-04,)][eta: 5:41:31, time (data): 0.757 (0.112)]rfmnet: 1.2221e+00 l_total: 1.2221e+00 
2025-08-20 15:03:47,890 INFO: [topki..][epoch: 83, iter:  55,900, lr:(1.701e-04,5.030e-04,)][eta: 5:38:15, time (data): 0.620 (0.112)]rfmnet: 1.0328e+00 l_total: 1.0328e+00 
2025-08-20 15:04:52,420 INFO: [topki..][epoch: 83, iter:  56,000, lr:(1.701e-04,5.030e-04,)][eta: 5:34:59, time (data): 0.641 (0.116)]rfmnet: 1.2469e+00 l_total: 1.2469e+00 
2025-08-20 15:04:52,420 INFO: Saving models and training states.
2025-08-20 15:04:52,440 INFO: Start validation.
2025-08-20 15:06:02,815 INFO: Avg time: 0.3106
2025-08-20 15:06:02,919 INFO: Val auc: 0.6664
2025-08-20 15:06:02,924 INFO: Val avg error: 0.0715
2025-08-20 15:07:14,742 INFO: [topki..][epoch: 83, iter:  56,100, lr:(1.701e-04,5.030e-04,)][eta: 5:32:00, time (data): 0.601 (0.114)]rfmnet: 1.1206e+00 l_total: 1.1206e+00 
2025-08-20 15:08:19,730 INFO: [topki..][epoch: 84, iter:  56,200, lr:(1.627e-04,5.970e-04,)][eta: 5:28:44, time (data): 0.641 (0.133)]rfmnet: 1.1943e+00 l_total: 1.1943e+00 
2025-08-20 15:09:24,003 INFO: [topki..][epoch: 84, iter:  56,300, lr:(1.627e-04,5.970e-04,)][eta: 5:25:30, time (data): 0.714 (0.127)]rfmnet: 1.1030e+00 l_total: 1.1030e+00 
2025-08-20 15:10:25,469 INFO: [topki..][epoch: 84, iter:  56,400, lr:(1.627e-04,5.970e-04,)][eta: 5:22:15, time (data): 0.631 (0.126)]rfmnet: 2.6497e+00 l_total: 2.6497e+00 
2025-08-20 15:11:33,738 INFO: [topki..][epoch: 84, iter:  56,500, lr:(1.627e-04,5.970e-04,)][eta: 5:19:01, time (data): 0.678 (0.121)]rfmnet: 1.0840e+00 l_total: 1.0840e+00 
2025-08-20 15:12:50,137 INFO: [topki..][epoch: 84, iter:  56,600, lr:(1.627e-04,5.970e-04,)][eta: 5:15:50, time (data): 0.750 (0.123)]rfmnet: 1.0172e+00 l_total: 1.0172e+00 
2025-08-20 15:14:06,514 INFO: [topki..][epoch: 84, iter:  56,700, lr:(1.627e-04,5.970e-04,)][eta: 5:12:40, time (data): 0.623 (0.120)]rfmnet: 1.0874e+00 l_total: 1.0874e+00 
2025-08-20 15:15:11,556 INFO: [topki..][epoch: 85, iter:  56,800, lr:(1.557e-04,6.891e-04,)][eta: 5:09:27, time (data): 0.646 (0.138)]rfmnet: 1.3091e+00 l_total: 1.3091e+00 
2025-08-20 15:16:20,186 INFO: [topki..][epoch: 85, iter:  56,900, lr:(1.557e-04,6.891e-04,)][eta: 5:06:16, time (data): 0.796 (0.115)]rfmnet: 1.2400e+00 l_total: 1.2400e+00 
2025-08-20 15:17:41,157 INFO: [topki..][epoch: 85, iter:  57,000, lr:(1.557e-04,6.891e-04,)][eta: 5:03:07, time (data): 0.808 (0.116)]rfmnet: 1.3331e+00 l_total: 1.3331e+00 
2025-08-20 15:18:39,967 INFO: [topki..][epoch: 85, iter:  57,100, lr:(1.557e-04,6.891e-04,)][eta: 4:59:55, time (data): 0.570 (0.116)]rfmnet: 1.0930e+00 l_total: 1.0930e+00 
2025-08-20 15:19:40,544 INFO: [topki..][epoch: 85, iter:  57,200, lr:(1.557e-04,6.891e-04,)][eta: 4:56:43, time (data): 0.601 (0.117)]rfmnet: 2.6406e+00 l_total: 2.6406e+00 
2025-08-20 15:20:52,882 INFO: [topki..][epoch: 85, iter:  57,300, lr:(1.557e-04,6.891e-04,)][eta: 4:53:34, time (data): 0.736 (0.113)]rfmnet: 1.0596e+00 l_total: 1.0596e+00 
2025-08-20 15:21:54,590 INFO: [topki..][epoch: 85, iter:  57,400, lr:(1.557e-04,6.891e-04,)][eta: 4:50:24, time (data): 0.633 (0.115)]rfmnet: 1.0755e+00 l_total: 1.0755e+00 
2025-08-20 15:22:51,832 INFO: [topki..][epoch: 86, iter:  57,500, lr:(1.490e-04,7.750e-04,)][eta: 4:47:13, time (data): 0.652 (0.118)]rfmnet: 1.1456e+00 l_total: 1.1456e+00 
2025-08-20 15:24:04,269 INFO: [topki..][epoch: 86, iter:  57,600, lr:(1.490e-04,7.750e-04,)][eta: 4:44:05, time (data): 0.715 (0.118)]rfmnet: 1.1827e+00 l_total: 1.1827e+00 
2025-08-20 15:25:15,410 INFO: [topki..][epoch: 86, iter:  57,700, lr:(1.490e-04,7.750e-04,)][eta: 4:40:58, time (data): 0.544 (0.121)]rfmnet: 1.0730e+00 l_total: 1.0730e+00 
2025-08-20 15:26:11,406 INFO: [topki..][epoch: 86, iter:  57,800, lr:(1.490e-04,7.750e-04,)][eta: 4:37:48, time (data): 0.558 (0.122)]rfmnet: 1.1899e+00 l_total: 1.1899e+00 
2025-08-20 15:27:20,468 INFO: [topki..][epoch: 86, iter:  57,900, lr:(1.490e-04,7.750e-04,)][eta: 4:34:41, time (data): 0.754 (0.121)]rfmnet: 1.1376e+00 l_total: 1.1376e+00 
2025-08-20 15:28:36,592 INFO: [topki..][epoch: 86, iter:  58,000, lr:(1.490e-04,7.750e-04,)][eta: 4:31:36, time (data): 0.760 (0.120)]rfmnet: 1.1217e+00 l_total: 1.1217e+00 
2025-08-20 15:28:36,593 INFO: Saving models and training states.
2025-08-20 15:28:36,613 INFO: Start validation.
2025-08-20 15:29:46,835 INFO: Avg time: 0.2225
2025-08-20 15:29:46,944 INFO: Val auc: 0.6680
2025-08-20 15:29:46,948 INFO: Val avg error: 0.0703
2025-08-20 15:30:56,087 INFO: [topki..][epoch: 86, iter:  58,100, lr:(1.490e-04,7.750e-04,)][eta: 4:28:41, time (data): 0.777 (0.122)]rfmnet: 1.2301e+00 l_total: 1.2301e+00 
2025-08-20 15:32:11,777 INFO: [topki..][epoch: 87, iter:  58,200, lr:(1.428e-04,8.511e-04,)][eta: 4:25:36, time (data): 0.759 (0.132)]rfmnet: 1.1184e+00 l_total: 1.1184e+00 
2025-08-20 15:33:11,549 INFO: [topki..][epoch: 87, iter:  58,300, lr:(1.428e-04,8.511e-04,)][eta: 4:22:29, time (data): 0.583 (0.125)]rfmnet: 1.1254e+00 l_total: 1.1254e+00 
2025-08-20 15:34:17,670 INFO: [topki..][epoch: 87, iter:  58,400, lr:(1.428e-04,8.511e-04,)][eta: 4:19:23, time (data): 0.654 (0.123)]rfmnet: 1.1363e+00 l_total: 1.1363e+00 
2025-08-20 15:35:33,715 INFO: [topki..][epoch: 87, iter:  58,500, lr:(1.428e-04,8.511e-04,)][eta: 4:16:20, time (data): 0.837 (0.117)]rfmnet: 1.3448e+00 l_total: 1.3448e+00 
2025-08-20 15:36:32,560 INFO: [topki..][epoch: 87, iter:  58,600, lr:(1.428e-04,8.511e-04,)][eta: 4:13:14, time (data): 0.609 (0.122)]rfmnet: 1.1895e+00 l_total: 1.1895e+00 
2025-08-20 15:37:30,565 INFO: [topki..][epoch: 87, iter:  58,700, lr:(1.428e-04,8.511e-04,)][eta: 4:10:08, time (data): 0.643 (0.117)]rfmnet: 1.1771e+00 l_total: 1.1771e+00 
2025-08-20 15:38:46,340 INFO: [topki..][epoch: 87, iter:  58,800, lr:(1.428e-04,8.511e-04,)][eta: 4:07:06, time (data): 0.749 (0.118)]rfmnet: 1.5666e+00 l_total: 1.5666e+00 
2025-08-20 15:39:48,900 INFO: [topki..][epoch: 88, iter:  58,900, lr:(1.370e-04,9.141e-04,)][eta: 4:04:01, time (data): 0.510 (0.121)]rfmnet: 1.0581e+00 l_total: 1.0581e+00 
2025-08-20 15:40:41,109 INFO: [topki..][epoch: 88, iter:  59,000, lr:(1.370e-04,9.141e-04,)][eta: 4:00:56, time (data): 0.521 (0.117)]rfmnet: 1.0151e+00 l_total: 1.0151e+00 
2025-08-20 15:41:50,221 INFO: [topki..][epoch: 88, iter:  59,100, lr:(1.370e-04,9.141e-04,)][eta: 3:57:54, time (data): 0.788 (0.132)]rfmnet: 1.0682e+00 l_total: 1.0682e+00 
2025-08-20 15:42:59,485 INFO: [topki..][epoch: 88, iter:  59,200, lr:(1.370e-04,9.141e-04,)][eta: 3:54:52, time (data): 0.698 (0.119)]rfmnet: 2.8004e+00 l_total: 2.8004e+00 
2025-08-20 15:43:52,716 INFO: [topki..][epoch: 88, iter:  59,300, lr:(1.370e-04,9.141e-04,)][eta: 3:51:48, time (data): 0.503 (0.119)]rfmnet: 1.1461e+00 l_total: 1.1461e+00 
2025-08-20 15:44:55,999 INFO: [topki..][epoch: 88, iter:  59,400, lr:(1.370e-04,9.141e-04,)][eta: 3:48:46, time (data): 0.627 (0.119)]rfmnet: 1.1206e+00 l_total: 1.1206e+00 
2025-08-20 15:46:16,464 INFO: [topki..][epoch: 89, iter:  59,500, lr:(1.316e-04,9.611e-04,)][eta: 3:45:47, time (data): 0.735 (0.103)]rfmnet: 1.2940e+00 l_total: 1.2940e+00 
2025-08-20 15:47:15,348 INFO: [topki..][epoch: 89, iter:  59,600, lr:(1.316e-04,9.611e-04,)][eta: 3:42:45, time (data): 0.594 (0.132)]rfmnet: 1.1922e+00 l_total: 1.1922e+00 
2025-08-20 15:48:12,296 INFO: [topki..][epoch: 89, iter:  59,700, lr:(1.316e-04,9.611e-04,)][eta: 3:39:43, time (data): 0.481 (0.100)]rfmnet: 8.7553e-01 l_total: 8.7553e-01 
2025-08-20 15:49:09,416 INFO: [topki..][epoch: 89, iter:  59,800, lr:(1.316e-04,9.611e-04,)][eta: 3:36:42, time (data): 0.569 (0.132)]rfmnet: 1.4712e+00 l_total: 1.4712e+00 
2025-08-20 15:50:07,501 INFO: [topki..][epoch: 89, iter:  59,900, lr:(1.316e-04,9.611e-04,)][eta: 3:33:41, time (data): 0.561 (0.154)]rfmnet: 1.1374e+00 l_total: 1.1374e+00 
2025-08-20 15:51:10,460 INFO: [topki..][epoch: 89, iter:  60,000, lr:(1.316e-04,9.611e-04,)][eta: 3:30:42, time (data): 0.628 (0.133)]rfmnet: 1.5350e+00 l_total: 1.5350e+00 
2025-08-20 15:51:10,460 INFO: Saving models and training states.
2025-08-20 15:51:10,484 INFO: Start validation.
2025-08-20 15:52:24,996 INFO: Avg time: 0.2603
2025-08-20 15:52:25,097 INFO: Val auc: 0.6679
2025-08-20 15:52:25,102 INFO: Val avg error: 0.0699
2025-08-20 15:53:31,917 INFO: [topki..][epoch: 89, iter:  60,100, lr:(1.316e-04,9.611e-04,)][eta: 3:27:52, time (data): 0.619 (0.103)]rfmnet: 1.0339e+00 l_total: 1.0339e+00 
2025-08-20 15:54:30,465 INFO: [topki..][epoch: 90, iter:  60,200, lr:(1.266e-04,9.902e-04,)][eta: 3:24:53, time (data): 0.586 (0.141)]rfmnet: 1.1201e+00 l_total: 1.1201e+00 
2025-08-20 15:55:41,851 INFO: [topki..][epoch: 90, iter:  60,300, lr:(1.266e-04,9.902e-04,)][eta: 3:21:55, time (data): 0.649 (0.127)]rfmnet: 1.2066e+00 l_total: 1.2066e+00 
2025-08-20 15:56:53,762 INFO: [topki..][epoch: 90, iter:  60,400, lr:(1.266e-04,9.902e-04,)][eta: 3:18:58, time (data): 0.719 (0.110)]rfmnet: 1.0379e+00 l_total: 1.0379e+00 
2025-08-20 15:57:49,735 INFO: [topki..][epoch: 90, iter:  60,500, lr:(1.266e-04,9.902e-04,)][eta: 3:15:59, time (data): 0.639 (0.113)]rfmnet: 1.2923e+00 l_total: 1.2923e+00 
2025-08-20 15:58:54,773 INFO: [topki..][epoch: 90, iter:  60,600, lr:(1.266e-04,9.902e-04,)][eta: 3:13:02, time (data): 0.651 (0.115)]rfmnet: 1.0144e+00 l_total: 1.0144e+00 
2025-08-20 16:00:11,755 INFO: [topki..][epoch: 90, iter:  60,700, lr:(1.266e-04,9.902e-04,)][eta: 3:10:06, time (data): 0.711 (0.115)]rfmnet: 2.9212e+00 l_total: 2.9212e+00 
2025-08-20 16:01:22,114 INFO: [topki..][epoch: 90, iter:  60,800, lr:(1.266e-04,9.902e-04,)][eta: 3:07:10, time (data): 0.701 (0.117)]rfmnet: 1.0651e+00 l_total: 1.0651e+00 
2025-08-20 16:02:27,290 INFO: [topki..][epoch: 91, iter:  60,900, lr:(1.220e-04,1.000e-03,)][eta: 3:04:14, time (data): 0.676 (0.126)]rfmnet: 1.1431e+00 l_total: 1.1431e+00 
2025-08-20 16:03:43,048 INFO: [topki..][epoch: 91, iter:  61,000, lr:(1.220e-04,1.000e-03,)][eta: 3:01:19, time (data): 0.760 (0.115)]rfmnet: 1.2374e+00 l_total: 1.2374e+00 
2025-08-20 16:04:57,766 INFO: [topki..][epoch: 91, iter:  61,100, lr:(1.220e-04,1.000e-03,)][eta: 2:58:25, time (data): 0.753 (0.115)]rfmnet: 1.4339e+00 l_total: 1.4339e+00 
2025-08-20 16:05:56,720 INFO: [topki..][epoch: 91, iter:  61,200, lr:(1.220e-04,1.000e-03,)][eta: 2:55:29, time (data): 0.592 (0.115)]rfmnet: 1.1576e+00 l_total: 1.1576e+00 
2025-08-20 16:07:04,838 INFO: [topki..][epoch: 91, iter:  61,300, lr:(1.220e-04,1.000e-03,)][eta: 2:52:35, time (data): 0.638 (0.116)]rfmnet: 1.4366e+00 l_total: 1.4366e+00 
2025-08-20 16:08:24,787 INFO: [topki..][epoch: 91, iter:  61,400, lr:(1.220e-04,1.000e-03,)][eta: 2:49:42, time (data): 0.798 (0.116)]rfmnet: 1.3200e+00 l_total: 1.3200e+00 
2025-08-20 16:09:28,497 INFO: [topki..][epoch: 91, iter:  61,500, lr:(1.220e-04,1.000e-03,)][eta: 2:46:48, time (data): 0.715 (0.117)]rfmnet: 1.2230e+00 l_total: 1.2230e+00 
2025-08-20 16:10:36,751 INFO: [topki..][epoch: 92, iter:  61,600, lr:(1.179e-04,9.902e-04,)][eta: 2:43:54, time (data): 0.685 (0.135)]rfmnet: 1.1991e+00 l_total: 1.1991e+00 
2025-08-20 16:11:51,518 INFO: [topki..][epoch: 92, iter:  61,700, lr:(1.179e-04,9.902e-04,)][eta: 2:41:02, time (data): 0.717 (0.123)]rfmnet: 1.1403e+00 l_total: 1.1403e+00 
2025-08-20 16:13:04,083 INFO: [topki..][epoch: 92, iter:  61,800, lr:(1.179e-04,9.902e-04,)][eta: 2:38:09, time (data): 0.718 (0.112)]rfmnet: 1.2207e+00 l_total: 1.2207e+00 
2025-08-20 16:14:03,764 INFO: [topki..][epoch: 92, iter:  61,900, lr:(1.179e-04,9.902e-04,)][eta: 2:35:16, time (data): 0.655 (0.115)]rfmnet: 1.2831e+00 l_total: 1.2831e+00 
2025-08-20 16:15:15,134 INFO: [topki..][epoch: 92, iter:  62,000, lr:(1.179e-04,9.902e-04,)][eta: 2:32:24, time (data): 0.727 (0.115)]rfmnet: 1.0818e+00 l_total: 1.0818e+00 
2025-08-20 16:15:15,134 INFO: Saving models and training states.
2025-08-20 16:15:15,155 INFO: Start validation.
2025-08-20 16:16:26,859 INFO: Avg time: 0.3243
2025-08-20 16:16:26,969 INFO: Val auc: 0.6690
2025-08-20 16:16:26,973 INFO: Val avg error: 0.0715
2025-08-20 16:17:29,609 INFO: [topki..][epoch: 92, iter:  62,100, lr:(1.179e-04,9.902e-04,)][eta: 2:29:38, time (data): 0.673 (0.116)]rfmnet: 1.0064e+00 l_total: 1.0064e+00 
2025-08-20 16:18:34,564 INFO: [topki..][epoch: 93, iter:  62,200, lr:(1.141e-04,9.611e-04,)][eta: 2:26:47, time (data): 0.659 (0.139)]rfmnet: 1.1928e+00 l_total: 1.1928e+00 
2025-08-20 16:19:52,477 INFO: [topki..][epoch: 93, iter:  62,300, lr:(1.141e-04,9.611e-04,)][eta: 2:23:56, time (data): 0.722 (0.129)]rfmnet: 1.4433e+00 l_total: 1.4433e+00 
2025-08-20 16:20:57,125 INFO: [topki..][epoch: 93, iter:  62,400, lr:(1.141e-04,9.611e-04,)][eta: 2:21:05, time (data): 0.632 (0.125)]rfmnet: 1.3248e+00 l_total: 1.3248e+00 
2025-08-20 16:21:55,790 INFO: [topki..][epoch: 93, iter:  62,500, lr:(1.141e-04,9.611e-04,)][eta: 2:18:14, time (data): 0.608 (0.124)]rfmnet: 1.0849e+00 l_total: 1.0849e+00 
2025-08-20 16:23:09,919 INFO: [topki..][epoch: 93, iter:  62,600, lr:(1.141e-04,9.611e-04,)][eta: 2:15:24, time (data): 0.747 (0.123)]rfmnet: 1.0719e+00 l_total: 1.0719e+00 
2025-08-20 16:24:19,527 INFO: [topki..][epoch: 93, iter:  62,700, lr:(1.141e-04,9.611e-04,)][eta: 2:12:34, time (data): 0.720 (0.120)]rfmnet: 2.8977e+00 l_total: 2.8977e+00 
2025-08-20 16:25:15,941 INFO: [topki..][epoch: 93, iter:  62,800, lr:(1.141e-04,9.611e-04,)][eta: 2:09:44, time (data): 0.563 (0.122)]rfmnet: 1.1329e+00 l_total: 1.1329e+00 
2025-08-20 16:26:21,977 INFO: [topki..][epoch: 94, iter:  62,900, lr:(1.108e-04,9.141e-04,)][eta: 2:06:54, time (data): 0.615 (0.128)]rfmnet: 1.0306e+00 l_total: 1.0306e+00 
2025-08-20 16:27:38,443 INFO: [topki..][epoch: 94, iter:  63,000, lr:(1.108e-04,9.141e-04,)][eta: 2:04:06, time (data): 0.770 (0.113)]rfmnet: 1.0546e+00 l_total: 1.0546e+00 
2025-08-20 16:28:31,817 INFO: [topki..][epoch: 94, iter:  63,100, lr:(1.108e-04,9.141e-04,)][eta: 2:01:16, time (data): 0.643 (0.113)]rfmnet: 1.1758e+00 l_total: 1.1758e+00 
2025-08-20 16:29:25,102 INFO: [topki..][epoch: 94, iter:  63,200, lr:(1.108e-04,9.141e-04,)][eta: 1:58:27, time (data): 0.531 (0.118)]rfmnet: 1.0459e+00 l_total: 1.0459e+00 
2025-08-20 16:30:17,966 INFO: [topki..][epoch: 94, iter:  63,300, lr:(1.108e-04,9.141e-04,)][eta: 1:55:38, time (data): 0.529 (0.117)]rfmnet: 1.2091e+00 l_total: 1.2091e+00 
2025-08-20 16:31:12,675 INFO: [topki..][epoch: 94, iter:  63,400, lr:(1.108e-04,9.141e-04,)][eta: 1:52:50, time (data): 0.550 (0.119)]rfmnet: 1.2202e+00 l_total: 1.2202e+00 
2025-08-20 16:32:10,348 INFO: [topki..][epoch: 94, iter:  63,500, lr:(1.108e-04,9.141e-04,)][eta: 1:50:02, time (data): 0.565 (0.118)]rfmnet: 1.2555e+00 l_total: 1.2555e+00 
2025-08-20 16:33:23,846 INFO: [topki..][epoch: 95, iter:  63,600, lr:(1.080e-04,8.511e-04,)][eta: 1:47:15, time (data): 0.750 (0.137)]rfmnet: 1.2440e+00 l_total: 1.2440e+00 
2025-08-20 16:34:30,128 INFO: [topki..][epoch: 95, iter:  63,700, lr:(1.080e-04,8.511e-04,)][eta: 1:44:28, time (data): 0.702 (0.123)]rfmnet: 3.0536e+00 l_total: 3.0536e+00 
2025-08-20 16:35:24,400 INFO: [topki..][epoch: 95, iter:  63,800, lr:(1.080e-04,8.511e-04,)][eta: 1:41:41, time (data): 0.547 (0.111)]rfmnet: 1.4754e+00 l_total: 1.4754e+00 
2025-08-20 16:36:32,355 INFO: [topki..][epoch: 95, iter:  63,900, lr:(1.080e-04,8.511e-04,)][eta: 1:38:55, time (data): 0.619 (0.111)]rfmnet: 1.1417e+00 l_total: 1.1417e+00 
2025-08-20 16:37:45,474 INFO: [topki..][epoch: 95, iter:  64,000, lr:(1.080e-04,8.511e-04,)][eta: 1:36:10, time (data): 0.722 (0.111)]rfmnet: 1.2405e+00 l_total: 1.2405e+00 
2025-08-20 16:37:45,475 INFO: Saving models and training states.
2025-08-20 16:37:45,493 INFO: Start validation.
2025-08-20 16:38:59,639 INFO: Avg time: 0.1591
2025-08-20 16:38:59,746 INFO: Val auc: 0.6692
2025-08-20 16:38:59,751 INFO: Val avg error: 0.0699
2025-08-20 16:40:11,504 INFO: [topki..][epoch: 95, iter:  64,100, lr:(1.080e-04,8.511e-04,)][eta: 1:33:29, time (data): 0.718 (0.113)]rfmnet: 1.2587e+00 l_total: 1.2587e+00 
2025-08-20 16:41:23,559 INFO: [topki..][epoch: 95, iter:  64,200, lr:(1.080e-04,8.511e-04,)][eta: 1:30:44, time (data): 0.717 (0.117)]rfmnet: 1.2397e+00 l_total: 1.2397e+00 
2025-08-20 16:42:21,709 INFO: [topki..][epoch: 96, iter:  64,300, lr:(1.055e-04,7.750e-04,)][eta: 1:27:58, time (data): 0.642 (0.128)]rfmnet: 9.1354e-01 l_total: 9.1354e-01 
2025-08-20 16:43:27,704 INFO: [topki..][epoch: 96, iter:  64,400, lr:(1.055e-04,7.750e-04,)][eta: 1:25:14, time (data): 0.685 (0.122)]rfmnet: 1.3972e+00 l_total: 1.3972e+00 
2025-08-20 16:44:44,686 INFO: [topki..][epoch: 96, iter:  64,500, lr:(1.055e-04,7.750e-04,)][eta: 1:22:30, time (data): 0.732 (0.122)]rfmnet: 1.0939e+00 l_total: 1.0939e+00 
2025-08-20 16:45:41,327 INFO: [topki..][epoch: 96, iter:  64,600, lr:(1.055e-04,7.750e-04,)][eta: 1:19:45, time (data): 0.561 (0.120)]rfmnet: 1.2342e+00 l_total: 1.2342e+00 
2025-08-20 16:46:44,845 INFO: [topki..][epoch: 96, iter:  64,700, lr:(1.055e-04,7.750e-04,)][eta: 1:17:02, time (data): 0.602 (0.121)]rfmnet: 1.1668e+00 l_total: 1.1668e+00 
2025-08-20 16:48:04,138 INFO: [topki..][epoch: 96, iter:  64,800, lr:(1.055e-04,7.750e-04,)][eta: 1:14:19, time (data): 0.798 (0.119)]rfmnet: 1.1174e+00 l_total: 1.1174e+00 
2025-08-20 16:49:14,392 INFO: [topki..][epoch: 97, iter:  64,900, lr:(1.035e-04,6.891e-04,)][eta: 1:11:36, time (data): 0.744 (0.127)]rfmnet: 1.1305e+00 l_total: 1.1305e+00 
2025-08-20 16:50:17,887 INFO: [topki..][epoch: 97, iter:  65,000, lr:(1.035e-04,6.891e-04,)][eta: 1:08:53, time (data): 0.627 (0.112)]rfmnet: 1.2683e+00 l_total: 1.2683e+00 
2025-08-20 16:51:34,143 INFO: [topki..][epoch: 97, iter:  65,100, lr:(1.035e-04,6.891e-04,)][eta: 1:06:10, time (data): 0.704 (0.113)]rfmnet: 3.0417e+00 l_total: 3.0417e+00 
2025-08-20 16:52:46,340 INFO: [topki..][epoch: 97, iter:  65,200, lr:(1.035e-04,6.891e-04,)][eta: 1:03:28, time (data): 0.691 (0.115)]rfmnet: 1.2087e+00 l_total: 1.2087e+00 
2025-08-20 16:53:48,495 INFO: [topki..][epoch: 97, iter:  65,300, lr:(1.035e-04,6.891e-04,)][eta: 1:00:46, time (data): 0.652 (0.117)]rfmnet: 1.3156e+00 l_total: 1.3156e+00 
2025-08-20 16:54:59,994 INFO: [topki..][epoch: 97, iter:  65,400, lr:(1.035e-04,6.891e-04,)][eta: 0:58:05, time (data): 0.731 (0.117)]rfmnet: 1.0303e+00 l_total: 1.0303e+00 
2025-08-20 16:56:24,083 INFO: [topki..][epoch: 97, iter:  65,500, lr:(1.035e-04,6.891e-04,)][eta: 0:55:24, time (data): 0.794 (0.117)]rfmnet: 1.1733e+00 l_total: 1.1733e+00 
2025-08-20 16:57:30,365 INFO: [topki..][epoch: 98, iter:  65,600, lr:(1.020e-04,5.970e-04,)][eta: 0:52:43, time (data): 0.656 (0.147)]rfmnet: 1.1698e+00 l_total: 1.1698e+00 
2025-08-20 16:58:39,616 INFO: [topki..][epoch: 98, iter:  65,700, lr:(1.020e-04,5.970e-04,)][eta: 0:50:02, time (data): 0.677 (0.129)]rfmnet: 1.3284e+00 l_total: 1.3284e+00 
2025-08-20 16:59:58,062 INFO: [topki..][epoch: 98, iter:  65,800, lr:(1.020e-04,5.970e-04,)][eta: 0:47:21, time (data): 0.795 (0.116)]rfmnet: 1.1162e+00 l_total: 1.1162e+00 
2025-08-20 17:01:08,417 INFO: [topki..][epoch: 98, iter:  65,900, lr:(1.020e-04,5.970e-04,)][eta: 0:44:41, time (data): 0.742 (0.117)]rfmnet: 1.0997e+00 l_total: 1.0997e+00 
2025-08-20 17:02:13,290 INFO: [topki..][epoch: 98, iter:  66,000, lr:(1.020e-04,5.970e-04,)][eta: 0:42:01, time (data): 0.642 (0.117)]rfmnet: 7.4371e-01 l_total: 7.4371e-01 
2025-08-20 17:02:13,290 INFO: Saving models and training states.
2025-08-20 17:02:13,309 INFO: Start validation.
2025-08-20 17:03:23,363 INFO: Avg time: 0.3303
2025-08-20 17:03:23,470 INFO: Val auc: 0.6690
2025-08-20 17:03:23,476 INFO: Val avg error: 0.0699
2025-08-20 17:04:40,204 INFO: [topki..][epoch: 98, iter:  66,100, lr:(1.020e-04,5.970e-04,)][eta: 0:39:23, time (data): 0.713 (0.118)]rfmnet: 1.0629e+00 l_total: 1.0629e+00 
2025-08-20 17:05:39,677 INFO: [topki..][epoch: 98, iter:  66,200, lr:(1.020e-04,5.970e-04,)][eta: 0:36:43, time (data): 0.601 (0.119)]rfmnet: 1.1137e+00 l_total: 1.1137e+00 
2025-08-20 17:06:51,206 INFO: [topki..][epoch: 99, iter:  66,300, lr:(1.009e-04,5.030e-04,)][eta: 0:34:04, time (data): 0.668 (0.125)]rfmnet: 1.2721e+00 l_total: 1.2721e+00 
2025-08-20 17:08:09,571 INFO: [topki..][epoch: 99, iter:  66,400, lr:(1.009e-04,5.030e-04,)][eta: 0:31:25, time (data): 0.789 (0.115)]rfmnet: 1.1072e+00 l_total: 1.1072e+00 
2025-08-20 17:09:12,762 INFO: [topki..][epoch: 99, iter:  66,500, lr:(1.009e-04,5.030e-04,)][eta: 0:28:47, time (data): 0.697 (0.118)]rfmnet: 1.0702e+00 l_total: 1.0702e+00 
2025-08-20 17:10:16,984 INFO: [topki..][epoch: 99, iter:  66,600, lr:(1.009e-04,5.030e-04,)][eta: 0:26:08, time (data): 0.643 (0.119)]rfmnet: 1.3746e+00 l_total: 1.3746e+00 
2025-08-20 17:11:20,562 INFO: [topki..][epoch: 99, iter:  66,700, lr:(1.009e-04,5.030e-04,)][eta: 0:23:30, time (data): 0.639 (0.120)]rfmnet: 1.3353e+00 l_total: 1.3353e+00 
2025-08-20 17:12:25,485 INFO: [topki..][epoch: 99, iter:  66,800, lr:(1.009e-04,5.030e-04,)][eta: 0:20:52, time (data): 0.649 (0.123)]rfmnet: 1.2733e+00 l_total: 1.2733e+00 
2025-08-20 17:13:32,156 INFO: [topki..][epoch: 99, iter:  66,900, lr:(1.009e-04,5.030e-04,)][eta: 0:18:14, time (data): 0.660 (0.123)]rfmnet: 1.0109e+00 l_total: 1.0109e+00 
2025-08-20 17:14:53,160 INFO: [topki..][epoch:100, iter:  67,000, lr:(1.002e-04,4.109e-04,)][eta: 0:15:37, time (data): 0.801 (0.120)]rfmnet: 1.0774e+00 l_total: 1.0774e+00 
2025-08-20 17:16:04,447 INFO: [topki..][epoch:100, iter:  67,100, lr:(1.002e-04,4.109e-04,)][eta: 0:13:00, time (data): 0.748 (0.120)]rfmnet: 1.1375e+00 l_total: 1.1375e+00 
2025-08-20 17:17:06,784 INFO: [topki..][epoch:100, iter:  67,200, lr:(1.002e-04,4.109e-04,)][eta: 0:10:23, time (data): 0.648 (0.118)]rfmnet: 2.5128e+00 l_total: 2.5128e+00 
2025-08-20 17:18:23,482 INFO: [topki..][epoch:100, iter:  67,300, lr:(1.002e-04,4.109e-04,)][eta: 0:07:46, time (data): 0.720 (0.120)]rfmnet: 1.2971e+00 l_total: 1.2971e+00 
2025-08-20 17:19:39,760 INFO: [topki..][epoch:100, iter:  67,400, lr:(1.002e-04,4.109e-04,)][eta: 0:05:10, time (data): 0.746 (0.122)]rfmnet: 1.1174e+00 l_total: 1.1174e+00 
2025-08-20 17:20:42,216 INFO: [topki..][epoch:100, iter:  67,500, lr:(1.002e-04,4.109e-04,)][eta: 0:02:34, time (data): 0.672 (0.122)]rfmnet: 1.1459e+00 l_total: 1.1459e+00 
2025-08-20 17:21:54,982 INFO: [topki..][epoch:100, iter:  67,600, lr:(1.002e-04,4.109e-04,)][eta: -1 day, 23:59:59, time (data): 0.747 (0.118)]rfmnet: 1.1137e+00 l_total: 1.1137e+00 
2025-08-20 17:21:55,097 INFO: End of training. Time consumed: 1 day, 5:14:31
2025-08-20 17:21:55,097 INFO: Last Validation.
2025-08-20 17:23:10,335 INFO: Avg time: 0.2640
2025-08-20 17:23:10,438 INFO: Val auc: 0.6703
2025-08-20 17:23:10,443 INFO: Val avg error: 0.0695
2025-08-20 17:23:10,707 INFO: Save the best model.
