2025-08-19 12:05:29,260 INFO: 
Version Information: 
	Python: 3.8.20
	PyTorch: 2.0.0+cu118
	TorchVision: 0.15.0+cu118
2025-08-19 12:05:29,261 INFO: 
  name: faust
  backend: dp
  type: SpatialLearningBasisModel
  num_gpu: 1
  gpu_idx: 4
  manual_seed: 1234
  non-isometric: False
  partial: False
  save_filter: True
  path:[
    resume_state: None
    experiments_root: /mnt/zj-gpfs/home/luofeifan/shape_correspondence/LearnableBasisFMaps_main/experiments/faust
    models: /mnt/zj-gpfs/home/luofeifan/shape_correspondence/LearnableBasisFMaps_main/experiments/faust/models
    log: /mnt/zj-gpfs/home/luofeifan/shape_correspondence/LearnableBasisFMaps_main/experiments/faust/log
  ]
  datasets:[
    train_dataset:[
      name: FaustTrain
      type: PairFaustDataset
      phase: train
      data_root: ../data/FAUST_r
      return_evecs: True
      return_faces: True
      num_evecs: 200
      return_corr: False
      return_dist: False
    ]
    test_dataset:[
      name: Shrec19Val
      type: PairShrec19Dataset
      phase: test
      data_root: ../data/SHREC19_r
      return_evecs: True
      return_faces: True
      num_evecs: 200
      return_dist: True
    ]
    batch_size: 1
    num_worker: 16
  ]
  networks:[
    feature_extractor:[
      type: DiffusionNet
      in_channels: 16
      out_channels: 128
      cache_dir: ../data/FAUST_r/diffusion
      input_type: hks
    ]
    permutation:[
      type: Similarity
      tau: 0.07
    ]
    basisconv:[
      type: EigenBasis_Fliters
    ]
  ]
  train:[
    total_epochs: 10
    optims:[
      feature_extractor:[
        type: Adam
        lr: 0.001
      ]
      basisconv:[
        type: Adam
        lr: 0.001
      ]
    ]
    schedulers:[
      feature_extractor:[
        type: CosineAnnealingLR
        eta_min: 0.0001
        T_max: 15
      ]
      basisconv:[
        type: CosineAnnealingLR
        eta_min: 0.0001
        T_max: 15
      ]
    ]
    losses:[
      rfmnet_loss:[
        type: RfmnetLoss
        loss_weight: 1.0
      ]
    ]
  ]
  val:[
    val_freq: 2000
    metrics:[
      geo_error:[
        type: calculate_geodesic_error
      ]
      plot_pck:[
        type: plot_pck
      ]
    ]
  ]
  logger:[
    print_freq: 100
    save_checkpoint_freq: 2000
  ]
  is_train: True
  dist: False
  rank: 0
  world_size: 1
  root_path: /mnt/zj-gpfs/home/luofeifan/shape_correspondence/LearnableBasisFMaps_main

2025-08-19 12:05:29,634 INFO: Dataset [PairFaustDataset]-[FaustTrain] is built.
2025-08-19 12:05:29,637 INFO: Dataset [PairShrec19Dataset]-[Shrec19Val] is built.
2025-08-19 12:05:29,638 INFO: Training statistics:
	Number of train images: 6400
	Dataset enlarge ratio: 1
	Batch size: 1
	World size (gpu number): 1
	Require iter number per epoch: 6400
	Total epochs: 10; iters: 64000.
2025-08-19 12:05:29,638 INFO: Validation statistics:
	Number of val images: 407
2025-08-19 12:05:29,673 INFO: Network [DiffusionNet] is created.
2025-08-19 12:05:29,673 INFO: Network [Similarity] is created.
2025-08-19 12:05:29,673 INFO: Network [EigenBasis_Fliters] is created.
2025-08-19 12:05:30,056 INFO: Network: DiffusionNet, with parameters: 479,488
2025-08-19 12:05:30,056 INFO: Network: Similarity, with parameters: 0
2025-08-19 12:05:30,056 INFO: Network: EigenBasis_Fliters, with parameters: 200
2025-08-19 12:05:30,056 INFO: Metric [function] is created.
2025-08-19 12:05:30,056 INFO: Metric [function] is created.
2025-08-19 12:05:30,057 INFO: Network permutation has no param to optimize. Ignore it.
2025-08-19 12:05:30,057 INFO: Loss [RfmnetLoss] is created.
2025-08-19 12:05:30,060 INFO: Model [SpatialLearningBasisModel] is created.
2025-08-19 12:05:30,060 INFO: Start training from epoch: 0, iter: 0
2025-08-19 12:06:13,135 INFO: [faust..][epoch:  1, iter:     100, lr:(1.000e-03,1.000e-03,)][eta: 7:20:13, time (data): 0.431 (0.040)]rfmnet: 2.5981e+03 l_total: 2.5981e+03 
2025-08-19 12:06:57,025 INFO: [faust..][epoch:  1, iter:     200, lr:(1.000e-03,1.000e-03,)][eta: 7:33:03, time (data): 0.435 (0.036)]rfmnet: 2.1897e+03 l_total: 2.1897e+03 
2025-08-19 12:07:19,915 INFO: [faust..][epoch:  1, iter:     300, lr:(1.000e-03,1.000e-03,)][eta: 6:22:47, time (data): 0.227 (0.032)]rfmnet: 2.0382e+03 l_total: 2.0382e+03 
2025-08-19 12:10:20,148 INFO: [faust..][epoch:  1, iter:     400, lr:(1.000e-03,1.000e-03,)][eta: 12:43:18, time (data): 1.018 (0.044)]rfmnet: 1.7528e+03 l_total: 1.7528e+03 
2025-08-19 12:13:39,684 INFO: [faust..][epoch:  1, iter:     500, lr:(1.000e-03,1.000e-03,)][eta: 17:11:29, time (data): 1.987 (0.058)]rfmnet: 1.5943e+03 l_total: 1.5943e+03 
2025-08-19 12:17:43,768 INFO: [faust..][epoch:  1, iter:     600, lr:(1.000e-03,1.000e-03,)][eta: 21:27:38, time (data): 2.216 (0.062)]rfmnet: 1.4837e+03 l_total: 1.4837e+03 
2025-08-19 12:21:09,243 INFO: [faust..][epoch:  1, iter:     700, lr:(1.000e-03,1.000e-03,)][eta: 23:31:26, time (data): 2.025 (0.062)]rfmnet: 1.3574e+03 l_total: 1.3574e+03 
2025-08-19 12:24:17,145 INFO: [faust..][epoch:  1, iter:     800, lr:(1.000e-03,1.000e-03,)][eta: 1 day, 0:40:22, time (data): 1.951 (0.059)]rfmnet: 1.1827e+03 l_total: 1.1827e+03 
2025-08-19 12:28:20,248 INFO: [faust..][epoch:  1, iter:     900, lr:(1.000e-03,1.000e-03,)][eta: 1 day, 2:37:44, time (data): 2.443 (0.067)]rfmnet: 1.1198e+03 l_total: 1.1198e+03 
2025-08-19 12:32:25,043 INFO: [faust..][epoch:  1, iter:   1,000, lr:(1.000e-03,1.000e-03,)][eta: 1 day, 4:12:37, time (data): 2.445 (0.070)]rfmnet: 9.6870e+02 l_total: 9.6870e+02 
2025-08-19 12:36:38,671 INFO: [faust..][epoch:  1, iter:   1,100, lr:(1.000e-03,1.000e-03,)][eta: 1 day, 5:37:56, time (data): 2.485 (0.076)]rfmnet: 9.5074e+02 l_total: 9.5074e+02 
2025-08-19 12:39:59,855 INFO: [faust..][epoch:  1, iter:   1,200, lr:(1.000e-03,1.000e-03,)][eta: 1 day, 6:02:38, time (data): 2.242 (0.070)]rfmnet: 8.3055e+02 l_total: 8.3055e+02 
2025-08-19 12:44:18,139 INFO: [faust..][epoch:  1, iter:   1,300, lr:(1.000e-03,1.000e-03,)][eta: 1 day, 7:08:53, time (data): 2.645 (0.073)]rfmnet: 7.5618e+02 l_total: 7.5618e+02 
2025-08-19 12:47:51,077 INFO: [faust..][epoch:  1, iter:   1,400, lr:(1.000e-03,1.000e-03,)][eta: 1 day, 7:31:17, time (data): 2.379 (0.068)]rfmnet: 6.6215e+02 l_total: 6.6215e+02 
2025-08-19 12:51:27,237 INFO: [faust..][epoch:  1, iter:   1,500, lr:(1.000e-03,1.000e-03,)][eta: 1 day, 7:52:28, time (data): 2.164 (0.071)]rfmnet: 5.8133e+02 l_total: 5.8133e+02 
2025-08-19 12:55:20,743 INFO: [faust..][epoch:  1, iter:   1,600, lr:(1.000e-03,1.000e-03,)][eta: 1 day, 8:21:50, time (data): 2.253 (0.070)]rfmnet: 5.5315e+02 l_total: 5.5315e+02 
2025-08-19 12:58:20,548 INFO: [faust..][epoch:  1, iter:   1,700, lr:(1.000e-03,1.000e-03,)][eta: 1 day, 8:14:30, time (data): 1.809 (0.068)]rfmnet: 4.8249e+02 l_total: 4.8249e+02 
2025-08-19 13:01:35,952 INFO: [faust..][epoch:  1, iter:   1,800, lr:(1.000e-03,1.000e-03,)][eta: 1 day, 8:16:38, time (data): 1.884 (0.068)]rfmnet: 4.3457e+02 l_total: 4.3457e+02 
2025-08-19 13:05:31,630 INFO: [faust..][epoch:  1, iter:   1,900, lr:(1.000e-03,1.000e-03,)][eta: 1 day, 8:40:07, time (data): 2.389 (0.068)]rfmnet: 3.8371e+02 l_total: 3.8371e+02 
2025-08-19 13:08:47,134 INFO: [faust..][epoch:  1, iter:   2,000, lr:(1.000e-03,1.000e-03,)][eta: 1 day, 8:40:07, time (data): 2.162 (0.063)]rfmnet: 3.1282e+02 l_total: 3.1282e+02 
2025-08-19 13:08:47,135 INFO: Saving models and training states.
2025-08-19 13:08:47,162 INFO: Start validation.
2025-08-19 13:24:36,192 INFO: Avg time: 0.6697
2025-08-19 13:24:36,439 INFO: Val auc: 0.5841
2025-08-19 13:24:36,443 INFO: Val avg error: 0.0882
2025-08-19 13:24:36,452 INFO: Best model is updated, average geodesic error: 0.0882
2025-08-19 13:27:43,323 INFO: [faust..][epoch:  1, iter:   2,100, lr:(1.000e-03,1.000e-03,)][eta: 1 day, 16:21:43, time (data): 1.906 (0.066)]rfmnet: 2.8695e+02 l_total: 2.8695e+02 
2025-08-19 13:31:23,852 INFO: [faust..][epoch:  1, iter:   2,200, lr:(1.000e-03,1.000e-03,)][eta: 1 day, 16:11:09, time (data): 2.064 (0.068)]rfmnet: 2.6172e+02 l_total: 2.6172e+02 
2025-08-19 13:34:13,252 INFO: [faust..][epoch:  1, iter:   2,300, lr:(1.000e-03,1.000e-03,)][eta: 1 day, 15:38:20, time (data): 1.606 (0.061)]rfmnet: 2.5809e+02 l_total: 2.5809e+02 
2025-08-19 13:37:52,073 INFO: [faust..][epoch:  1, iter:   2,400, lr:(1.000e-03,1.000e-03,)][eta: 1 day, 15:29:09, time (data): 1.914 (0.064)]rfmnet: 2.3715e+02 l_total: 2.3715e+02 
2025-08-19 13:40:56,567 INFO: [faust..][epoch:  1, iter:   2,500, lr:(1.000e-03,1.000e-03,)][eta: 1 day, 15:06:20, time (data): 1.814 (0.060)]rfmnet: 1.9155e+02 l_total: 1.9155e+02 
2025-08-19 13:43:48,149 INFO: [faust..][epoch:  1, iter:   2,600, lr:(1.000e-03,1.000e-03,)][eta: 1 day, 14:39:58, time (data): 1.762 (0.059)]rfmnet: 2.0883e+02 l_total: 2.0883e+02 
2025-08-19 13:47:10,053 INFO: [faust..][epoch:  1, iter:   2,700, lr:(1.000e-03,1.000e-03,)][eta: 1 day, 14:26:48, time (data): 2.078 (0.072)]rfmnet: 1.9404e+02 l_total: 1.9404e+02 
2025-08-19 13:50:31,067 INFO: [faust..][epoch:  1, iter:   2,800, lr:(1.000e-03,1.000e-03,)][eta: 1 day, 14:14:01, time (data): 2.042 (0.066)]rfmnet: 1.6104e+02 l_total: 1.6104e+02 
2025-08-19 13:54:00,640 INFO: [faust..][epoch:  1, iter:   2,900, lr:(1.000e-03,1.000e-03,)][eta: 1 day, 14:04:53, time (data): 2.116 (0.061)]rfmnet: 1.3990e+02 l_total: 1.3990e+02 
2025-08-19 13:57:35,976 INFO: [faust..][epoch:  1, iter:   3,000, lr:(1.000e-03,1.000e-03,)][eta: 1 day, 13:58:05, time (data): 2.136 (0.063)]rfmnet: 1.4167e+02 l_total: 1.4167e+02 
2025-08-19 14:00:36,451 INFO: [faust..][epoch:  1, iter:   3,100, lr:(1.000e-03,1.000e-03,)][eta: 1 day, 13:40:05, time (data): 1.713 (0.058)]rfmnet: 1.1488e+02 l_total: 1.1488e+02 
2025-08-19 14:04:30,045 INFO: [faust..][epoch:  1, iter:   3,200, lr:(1.000e-03,1.000e-03,)][eta: 1 day, 13:39:49, time (data): 2.050 (0.062)]rfmnet: 1.1599e+02 l_total: 1.1599e+02 
2025-08-19 14:08:48,049 INFO: [faust..][epoch:  1, iter:   3,300, lr:(1.000e-03,1.000e-03,)][eta: 1 day, 13:46:50, time (data): 2.539 (0.076)]rfmnet: 1.0007e+02 l_total: 1.0007e+02 
2025-08-19 14:13:16,737 INFO: [faust..][epoch:  1, iter:   3,400, lr:(1.000e-03,1.000e-03,)][eta: 1 day, 13:56:21, time (data): 2.619 (0.080)]rfmnet: 8.9091e+01 l_total: 8.9091e+01 
2025-08-19 14:16:30,974 INFO: [faust..][epoch:  1, iter:   3,500, lr:(1.000e-03,1.000e-03,)][eta: 1 day, 13:43:37, time (data): 1.832 (0.061)]rfmnet: 8.4313e+01 l_total: 8.4313e+01 
2025-08-19 14:20:32,749 INFO: [faust..][epoch:  1, iter:   3,600, lr:(1.000e-03,1.000e-03,)][eta: 1 day, 13:44:42, time (data): 2.152 (0.070)]rfmnet: 8.3411e+01 l_total: 8.3411e+01 
2025-08-19 14:23:56,203 INFO: [faust..][epoch:  1, iter:   3,700, lr:(1.000e-03,1.000e-03,)][eta: 1 day, 13:35:07, time (data): 1.925 (0.061)]rfmnet: 8.6427e+01 l_total: 8.6427e+01 
2025-08-19 14:27:17,008 INFO: [faust..][epoch:  1, iter:   3,800, lr:(1.000e-03,1.000e-03,)][eta: 1 day, 13:25:09, time (data): 1.970 (0.060)]rfmnet: 7.4821e+01 l_total: 7.4821e+01 
2025-08-19 14:31:07,251 INFO: [faust..][epoch:  1, iter:   3,900, lr:(1.000e-03,1.000e-03,)][eta: 1 day, 13:23:05, time (data): 2.200 (0.073)]rfmnet: 7.0324e+01 l_total: 7.0324e+01 
2025-08-19 14:34:26,759 INFO: [faust..][epoch:  1, iter:   4,000, lr:(1.000e-03,1.000e-03,)][eta: 1 day, 13:13:14, time (data): 2.087 (0.067)]rfmnet: 6.0895e+01 l_total: 6.0895e+01 
2025-08-19 14:34:26,759 INFO: Saving models and training states.
2025-08-19 14:34:26,784 INFO: Start validation.
2025-08-19 14:51:01,908 INFO: Avg time: 1.7081
2025-08-19 14:51:02,279 INFO: Val auc: 0.5969
2025-08-19 14:51:02,279 INFO: Val avg error: 0.0806
2025-08-19 14:51:02,333 INFO: Best model is updated, average geodesic error: 0.0806
2025-08-19 14:54:39,038 INFO: [faust..][epoch:  1, iter:   4,100, lr:(1.000e-03,1.000e-03,)][eta: 1 day, 17:10:16, time (data): 2.329 (0.066)]rfmnet: 5.6430e+01 l_total: 5.6430e+01 
2025-08-19 14:58:48,380 INFO: [faust..][epoch:  1, iter:   4,200, lr:(1.000e-03,1.000e-03,)][eta: 1 day, 17:06:35, time (data): 2.420 (0.072)]rfmnet: 6.2675e+01 l_total: 6.2675e+01 
2025-08-19 15:02:00,333 INFO: [faust..][epoch:  1, iter:   4,300, lr:(1.000e-03,1.000e-03,)][eta: 1 day, 16:49:37, time (data): 1.875 (0.063)]rfmnet: 4.8693e+01 l_total: 4.8693e+01 
2025-08-19 15:05:37,448 INFO: [faust..][epoch:  1, iter:   4,400, lr:(1.000e-03,1.000e-03,)][eta: 1 day, 16:38:57, time (data): 2.041 (0.070)]rfmnet: 4.4459e+01 l_total: 4.4459e+01 
2025-08-19 15:08:36,096 INFO: [faust..][epoch:  1, iter:   4,500, lr:(1.000e-03,1.000e-03,)][eta: 1 day, 16:20:07, time (data): 1.603 (0.063)]rfmnet: 4.2439e+01 l_total: 4.2439e+01 
2025-08-19 15:11:51,380 INFO: [faust..][epoch:  1, iter:   4,600, lr:(1.000e-03,1.000e-03,)][eta: 1 day, 16:05:33, time (data): 1.800 (0.063)]rfmnet: 4.6267e+01 l_total: 4.6267e+01 
2025-08-19 15:15:54,392 INFO: [faust..][epoch:  1, iter:   4,700, lr:(1.000e-03,1.000e-03,)][eta: 1 day, 16:01:31, time (data): 2.560 (0.073)]rfmnet: 3.7759e+01 l_total: 3.7759e+01 
2025-08-19 15:19:29,964 INFO: [faust..][epoch:  1, iter:   4,800, lr:(1.000e-03,1.000e-03,)][eta: 1 day, 15:51:50, time (data): 2.331 (0.073)]rfmnet: 3.8203e+01 l_total: 3.8203e+01 
2025-08-19 15:22:54,132 INFO: [faust..][epoch:  1, iter:   4,900, lr:(1.000e-03,1.000e-03,)][eta: 1 day, 15:40:06, time (data): 2.075 (0.068)]rfmnet: 3.0762e+01 l_total: 3.0762e+01 
2025-08-19 15:25:51,056 INFO: [faust..][epoch:  1, iter:   5,000, lr:(1.000e-03,1.000e-03,)][eta: 1 day, 15:23:21, time (data): 1.901 (0.068)]rfmnet: 3.0171e+01 l_total: 3.0171e+01 
2025-08-19 15:28:30,269 INFO: [faust..][epoch:  1, iter:   5,100, lr:(1.000e-03,1.000e-03,)][eta: 1 day, 15:03:44, time (data): 1.721 (0.067)]rfmnet: 2.8499e+01 l_total: 2.8499e+01 
2025-08-19 15:31:29,927 INFO: [faust..][epoch:  1, iter:   5,200, lr:(1.000e-03,1.000e-03,)][eta: 1 day, 14:48:37, time (data): 1.764 (0.062)]rfmnet: 2.3691e+01 l_total: 2.3691e+01 
2025-08-19 15:35:18,738 INFO: [faust..][epoch:  1, iter:   5,300, lr:(1.000e-03,1.000e-03,)][eta: 1 day, 14:43:02, time (data): 2.255 (0.074)]rfmnet: 2.5137e+01 l_total: 2.5137e+01 
2025-08-19 15:38:42,084 INFO: [faust..][epoch:  1, iter:   5,400, lr:(1.000e-03,1.000e-03,)][eta: 1 day, 14:32:54, time (data): 2.128 (0.070)]rfmnet: 2.2601e+01 l_total: 2.2601e+01 
2025-08-19 15:42:20,238 INFO: [faust..][epoch:  1, iter:   5,500, lr:(1.000e-03,1.000e-03,)][eta: 1 day, 14:25:39, time (data): 2.320 (0.066)]rfmnet: 2.0134e+01 l_total: 2.0134e+01 
2025-08-19 15:46:24,975 INFO: [faust..][epoch:  1, iter:   5,600, lr:(1.000e-03,1.000e-03,)][eta: 1 day, 14:23:08, time (data): 2.394 (0.070)]rfmnet: 1.9759e+01 l_total: 1.9759e+01 
2025-08-19 15:50:27,290 INFO: [faust..][epoch:  1, iter:   5,700, lr:(1.000e-03,1.000e-03,)][eta: 1 day, 14:20:10, time (data): 2.416 (0.076)]rfmnet: 1.9317e+01 l_total: 1.9317e+01 
2025-08-19 15:54:23,951 INFO: [faust..][epoch:  1, iter:   5,800, lr:(1.000e-03,1.000e-03,)][eta: 1 day, 14:16:13, time (data): 2.387 (0.070)]rfmnet: 1.7657e+01 l_total: 1.7657e+01 
2025-08-19 15:57:35,640 INFO: [faust..][epoch:  1, iter:   5,900, lr:(1.000e-03,1.000e-03,)][eta: 1 day, 14:04:52, time (data): 2.090 (0.064)]rfmnet: 1.7134e+01 l_total: 1.7134e+01 
2025-08-19 16:01:53,916 INFO: [faust..][epoch:  1, iter:   6,000, lr:(1.000e-03,1.000e-03,)][eta: 1 day, 14:04:32, time (data): 2.378 (0.068)]rfmnet: 1.6886e+01 l_total: 1.6886e+01 
2025-08-19 16:01:53,917 INFO: Saving models and training states.
2025-08-19 16:01:53,938 INFO: Start validation.
2025-08-19 16:17:17,334 INFO: Avg time: 2.6467
2025-08-19 16:17:17,942 INFO: Val auc: 0.6163
2025-08-19 16:17:17,946 INFO: Val avg error: 0.0661
2025-08-19 16:17:17,950 INFO: Best model is updated, average geodesic error: 0.0661
2025-08-19 16:21:41,491 INFO: [faust..][epoch:  1, iter:   6,100, lr:(1.000e-03,1.000e-03,)][eta: 1 day, 16:31:03, time (data): 2.781 (0.072)]rfmnet: 1.6917e+01 l_total: 1.6917e+01 
2025-08-19 16:25:13,840 INFO: [faust..][epoch:  1, iter:   6,200, lr:(1.000e-03,1.000e-03,)][eta: 1 day, 16:20:42, time (data): 2.394 (0.068)]rfmnet: 1.3623e+01 l_total: 1.3623e+01 
2025-08-19 16:29:07,003 INFO: [faust..][epoch:  1, iter:   6,300, lr:(1.000e-03,1.000e-03,)][eta: 1 day, 16:13:45, time (data): 2.427 (0.072)]rfmnet: 1.2506e+01 l_total: 1.2506e+01 
2025-08-19 16:32:54,740 INFO: [faust..][epoch:  1, iter:   6,400, lr:(1.000e-03,1.000e-03,)][eta: 1 day, 16:06:05, time (data): 2.338 (0.070)]rfmnet: 1.1466e+01 l_total: 1.1466e+01 
2025-08-19 16:36:53,349 INFO: [faust..][epoch:  2, iter:   6,500, lr:(9.902e-04,9.902e-04,)][eta: 1 day, 16:00:08, time (data): 2.568 (0.067)]rfmnet: 1.0760e+01 l_total: 1.0760e+01 
2025-08-19 16:40:53,229 INFO: [faust..][epoch:  2, iter:   6,600, lr:(9.902e-04,9.902e-04,)][eta: 1 day, 15:54:25, time (data): 2.467 (0.070)]rfmnet: 1.0421e+01 l_total: 1.0421e+01 
2025-08-19 16:44:14,584 INFO: [faust..][epoch:  2, iter:   6,700, lr:(9.902e-04,9.902e-04,)][eta: 1 day, 15:43:16, time (data): 2.041 (0.060)]rfmnet: 9.6732e+00 l_total: 9.6732e+00 
2025-08-19 16:48:13,847 INFO: [faust..][epoch:  2, iter:   6,800, lr:(9.902e-04,9.902e-04,)][eta: 1 day, 15:37:40, time (data): 2.251 (0.067)]rfmnet: 9.5966e+00 l_total: 9.5966e+00 
2025-08-19 16:51:39,660 INFO: [faust..][epoch:  2, iter:   6,900, lr:(9.902e-04,9.902e-04,)][eta: 1 day, 15:27:30, time (data): 1.975 (0.069)]rfmnet: 7.7503e+00 l_total: 7.7503e+00 
2025-08-19 16:55:28,360 INFO: [faust..][epoch:  2, iter:   7,000, lr:(9.902e-04,9.902e-04,)][eta: 1 day, 15:20:38, time (data): 2.163 (0.067)]rfmnet: 7.9332e+00 l_total: 7.9332e+00 
2025-08-19 16:59:10,382 INFO: [faust..][epoch:  2, iter:   7,100, lr:(9.902e-04,9.902e-04,)][eta: 1 day, 15:12:57, time (data): 1.908 (0.062)]rfmnet: 7.8402e+00 l_total: 7.8402e+00 
2025-08-19 17:02:35,480 INFO: [faust..][epoch:  2, iter:   7,200, lr:(9.902e-04,9.902e-04,)][eta: 1 day, 15:03:10, time (data): 1.995 (0.062)]rfmnet: 6.7485e+00 l_total: 6.7485e+00 
2025-08-19 17:06:52,574 INFO: [faust..][epoch:  2, iter:   7,300, lr:(9.902e-04,9.902e-04,)][eta: 1 day, 15:00:17, time (data): 2.524 (0.072)]rfmnet: 6.6414e+00 l_total: 6.6414e+00 
2025-08-19 17:10:29,402 INFO: [faust..][epoch:  2, iter:   7,400, lr:(9.902e-04,9.902e-04,)][eta: 1 day, 14:52:13, time (data): 2.307 (0.067)]rfmnet: 6.0915e+00 l_total: 6.0915e+00 
2025-08-19 17:13:26,476 INFO: [faust..][epoch:  2, iter:   7,500, lr:(9.902e-04,9.902e-04,)][eta: 1 day, 14:39:18, time (data): 1.919 (0.070)]rfmnet: 5.3059e+00 l_total: 5.3059e+00 
2025-08-19 17:17:12,678 INFO: [faust..][epoch:  2, iter:   7,600, lr:(9.902e-04,9.902e-04,)][eta: 1 day, 14:32:42, time (data): 2.130 (0.072)]rfmnet: 5.3702e+00 l_total: 5.3702e+00 
2025-08-19 17:20:27,057 INFO: [faust..][epoch:  2, iter:   7,700, lr:(9.902e-04,9.902e-04,)][eta: 1 day, 14:22:18, time (data): 1.845 (0.061)]rfmnet: 5.2550e+00 l_total: 5.2550e+00 
2025-08-19 17:24:45,799 INFO: [faust..][epoch:  2, iter:   7,800, lr:(9.902e-04,9.902e-04,)][eta: 1 day, 14:19:49, time (data): 2.303 (0.069)]rfmnet: 5.5265e+00 l_total: 5.5265e+00 
2025-08-19 17:28:55,633 INFO: [faust..][epoch:  2, iter:   7,900, lr:(9.902e-04,9.902e-04,)][eta: 1 day, 14:16:14, time (data): 2.687 (0.076)]rfmnet: 4.2863e+00 l_total: 4.2863e+00 
2025-08-19 17:33:24,665 INFO: [faust..][epoch:  2, iter:   8,000, lr:(9.902e-04,9.902e-04,)][eta: 1 day, 14:14:53, time (data): 2.689 (0.073)]rfmnet: 4.5144e+00 l_total: 4.5144e+00 
2025-08-19 17:33:24,666 INFO: Saving models and training states.
2025-08-19 17:33:24,757 INFO: Start validation.
2025-08-19 17:48:12,831 INFO: Avg time: 2.1569
2025-08-19 17:48:13,353 INFO: Val auc: 0.6043
2025-08-19 17:48:13,356 INFO: Val avg error: 0.0757
2025-08-19 17:52:21,106 INFO: [faust..][epoch:  2, iter:   8,100, lr:(9.902e-04,9.902e-04,)][eta: 1 day, 15:53:12, time (data): 2.454 (0.059)]rfmnet: 4.3675e+00 l_total: 4.3675e+00 
2025-08-19 17:55:48,571 INFO: [faust..][epoch:  2, iter:   8,200, lr:(9.902e-04,9.902e-04,)][eta: 1 day, 15:43:19, time (data): 2.217 (0.063)]rfmnet: 4.1445e+00 l_total: 4.1445e+00 
2025-08-19 17:59:32,537 INFO: [faust..][epoch:  2, iter:   8,300, lr:(9.902e-04,9.902e-04,)][eta: 1 day, 15:35:26, time (data): 2.452 (0.066)]rfmnet: 3.9629e+00 l_total: 3.9629e+00 
2025-08-19 18:03:38,928 INFO: [faust..][epoch:  2, iter:   8,400, lr:(9.902e-04,9.902e-04,)][eta: 1 day, 15:30:07, time (data): 2.459 (0.069)]rfmnet: 3.8436e+00 l_total: 3.8436e+00 
2025-08-19 18:06:44,740 INFO: [faust..][epoch:  2, iter:   8,500, lr:(9.902e-04,9.902e-04,)][eta: 1 day, 15:18:15, time (data): 1.694 (0.059)]rfmnet: 3.7954e+00 l_total: 3.7954e+00 
2025-08-19 18:10:20,592 INFO: [faust..][epoch:  2, iter:   8,600, lr:(9.902e-04,9.902e-04,)][eta: 1 day, 15:09:48, time (data): 1.988 (0.061)]rfmnet: 3.2737e+00 l_total: 3.2737e+00 
2025-08-19 18:13:57,381 INFO: [faust..][epoch:  2, iter:   8,700, lr:(9.902e-04,9.902e-04,)][eta: 1 day, 15:01:34, time (data): 2.038 (0.067)]rfmnet: 3.2970e+00 l_total: 3.2970e+00 
2025-08-19 18:17:44,406 INFO: [faust..][epoch:  2, iter:   8,800, lr:(9.902e-04,9.902e-04,)][eta: 1 day, 14:54:30, time (data): 2.186 (0.065)]rfmnet: 3.2637e+00 l_total: 3.2637e+00 
2025-08-19 18:21:49,869 INFO: [faust..][epoch:  2, iter:   8,900, lr:(9.902e-04,9.902e-04,)][eta: 1 day, 14:49:25, time (data): 2.332 (0.071)]rfmnet: 2.9779e+00 l_total: 2.9779e+00 
2025-08-19 18:24:35,958 INFO: [faust..][epoch:  2, iter:   9,000, lr:(9.902e-04,9.902e-04,)][eta: 1 day, 14:36:16, time (data): 1.902 (0.061)]rfmnet: 2.4673e+00 l_total: 2.4673e+00 
2025-08-19 18:28:32,952 INFO: [faust..][epoch:  2, iter:   9,100, lr:(9.902e-04,9.902e-04,)][eta: 1 day, 14:30:29, time (data): 2.340 (0.076)]rfmnet: 2.8803e+00 l_total: 2.8803e+00 
2025-08-19 18:32:15,647 INFO: [faust..][epoch:  2, iter:   9,200, lr:(9.902e-04,9.902e-04,)][eta: 1 day, 14:23:19, time (data): 2.267 (0.069)]rfmnet: 2.7223e+00 l_total: 2.7223e+00 
2025-08-19 18:35:51,444 INFO: [faust..][epoch:  2, iter:   9,300, lr:(9.902e-04,9.902e-04,)][eta: 1 day, 14:15:32, time (data): 2.202 (0.066)]rfmnet: 3.1016e+00 l_total: 3.1016e+00 
2025-08-19 18:39:48,601 INFO: [faust..][epoch:  2, iter:   9,400, lr:(9.902e-04,9.902e-04,)][eta: 1 day, 14:09:56, time (data): 2.312 (0.067)]rfmnet: 2.6803e+00 l_total: 2.6803e+00 
2025-08-19 18:42:59,442 INFO: [faust..][epoch:  2, iter:   9,500, lr:(9.902e-04,9.902e-04,)][eta: 1 day, 13:59:55, time (data): 1.785 (0.055)]rfmnet: 2.2984e+00 l_total: 2.2984e+00 
2025-08-19 18:46:32,927 INFO: [faust..][epoch:  2, iter:   9,600, lr:(9.902e-04,9.902e-04,)][eta: 1 day, 13:52:11, time (data): 2.013 (0.062)]rfmnet: 2.2717e+00 l_total: 2.2717e+00 
2025-08-19 18:50:29,713 INFO: [faust..][epoch:  2, iter:   9,700, lr:(9.902e-04,9.902e-04,)][eta: 1 day, 13:46:44, time (data): 2.274 (0.075)]rfmnet: 2.0897e+00 l_total: 2.0897e+00 
2025-08-19 18:54:00,066 INFO: [faust..][epoch:  2, iter:   9,800, lr:(9.902e-04,9.902e-04,)][eta: 1 day, 13:38:51, time (data): 2.162 (0.072)]rfmnet: 2.0460e+00 l_total: 2.0460e+00 
2025-08-19 18:57:25,965 INFO: [faust..][epoch:  2, iter:   9,900, lr:(9.902e-04,9.902e-04,)][eta: 1 day, 13:30:40, time (data): 1.739 (0.056)]rfmnet: 2.0510e+00 l_total: 2.0510e+00 
2025-08-19 19:00:16,359 INFO: [faust..][epoch:  2, iter:  10,000, lr:(9.902e-04,9.902e-04,)][eta: 1 day, 13:19:22, time (data): 1.716 (0.057)]rfmnet: 1.7296e+00 l_total: 1.7296e+00 
2025-08-19 19:00:16,360 INFO: Saving models and training states.
2025-08-19 19:00:16,379 INFO: Start validation.
2025-08-19 19:16:29,932 INFO: Avg time: 1.2412
2025-08-19 19:16:30,155 INFO: Val auc: 0.6107
2025-08-19 19:16:30,160 INFO: Val avg error: 0.0728
2025-08-19 19:19:18,381 INFO: [faust..][epoch:  2, iter:  10,100, lr:(9.902e-04,9.902e-04,)][eta: 1 day, 14:34:40, time (data): 1.724 (0.061)]rfmnet: 2.1591e+00 l_total: 2.1591e+00 
2025-08-19 19:23:13,964 INFO: [faust..][epoch:  2, iter:  10,200, lr:(9.902e-04,9.902e-04,)][eta: 1 day, 14:28:26, time (data): 2.145 (0.070)]rfmnet: 1.9864e+00 l_total: 1.9864e+00 
2025-08-19 19:26:46,313 INFO: [faust..][epoch:  2, iter:  10,300, lr:(9.902e-04,9.902e-04,)][eta: 1 day, 14:20:13, time (data): 1.940 (0.069)]rfmnet: 1.6851e+00 l_total: 1.6851e+00 
2025-08-19 19:30:09,996 INFO: [faust..][epoch:  2, iter:  10,400, lr:(9.902e-04,9.902e-04,)][eta: 1 day, 14:11:21, time (data): 2.005 (0.065)]rfmnet: 1.6738e+00 l_total: 1.6738e+00 
2025-08-19 19:33:55,642 INFO: [faust..][epoch:  2, iter:  10,500, lr:(9.902e-04,9.902e-04,)][eta: 1 day, 14:04:27, time (data): 2.143 (0.059)]rfmnet: 1.5436e+00 l_total: 1.5436e+00 
2025-08-19 19:36:46,613 INFO: [faust..][epoch:  2, iter:  10,600, lr:(9.902e-04,9.902e-04,)][eta: 1 day, 13:53:02, time (data): 1.850 (0.060)]rfmnet: 1.7969e+00 l_total: 1.7969e+00 
2025-08-19 19:40:05,069 INFO: [faust..][epoch:  2, iter:  10,700, lr:(9.902e-04,9.902e-04,)][eta: 1 day, 13:44:03, time (data): 2.115 (0.076)]rfmnet: 1.5610e+00 l_total: 1.5610e+00 
2025-08-19 19:43:35,205 INFO: [faust..][epoch:  2, iter:  10,800, lr:(9.902e-04,9.902e-04,)][eta: 1 day, 13:36:08, time (data): 2.106 (0.069)]rfmnet: 1.5629e+00 l_total: 1.5629e+00 
2025-08-19 19:46:32,239 INFO: [faust..][epoch:  2, iter:  10,900, lr:(9.902e-04,9.902e-04,)][eta: 1 day, 13:25:36, time (data): 1.612 (0.060)]rfmnet: 1.3784e+00 l_total: 1.3784e+00 
2025-08-19 19:51:02,777 INFO: [faust..][epoch:  2, iter:  11,000, lr:(9.902e-04,9.902e-04,)][eta: 1 day, 13:22:43, time (data): 2.361 (0.071)]rfmnet: 1.2847e+00 l_total: 1.2847e+00 
2025-08-19 19:54:37,116 INFO: [faust..][epoch:  2, iter:  11,100, lr:(9.902e-04,9.902e-04,)][eta: 1 day, 13:15:21, time (data): 2.044 (0.059)]rfmnet: 1.2256e+00 l_total: 1.2256e+00 
2025-08-19 19:58:26,149 INFO: [faust..][epoch:  2, iter:  11,200, lr:(9.902e-04,9.902e-04,)][eta: 1 day, 13:09:12, time (data): 2.214 (0.065)]rfmnet: 1.3369e+00 l_total: 1.3369e+00 
2025-08-19 20:02:17,459 INFO: [faust..][epoch:  2, iter:  11,300, lr:(9.902e-04,9.902e-04,)][eta: 1 day, 13:03:16, time (data): 2.405 (0.061)]rfmnet: 1.2812e+00 l_total: 1.2812e+00 
2025-08-19 20:05:43,466 INFO: [faust..][epoch:  2, iter:  11,400, lr:(9.902e-04,9.902e-04,)][eta: 1 day, 12:55:25, time (data): 2.165 (0.063)]rfmnet: 1.0107e+00 l_total: 1.0107e+00 
2025-08-19 20:09:49,025 INFO: [faust..][epoch:  2, iter:  11,500, lr:(9.902e-04,9.902e-04,)][eta: 1 day, 12:50:40, time (data): 2.316 (0.068)]rfmnet: 1.1350e+00 l_total: 1.1350e+00 
2025-08-19 20:13:07,961 INFO: [faust..][epoch:  2, iter:  11,600, lr:(9.902e-04,9.902e-04,)][eta: 1 day, 12:42:25, time (data): 2.088 (0.064)]rfmnet: 1.1287e+00 l_total: 1.1287e+00 
2025-08-19 20:17:20,836 INFO: [faust..][epoch:  2, iter:  11,700, lr:(9.902e-04,9.902e-04,)][eta: 1 day, 12:38:15, time (data): 2.754 (0.082)]rfmnet: 1.0794e+00 l_total: 1.0794e+00 
2025-08-19 20:21:10,684 INFO: [faust..][epoch:  2, iter:  11,800, lr:(9.902e-04,9.902e-04,)][eta: 1 day, 12:32:24, time (data): 2.433 (0.067)]rfmnet: 1.1095e+00 l_total: 1.1095e+00 
2025-08-19 20:23:56,949 INFO: [faust..][epoch:  2, iter:  11,900, lr:(9.902e-04,9.902e-04,)][eta: 1 day, 12:21:57, time (data): 1.674 (0.055)]rfmnet: 1.0106e+00 l_total: 1.0106e+00 
2025-08-19 20:28:18,050 INFO: [faust..][epoch:  2, iter:  12,000, lr:(9.902e-04,9.902e-04,)][eta: 1 day, 12:18:28, time (data): 2.339 (0.066)]rfmnet: 8.0399e-01 l_total: 8.0399e-01 
2025-08-19 20:28:18,050 INFO: Saving models and training states.
2025-08-19 20:28:18,071 INFO: Start validation.
2025-08-19 20:43:53,232 INFO: Avg time: 2.7689
2025-08-19 20:43:53,582 INFO: Val auc: 0.6099
2025-08-19 20:43:53,582 INFO: Val avg error: 0.0765
2025-08-19 20:47:59,779 INFO: [faust..][epoch:  2, iter:  12,100, lr:(9.902e-04,9.902e-04,)][eta: 1 day, 13:20:47, time (data): 2.615 (0.077)]rfmnet: 8.7722e-01 l_total: 8.7722e-01 
2025-08-19 20:52:02,654 INFO: [faust..][epoch:  2, iter:  12,200, lr:(9.902e-04,9.902e-04,)][eta: 1 day, 13:15:19, time (data): 2.482 (0.073)]rfmnet: 8.4171e-01 l_total: 8.4171e-01 
2025-08-19 20:55:47,029 INFO: [faust..][epoch:  2, iter:  12,300, lr:(9.902e-04,9.902e-04,)][eta: 1 day, 13:08:35, time (data): 2.354 (0.078)]rfmnet: 8.6149e-01 l_total: 8.6149e-01 
2025-08-19 20:59:13,882 INFO: [faust..][epoch:  2, iter:  12,400, lr:(9.902e-04,9.902e-04,)][eta: 1 day, 13:00:41, time (data): 2.149 (0.064)]rfmnet: 8.5368e-01 l_total: 8.5368e-01 
2025-08-19 21:03:29,951 INFO: [faust..][epoch:  2, iter:  12,500, lr:(9.902e-04,9.902e-04,)][eta: 1 day, 12:56:14, time (data): 2.669 (0.058)]rfmnet: 8.8092e-01 l_total: 8.8092e-01 
2025-08-19 21:07:01,340 INFO: [faust..][epoch:  2, iter:  12,600, lr:(9.902e-04,9.902e-04,)][eta: 1 day, 12:48:45, time (data): 2.267 (0.068)]rfmnet: 8.0173e-01 l_total: 8.0173e-01 
2025-08-19 21:10:40,936 INFO: [faust..][epoch:  2, iter:  12,700, lr:(9.902e-04,9.902e-04,)][eta: 1 day, 12:41:53, time (data): 2.451 (0.075)]rfmnet: 7.8174e-01 l_total: 7.8174e-01 
2025-08-19 21:14:07,258 INFO: [faust..][epoch:  2, iter:  12,800, lr:(9.902e-04,9.902e-04,)][eta: 1 day, 12:34:10, time (data): 2.168 (0.065)]rfmnet: 7.6976e-01 l_total: 7.6976e-01 
2025-08-19 21:17:27,668 INFO: [faust..][epoch:  3, iter:  12,900, lr:(9.611e-04,9.611e-04,)][eta: 1 day, 12:26:08, time (data): 1.897 (0.063)]rfmnet: 6.7470e-01 l_total: 6.7470e-01 
2025-08-19 21:21:39,057 INFO: [faust..][epoch:  3, iter:  13,000, lr:(9.611e-04,9.611e-04,)][eta: 1 day, 12:21:31, time (data): 2.351 (0.071)]rfmnet: 7.2759e-01 l_total: 7.2759e-01 
2025-08-19 21:24:53,059 INFO: [faust..][epoch:  3, iter:  13,100, lr:(9.611e-04,9.611e-04,)][eta: 1 day, 12:13:11, time (data): 1.538 (0.056)]rfmnet: 6.2993e-01 l_total: 6.2993e-01 
2025-08-19 21:28:37,430 INFO: [faust..][epoch:  3, iter:  13,200, lr:(9.611e-04,9.611e-04,)][eta: 1 day, 12:06:52, time (data): 2.061 (0.064)]rfmnet: 6.4839e-01 l_total: 6.4839e-01 
2025-08-19 21:32:32,068 INFO: [faust..][epoch:  3, iter:  13,300, lr:(9.611e-04,9.611e-04,)][eta: 1 day, 12:01:15, time (data): 2.128 (0.074)]rfmnet: 5.8140e-01 l_total: 5.8140e-01 
2025-08-19 21:35:54,376 INFO: [faust..][epoch:  3, iter:  13,400, lr:(9.611e-04,9.611e-04,)][eta: 1 day, 11:53:37, time (data): 2.050 (0.064)]rfmnet: 5.4984e-01 l_total: 5.4984e-01 
2025-08-19 21:40:18,634 INFO: [faust..][epoch:  3, iter:  13,500, lr:(9.611e-04,9.611e-04,)][eta: 1 day, 11:49:55, time (data): 2.648 (0.075)]rfmnet: 5.0770e-01 l_total: 5.0770e-01 
2025-08-19 21:43:21,833 INFO: [faust..][epoch:  3, iter:  13,600, lr:(9.611e-04,9.611e-04,)][eta: 1 day, 11:41:12, time (data): 2.034 (0.061)]rfmnet: 5.4044e-01 l_total: 5.4044e-01 
2025-08-19 21:47:21,528 INFO: [faust..][epoch:  3, iter:  13,700, lr:(9.611e-04,9.611e-04,)][eta: 1 day, 11:36:01, time (data): 2.883 (0.087)]rfmnet: 5.7891e-01 l_total: 5.7891e-01 
2025-08-19 21:51:03,314 INFO: [faust..][epoch:  3, iter:  13,800, lr:(9.611e-04,9.611e-04,)][eta: 1 day, 11:29:46, time (data): 2.379 (0.070)]rfmnet: 5.1220e-01 l_total: 5.1220e-01 
2025-08-19 21:54:25,563 INFO: [faust..][epoch:  3, iter:  13,900, lr:(9.611e-04,9.611e-04,)][eta: 1 day, 11:22:23, time (data): 2.172 (0.054)]rfmnet: 4.9258e-01 l_total: 4.9258e-01 
2025-08-19 21:58:29,952 INFO: [faust..][epoch:  3, iter:  14,000, lr:(9.611e-04,9.611e-04,)][eta: 1 day, 11:17:34, time (data): 2.380 (0.068)]rfmnet: 4.9408e-01 l_total: 4.9408e-01 
2025-08-19 21:58:29,952 INFO: Saving models and training states.
2025-08-19 21:58:29,972 INFO: Start validation.
2025-08-19 22:13:59,273 INFO: Avg time: 2.5823
2025-08-19 22:13:59,649 INFO: Val auc: 0.6023
2025-08-19 22:13:59,652 INFO: Val avg error: 0.0839
2025-08-19 22:17:57,653 INFO: [faust..][epoch:  3, iter:  14,100, lr:(9.611e-04,9.611e-04,)][eta: 1 day, 12:07:13, time (data): 1.988 (0.069)]rfmnet: 4.9045e-01 l_total: 4.9045e-01 
2025-08-19 22:20:58,158 INFO: [faust..][epoch:  3, iter:  14,200, lr:(9.611e-04,9.611e-04,)][eta: 1 day, 11:58:12, time (data): 1.847 (0.065)]rfmnet: 4.9729e-01 l_total: 4.9729e-01 
2025-08-19 22:25:03,145 INFO: [faust..][epoch:  3, iter:  14,300, lr:(9.611e-04,9.611e-04,)][eta: 1 day, 11:52:59, time (data): 2.275 (0.062)]rfmnet: 4.4135e-01 l_total: 4.4135e-01 
2025-08-19 22:28:52,640 INFO: [faust..][epoch:  3, iter:  14,400, lr:(9.611e-04,9.611e-04,)][eta: 1 day, 11:46:55, time (data): 2.291 (0.066)]rfmnet: 4.1621e-01 l_total: 4.1621e-01 
2025-08-19 22:32:08,234 INFO: [faust..][epoch:  3, iter:  14,500, lr:(9.611e-04,9.611e-04,)][eta: 1 day, 11:38:56, time (data): 2.228 (0.068)]rfmnet: 3.9117e-01 l_total: 3.9117e-01 
2025-08-19 22:35:51,793 INFO: [faust..][epoch:  3, iter:  14,600, lr:(9.611e-04,9.611e-04,)][eta: 1 day, 11:32:36, time (data): 2.234 (0.063)]rfmnet: 3.8545e-01 l_total: 3.8545e-01 
2025-08-19 22:39:12,692 INFO: [faust..][epoch:  3, iter:  14,700, lr:(9.611e-04,9.611e-04,)][eta: 1 day, 11:25:02, time (data): 2.065 (0.056)]rfmnet: 4.0591e-01 l_total: 4.0591e-01 
2025-08-19 22:43:26,654 INFO: [faust..][epoch:  3, iter:  14,800, lr:(9.611e-04,9.611e-04,)][eta: 1 day, 11:20:28, time (data): 2.439 (0.063)]rfmnet: 3.5095e-01 l_total: 3.5095e-01 
2025-08-19 22:46:59,275 INFO: [faust..][epoch:  3, iter:  14,900, lr:(9.611e-04,9.611e-04,)][eta: 1 day, 11:13:38, time (data): 1.711 (0.054)]rfmnet: 3.9188e-01 l_total: 3.9188e-01 
2025-08-19 22:50:53,987 INFO: [faust..][epoch:  3, iter:  15,000, lr:(9.611e-04,9.611e-04,)][eta: 1 day, 11:08:02, time (data): 2.216 (0.065)]rfmnet: 4.0227e-01 l_total: 4.0227e-01 
2025-08-19 22:54:22,267 INFO: [faust..][epoch:  3, iter:  15,100, lr:(9.611e-04,9.611e-04,)][eta: 1 day, 11:01:03, time (data): 1.925 (0.063)]rfmnet: 3.2345e-01 l_total: 3.2345e-01 
2025-08-19 22:57:26,760 INFO: [faust..][epoch:  3, iter:  15,200, lr:(9.611e-04,9.611e-04,)][eta: 1 day, 10:52:50, time (data): 1.861 (0.059)]rfmnet: 3.2876e-01 l_total: 3.2876e-01 
2025-08-19 23:01:48,784 INFO: [faust..][epoch:  3, iter:  15,300, lr:(9.611e-04,9.611e-04,)][eta: 1 day, 10:48:47, time (data): 1.968 (0.052)]rfmnet: 3.0717e-01 l_total: 3.0717e-01 
2025-08-19 23:05:18,309 INFO: [faust..][epoch:  3, iter:  15,400, lr:(9.611e-04,9.611e-04,)][eta: 1 day, 10:41:59, time (data): 2.071 (0.067)]rfmnet: 2.4373e-01 l_total: 2.4373e-01 
2025-08-19 23:08:44,589 INFO: [faust..][epoch:  3, iter:  15,500, lr:(9.611e-04,9.611e-04,)][eta: 1 day, 10:35:03, time (data): 2.278 (0.083)]rfmnet: 2.8522e-01 l_total: 2.8522e-01 
2025-08-19 23:12:27,544 INFO: [faust..][epoch:  3, iter:  15,600, lr:(9.611e-04,9.611e-04,)][eta: 1 day, 10:29:02, time (data): 2.239 (0.071)]rfmnet: 2.8409e-01 l_total: 2.8409e-01 
2025-08-19 23:14:55,763 INFO: [faust..][epoch:  3, iter:  15,700, lr:(9.611e-04,9.611e-04,)][eta: 1 day, 10:19:12, time (data): 1.583 (0.056)]rfmnet: 2.6611e-01 l_total: 2.6611e-01 
2025-08-19 23:18:24,855 INFO: [faust..][epoch:  3, iter:  15,800, lr:(9.611e-04,9.611e-04,)][eta: 1 day, 10:12:34, time (data): 1.999 (0.064)]rfmnet: 2.6939e-01 l_total: 2.6939e-01 
2025-08-19 23:21:52,208 INFO: [faust..][epoch:  3, iter:  15,900, lr:(9.611e-04,9.611e-04,)][eta: 1 day, 10:05:53, time (data): 1.783 (0.054)]rfmnet: 3.0258e-01 l_total: 3.0258e-01 
2025-08-19 23:25:19,146 INFO: [faust..][epoch:  3, iter:  16,000, lr:(9.611e-04,9.611e-04,)][eta: 1 day, 9:59:13, time (data): 2.020 (0.065)]rfmnet: 2.3800e-01 l_total: 2.3800e-01 
2025-08-19 23:25:19,147 INFO: Saving models and training states.
2025-08-19 23:25:19,228 INFO: Start validation.
2025-08-19 23:40:21,020 INFO: Avg time: 1.4034
2025-08-19 23:40:21,233 INFO: Val auc: 0.5960
2025-08-19 23:40:21,237 INFO: Val avg error: 0.0943
2025-08-19 23:43:32,838 INFO: [faust..][epoch:  3, iter:  16,100, lr:(9.611e-04,9.611e-04,)][eta: 1 day, 10:36:33, time (data): 2.310 (0.075)]rfmnet: 2.1205e-01 l_total: 2.1205e-01 
2025-08-19 23:46:38,493 INFO: [faust..][epoch:  3, iter:  16,200, lr:(9.611e-04,9.611e-04,)][eta: 1 day, 10:28:33, time (data): 1.932 (0.065)]rfmnet: 2.6424e-01 l_total: 2.6424e-01 
2025-08-19 23:49:36,609 INFO: [faust..][epoch:  3, iter:  16,300, lr:(9.611e-04,9.611e-04,)][eta: 1 day, 10:20:15, time (data): 1.553 (0.059)]rfmnet: 2.1247e-01 l_total: 2.1247e-01 
2025-08-19 23:52:33,458 INFO: [faust..][epoch:  3, iter:  16,400, lr:(9.611e-04,9.611e-04,)][eta: 1 day, 10:11:57, time (data): 1.734 (0.060)]rfmnet: 2.4393e-01 l_total: 2.4393e-01 
2025-08-19 23:56:30,188 INFO: [faust..][epoch:  3, iter:  16,500, lr:(9.611e-04,9.611e-04,)][eta: 1 day, 10:06:35, time (data): 2.294 (0.077)]rfmnet: 2.1794e-01 l_total: 2.1794e-01 
2025-08-20 00:00:12,267 INFO: [faust..][epoch:  3, iter:  16,600, lr:(9.611e-04,9.611e-04,)][eta: 1 day, 10:00:33, time (data): 2.232 (0.067)]rfmnet: 2.0366e-01 l_total: 2.0366e-01 
2025-08-20 00:04:28,652 INFO: [faust..][epoch:  3, iter:  16,700, lr:(9.611e-04,9.611e-04,)][eta: 1 day, 9:56:09, time (data): 3.150 (0.072)]rfmnet: 2.2237e-01 l_total: 2.2237e-01 
2025-08-20 00:08:47,237 INFO: [faust..][epoch:  3, iter:  16,800, lr:(9.611e-04,9.611e-04,)][eta: 1 day, 9:51:51, time (data): 2.668 (0.073)]rfmnet: 1.9020e-01 l_total: 1.9020e-01 
2025-08-20 00:12:41,404 INFO: [faust..][epoch:  3, iter:  16,900, lr:(9.611e-04,9.611e-04,)][eta: 1 day, 9:46:26, time (data): 0.805 (0.046)]rfmnet: 1.8655e-01 l_total: 1.8655e-01 
2025-08-20 00:15:28,634 INFO: [faust..][epoch:  3, iter:  17,000, lr:(9.611e-04,9.611e-04,)][eta: 1 day, 9:37:56, time (data): 1.553 (0.055)]rfmnet: 1.8537e-01 l_total: 1.8537e-01 
2025-08-20 00:19:22,834 INFO: [faust..][epoch:  3, iter:  17,100, lr:(9.611e-04,9.611e-04,)][eta: 1 day, 9:32:34, time (data): 3.000 (0.075)]rfmnet: 2.0269e-01 l_total: 2.0269e-01 
2025-08-20 00:23:26,467 INFO: [faust..][epoch:  3, iter:  17,200, lr:(9.611e-04,9.611e-04,)][eta: 1 day, 9:27:39, time (data): 2.510 (0.073)]rfmnet: 1.6361e-01 l_total: 1.6361e-01 
2025-08-20 00:26:45,071 INFO: [faust..][epoch:  3, iter:  17,300, lr:(9.611e-04,9.611e-04,)][eta: 1 day, 9:20:43, time (data): 2.946 (0.067)]rfmnet: 1.6700e-01 l_total: 1.6700e-01 
2025-08-20 00:30:40,547 INFO: [faust..][epoch:  3, iter:  17,400, lr:(9.611e-04,9.611e-04,)][eta: 1 day, 9:15:28, time (data): 2.427 (0.066)]rfmnet: 1.4372e-01 l_total: 1.4372e-01 
2025-08-20 00:33:53,880 INFO: [faust..][epoch:  3, iter:  17,500, lr:(9.611e-04,9.611e-04,)][eta: 1 day, 9:08:22, time (data): 2.027 (0.072)]rfmnet: 1.3705e-01 l_total: 1.3705e-01 
2025-08-20 00:37:42,040 INFO: [faust..][epoch:  3, iter:  17,600, lr:(9.611e-04,9.611e-04,)][eta: 1 day, 9:02:51, time (data): 2.252 (0.069)]rfmnet: 1.4337e-01 l_total: 1.4337e-01 
2025-08-20 00:41:07,066 INFO: [faust..][epoch:  3, iter:  17,700, lr:(9.611e-04,9.611e-04,)][eta: 1 day, 8:56:20, time (data): 2.316 (0.072)]rfmnet: 1.3655e-01 l_total: 1.3655e-01 
2025-08-20 00:44:09,773 INFO: [faust..][epoch:  3, iter:  17,800, lr:(9.611e-04,9.611e-04,)][eta: 1 day, 8:48:54, time (data): 1.879 (0.062)]rfmnet: 1.2794e-01 l_total: 1.2794e-01 
2025-08-20 00:48:26,569 INFO: [faust..][epoch:  3, iter:  17,900, lr:(9.611e-04,9.611e-04,)][eta: 1 day, 8:44:41, time (data): 2.148 (0.062)]rfmnet: 1.3514e-01 l_total: 1.3514e-01 
2025-08-20 00:51:41,051 INFO: [faust..][epoch:  3, iter:  18,000, lr:(9.611e-04,9.611e-04,)][eta: 1 day, 8:37:48, time (data): 1.965 (0.063)]rfmnet: 1.1874e-01 l_total: 1.1874e-01 
2025-08-20 00:51:41,051 INFO: Saving models and training states.
2025-08-20 00:51:41,080 INFO: Start validation.
2025-08-20 01:06:30,783 INFO: Avg time: 2.4596
2025-08-20 01:06:31,177 INFO: Val auc: 0.6032
2025-08-20 01:06:31,177 INFO: Val avg error: 0.0796
2025-08-20 01:09:43,356 INFO: [faust..][epoch:  3, iter:  18,100, lr:(9.611e-04,9.611e-04,)][eta: 1 day, 9:08:30, time (data): 1.630 (0.057)]rfmnet: 1.2596e-01 l_total: 1.2596e-01 
2025-08-20 01:13:31,324 INFO: [faust..][epoch:  3, iter:  18,200, lr:(9.611e-04,9.611e-04,)][eta: 1 day, 9:02:50, time (data): 2.221 (0.069)]rfmnet: 1.1684e-01 l_total: 1.1684e-01 
2025-08-20 01:17:16,937 INFO: [faust..][epoch:  3, iter:  18,300, lr:(9.611e-04,9.611e-04,)][eta: 1 day, 8:57:05, time (data): 2.004 (0.067)]rfmnet: 1.1578e-01 l_total: 1.1578e-01 
2025-08-20 01:20:29,541 INFO: [faust..][epoch:  3, iter:  18,400, lr:(9.611e-04,9.611e-04,)][eta: 1 day, 8:49:59, time (data): 1.932 (0.065)]rfmnet: 1.3495e-01 l_total: 1.3495e-01 
2025-08-20 01:24:33,287 INFO: [faust..][epoch:  3, iter:  18,500, lr:(9.611e-04,9.611e-04,)][eta: 1 day, 8:45:02, time (data): 1.716 (0.062)]rfmnet: 1.2299e-01 l_total: 1.2299e-01 
2025-08-20 01:28:07,504 INFO: [faust..][epoch:  3, iter:  18,600, lr:(9.611e-04,9.611e-04,)][eta: 1 day, 8:38:53, time (data): 2.111 (0.066)]rfmnet: 1.0934e-01 l_total: 1.0934e-01 
2025-08-20 01:32:30,926 INFO: [faust..][epoch:  3, iter:  18,700, lr:(9.611e-04,9.611e-04,)][eta: 1 day, 8:34:45, time (data): 2.353 (0.069)]rfmnet: 8.0623e-02 l_total: 8.0623e-02 
2025-08-20 01:36:33,939 INFO: [faust..][epoch:  3, iter:  18,800, lr:(9.611e-04,9.611e-04,)][eta: 1 day, 8:29:48, time (data): 2.425 (0.069)]rfmnet: 9.6052e-02 l_total: 9.6052e-02 
2025-08-20 01:40:44,442 INFO: [faust..][epoch:  3, iter:  18,900, lr:(9.611e-04,9.611e-04,)][eta: 1 day, 8:25:09, time (data): 3.484 (0.095)]rfmnet: 9.6631e-02 l_total: 9.6631e-02 
2025-08-20 01:45:09,236 INFO: [faust..][epoch:  3, iter:  19,000, lr:(9.611e-04,9.611e-04,)][eta: 1 day, 8:21:05, time (data): 2.695 (0.075)]rfmnet: 9.8670e-02 l_total: 9.8670e-02 
2025-08-20 01:49:27,477 INFO: [faust..][epoch:  3, iter:  19,100, lr:(9.611e-04,9.611e-04,)][eta: 1 day, 8:16:44, time (data): 2.087 (0.038)]rfmnet: 8.6272e-02 l_total: 8.6272e-02 
2025-08-20 01:52:35,663 INFO: [faust..][epoch:  3, iter:  19,200, lr:(9.611e-04,9.611e-04,)][eta: 1 day, 8:09:41, time (data): 1.892 (0.059)]rfmnet: 7.5488e-02 l_total: 7.5488e-02 
2025-08-20 01:55:56,306 INFO: [faust..][epoch:  4, iter:  19,300, lr:(9.141e-04,9.141e-04,)][eta: 1 day, 8:03:09, time (data): 2.705 (0.069)]rfmnet: 8.9650e-02 l_total: 8.9650e-02 
2025-08-20 01:59:20,001 INFO: [faust..][epoch:  4, iter:  19,400, lr:(9.141e-04,9.141e-04,)][eta: 1 day, 7:56:45, time (data): 2.063 (0.073)]rfmnet: 8.0942e-02 l_total: 8.0942e-02 
2025-08-20 02:02:30,453 INFO: [faust..][epoch:  4, iter:  19,500, lr:(9.141e-04,9.141e-04,)][eta: 1 day, 7:49:54, time (data): 1.746 (0.042)]rfmnet: 7.8752e-02 l_total: 7.8752e-02 
2025-08-20 02:06:49,594 INFO: [faust..][epoch:  4, iter:  19,600, lr:(9.141e-04,9.141e-04,)][eta: 1 day, 7:45:40, time (data): 2.567 (0.070)]rfmnet: 7.8191e-02 l_total: 7.8191e-02 
2025-08-20 02:10:23,060 INFO: [faust..][epoch:  4, iter:  19,700, lr:(9.141e-04,9.141e-04,)][eta: 1 day, 7:39:43, time (data): 2.352 (0.069)]rfmnet: 6.6473e-02 l_total: 6.6473e-02 
2025-08-20 02:14:03,213 INFO: [faust..][epoch:  4, iter:  19,800, lr:(9.141e-04,9.141e-04,)][eta: 1 day, 7:34:03, time (data): 2.204 (0.074)]rfmnet: 6.6726e-02 l_total: 6.6726e-02 
2025-08-20 02:17:58,202 INFO: [faust..][epoch:  4, iter:  19,900, lr:(9.141e-04,9.141e-04,)][eta: 1 day, 7:28:57, time (data): 0.469 (0.051)]rfmnet: 7.5365e-02 l_total: 7.5365e-02 
2025-08-20 02:21:16,437 INFO: [faust..][epoch:  4, iter:  20,000, lr:(9.141e-04,9.141e-04,)][eta: 1 day, 7:22:30, time (data): 1.967 (0.064)]rfmnet: 7.1146e-02 l_total: 7.1146e-02 
2025-08-20 02:21:16,437 INFO: Saving models and training states.
2025-08-20 02:21:16,464 INFO: Start validation.
2025-08-20 02:39:14,914 INFO: Avg time: 1.9810
2025-08-20 02:39:15,144 INFO: Val auc: 0.5917
2025-08-20 02:39:15,151 INFO: Val avg error: 0.0920
2025-08-20 02:43:52,274 INFO: [faust..][epoch:  4, iter:  20,100, lr:(9.141e-04,9.141e-04,)][eta: 1 day, 7:58:14, time (data): 2.367 (0.072)]rfmnet: 7.1332e-02 l_total: 7.1332e-02 
2025-08-20 02:47:27,660 INFO: [faust..][epoch:  4, iter:  20,200, lr:(9.141e-04,9.141e-04,)][eta: 1 day, 7:52:10, time (data): 2.154 (0.067)]rfmnet: 5.4432e-02 l_total: 5.4432e-02 
2025-08-20 02:52:04,039 INFO: [faust..][epoch:  4, iter:  20,300, lr:(9.141e-04,9.141e-04,)][eta: 1 day, 7:48:20, time (data): 2.459 (0.072)]rfmnet: 4.9781e-02 l_total: 4.9781e-02 
2025-08-20 02:55:14,755 INFO: [faust..][epoch:  4, iter:  20,400, lr:(9.141e-04,9.141e-04,)][eta: 1 day, 7:41:25, time (data): 1.903 (0.063)]rfmnet: 6.2110e-02 l_total: 6.2110e-02 
2025-08-20 02:58:43,947 INFO: [faust..][epoch:  4, iter:  20,500, lr:(9.141e-04,9.141e-04,)][eta: 1 day, 7:35:12, time (data): 1.998 (0.065)]rfmnet: 5.5098e-02 l_total: 5.5098e-02 
2025-08-20 03:02:38,487 INFO: [faust..][epoch:  4, iter:  20,600, lr:(9.141e-04,9.141e-04,)][eta: 1 day, 7:29:54, time (data): 2.341 (0.068)]rfmnet: 4.8367e-02 l_total: 4.8367e-02 
2025-08-20 03:05:55,771 INFO: [faust..][epoch:  4, iter:  20,700, lr:(9.141e-04,9.141e-04,)][eta: 1 day, 7:23:19, time (data): 2.155 (0.064)]rfmnet: 5.2166e-02 l_total: 5.2166e-02 
2025-08-20 03:09:44,456 INFO: [faust..][epoch:  4, iter:  20,800, lr:(9.141e-04,9.141e-04,)][eta: 1 day, 7:17:51, time (data): 2.265 (0.071)]rfmnet: 5.7130e-02 l_total: 5.7130e-02 
2025-08-20 03:13:28,296 INFO: [faust..][epoch:  4, iter:  20,900, lr:(9.141e-04,9.141e-04,)][eta: 1 day, 7:12:14, time (data): 2.251 (0.068)]rfmnet: 5.3347e-02 l_total: 5.3347e-02 
2025-08-20 03:16:46,771 INFO: [faust..][epoch:  4, iter:  21,000, lr:(9.141e-04,9.141e-04,)][eta: 1 day, 7:05:46, time (data): 1.997 (0.069)]rfmnet: 5.1364e-02 l_total: 5.1364e-02 
2025-08-20 03:20:44,042 INFO: [faust..][epoch:  4, iter:  21,100, lr:(9.141e-04,9.141e-04,)][eta: 1 day, 7:00:39, time (data): 2.189 (0.071)]rfmnet: 5.7747e-02 l_total: 5.7747e-02 
2025-08-20 03:24:14,287 INFO: [faust..][epoch:  4, iter:  21,200, lr:(9.141e-04,9.141e-04,)][eta: 1 day, 6:54:38, time (data): 2.052 (0.075)]rfmnet: 4.6637e-02 l_total: 4.6637e-02 
2025-08-20 03:28:14,430 INFO: [faust..][epoch:  4, iter:  21,300, lr:(9.141e-04,9.141e-04,)][eta: 1 day, 6:49:38, time (data): 2.231 (0.072)]rfmnet: 4.0564e-02 l_total: 4.0564e-02 
2025-08-20 03:31:05,943 INFO: [faust..][epoch:  4, iter:  21,400, lr:(9.141e-04,9.141e-04,)][eta: 1 day, 6:42:22, time (data): 1.678 (0.066)]rfmnet: 4.0859e-02 l_total: 4.0859e-02 
2025-08-20 03:34:45,056 INFO: [faust..][epoch:  4, iter:  21,500, lr:(9.141e-04,9.141e-04,)][eta: 1 day, 6:36:43, time (data): 1.942 (0.065)]rfmnet: 4.5426e-02 l_total: 4.5426e-02 
2025-08-20 03:37:58,229 INFO: [faust..][epoch:  4, iter:  21,600, lr:(9.141e-04,9.141e-04,)][eta: 1 day, 6:30:13, time (data): 1.848 (0.071)]rfmnet: 4.2655e-02 l_total: 4.2655e-02 
2025-08-20 03:41:40,839 INFO: [faust..][epoch:  4, iter:  21,700, lr:(9.141e-04,9.141e-04,)][eta: 1 day, 6:24:43, time (data): 2.044 (0.072)]rfmnet: 3.6728e-02 l_total: 3.6728e-02 
2025-08-20 03:44:57,644 INFO: [faust..][epoch:  4, iter:  21,800, lr:(9.141e-04,9.141e-04,)][eta: 1 day, 6:18:25, time (data): 1.916 (0.063)]rfmnet: 3.6778e-02 l_total: 3.6778e-02 
2025-08-20 03:47:03,134 INFO: [faust..][epoch:  4, iter:  21,900, lr:(9.141e-04,9.141e-04,)][eta: 1 day, 6:09:50, time (data): 1.572 (0.056)]rfmnet: 3.6952e-02 l_total: 3.6952e-02 
2025-08-20 03:50:57,379 INFO: [faust..][epoch:  4, iter:  22,000, lr:(9.141e-04,9.141e-04,)][eta: 1 day, 6:04:47, time (data): 2.362 (0.080)]rfmnet: 3.3866e-02 l_total: 3.3866e-02 
2025-08-20 03:50:57,380 INFO: Saving models and training states.
2025-08-20 03:50:57,404 INFO: Start validation.
2025-08-20 04:06:01,155 INFO: Avg time: 1.9779
2025-08-20 04:06:01,664 INFO: Val auc: 0.5941
2025-08-20 04:06:01,668 INFO: Val avg error: 0.0981
2025-08-20 04:10:49,352 INFO: [faust..][epoch:  4, iter:  22,100, lr:(9.141e-04,9.141e-04,)][eta: 1 day, 6:30:00, time (data): 2.631 (0.080)]rfmnet: 3.5657e-02 l_total: 3.5657e-02 
2025-08-20 04:14:33,996 INFO: [faust..][epoch:  4, iter:  22,200, lr:(9.141e-04,9.141e-04,)][eta: 1 day, 6:24:28, time (data): 2.249 (0.076)]rfmnet: 3.7354e-02 l_total: 3.7354e-02 
2025-08-20 04:18:58,235 INFO: [faust..][epoch:  4, iter:  22,300, lr:(9.141e-04,9.141e-04,)][eta: 1 day, 6:20:10, time (data): 2.456 (0.079)]rfmnet: 3.4464e-02 l_total: 3.4464e-02 
2025-08-20 04:23:11,249 INFO: [faust..][epoch:  4, iter:  22,400, lr:(9.141e-04,9.141e-04,)][eta: 1 day, 6:15:32, time (data): 2.465 (0.071)]rfmnet: 3.2816e-02 l_total: 3.2816e-02 
2025-08-20 04:27:20,638 INFO: [faust..][epoch:  4, iter:  22,500, lr:(9.141e-04,9.141e-04,)][eta: 1 day, 6:10:47, time (data): 2.480 (0.072)]rfmnet: 2.8531e-02 l_total: 2.8531e-02 
2025-08-20 04:31:04,925 INFO: [faust..][epoch:  4, iter:  22,600, lr:(9.141e-04,9.141e-04,)][eta: 1 day, 6:05:16, time (data): 2.157 (0.061)]rfmnet: 2.8701e-02 l_total: 2.8701e-02 
2025-08-20 04:34:44,263 INFO: [faust..][epoch:  4, iter:  22,700, lr:(9.141e-04,9.141e-04,)][eta: 1 day, 5:59:38, time (data): 2.177 (0.062)]rfmnet: 3.5519e-02 l_total: 3.5519e-02 
2025-08-20 04:39:05,160 INFO: [faust..][epoch:  4, iter:  22,800, lr:(9.141e-04,9.141e-04,)][eta: 1 day, 5:55:15, time (data): 2.584 (0.079)]rfmnet: 3.2366e-02 l_total: 3.2366e-02 
2025-08-20 04:42:28,754 INFO: [faust..][epoch:  4, iter:  22,900, lr:(9.141e-04,9.141e-04,)][eta: 1 day, 5:49:10, time (data): 2.291 (0.073)]rfmnet: 2.8065e-02 l_total: 2.8065e-02 
2025-08-20 04:46:22,649 INFO: [faust..][epoch:  4, iter:  23,000, lr:(9.141e-04,9.141e-04,)][eta: 1 day, 5:44:00, time (data): 2.509 (0.070)]rfmnet: 3.1920e-02 l_total: 3.1920e-02 
2025-08-20 04:49:29,676 INFO: [faust..][epoch:  4, iter:  23,100, lr:(9.141e-04,9.141e-04,)][eta: 1 day, 5:37:28, time (data): 2.165 (0.067)]rfmnet: 2.1840e-02 l_total: 2.1840e-02 
2025-08-20 04:53:10,340 INFO: [faust..][epoch:  4, iter:  23,200, lr:(9.141e-04,9.141e-04,)][eta: 1 day, 5:31:57, time (data): 2.267 (0.069)]rfmnet: 2.3309e-02 l_total: 2.3309e-02 
2025-08-20 04:57:39,214 INFO: [faust..][epoch:  4, iter:  23,300, lr:(9.141e-04,9.141e-04,)][eta: 1 day, 5:27:51, time (data): 2.495 (0.073)]rfmnet: 2.3555e-02 l_total: 2.3555e-02 
2025-08-20 05:02:12,082 INFO: [faust..][epoch:  4, iter:  23,400, lr:(9.141e-04,9.141e-04,)][eta: 1 day, 5:23:51, time (data): 2.766 (0.074)]rfmnet: 2.4447e-02 l_total: 2.4447e-02 
2025-08-20 05:06:31,062 INFO: [faust..][epoch:  4, iter:  23,500, lr:(9.141e-04,9.141e-04,)][eta: 1 day, 5:19:28, time (data): 2.670 (0.073)]rfmnet: 2.1936e-02 l_total: 2.1936e-02 
2025-08-20 05:10:03,736 INFO: [faust..][epoch:  4, iter:  23,600, lr:(9.141e-04,9.141e-04,)][eta: 1 day, 5:13:45, time (data): 2.150 (0.071)]rfmnet: 2.1999e-02 l_total: 2.1999e-02 
2025-08-20 05:14:30,680 INFO: [faust..][epoch:  4, iter:  23,700, lr:(9.141e-04,9.141e-04,)][eta: 1 day, 5:09:35, time (data): 2.434 (0.075)]rfmnet: 2.1953e-02 l_total: 2.1953e-02 
2025-08-20 05:18:00,013 INFO: [faust..][epoch:  4, iter:  23,800, lr:(9.141e-04,9.141e-04,)][eta: 1 day, 5:03:48, time (data): 2.081 (0.063)]rfmnet: 2.0212e-02 l_total: 2.0212e-02 
2025-08-20 05:22:01,161 INFO: [faust..][epoch:  4, iter:  23,900, lr:(9.141e-04,9.141e-04,)][eta: 1 day, 4:58:56, time (data): 2.263 (0.069)]rfmnet: 1.7170e-02 l_total: 1.7170e-02 
2025-08-20 05:26:07,552 INFO: [faust..][epoch:  4, iter:  24,000, lr:(9.141e-04,9.141e-04,)][eta: 1 day, 4:54:13, time (data): 2.457 (0.065)]rfmnet: 1.7300e-02 l_total: 1.7300e-02 
2025-08-20 05:26:07,553 INFO: Saving models and training states.
2025-08-20 05:26:07,574 INFO: Start validation.
2025-08-20 05:42:13,064 INFO: Avg time: 1.7651
2025-08-20 05:42:13,337 INFO: Val auc: 0.5709
2025-08-20 05:42:13,342 INFO: Val avg error: 0.1142
2025-08-20 05:44:31,801 INFO: [faust..][epoch:  4, iter:  24,100, lr:(9.141e-04,9.141e-04,)][eta: 1 day, 5:13:10, time (data): 1.864 (0.062)]rfmnet: 2.0263e-02 l_total: 2.0263e-02 
2025-08-20 05:46:19,439 INFO: [faust..][epoch:  4, iter:  24,200, lr:(9.141e-04,9.141e-04,)][eta: 1 day, 5:04:30, time (data): 1.046 (0.054)]rfmnet: 1.8235e-02 l_total: 1.8235e-02 
2025-08-20 05:48:21,629 INFO: [faust..][epoch:  4, iter:  24,300, lr:(9.141e-04,9.141e-04,)][eta: 1 day, 4:56:17, time (data): 1.144 (0.056)]rfmnet: 1.7000e-02 l_total: 1.7000e-02 
2025-08-20 05:50:09,859 INFO: [faust..][epoch:  4, iter:  24,400, lr:(9.141e-04,9.141e-04,)][eta: 1 day, 4:47:44, time (data): 1.099 (0.057)]rfmnet: 2.9689e-02 l_total: 2.9689e-02 
2025-08-20 05:51:50,366 INFO: [faust..][epoch:  4, iter:  24,500, lr:(9.141e-04,9.141e-04,)][eta: 1 day, 4:39:02, time (data): 1.047 (0.052)]rfmnet: 1.6093e-02 l_total: 1.6093e-02 
2025-08-20 05:53:41,764 INFO: [faust..][epoch:  4, iter:  24,600, lr:(9.141e-04,9.141e-04,)][eta: 1 day, 4:30:42, time (data): 1.143 (0.051)]rfmnet: 1.7232e-02 l_total: 1.7232e-02 
2025-08-20 05:55:54,727 INFO: [faust..][epoch:  4, iter:  24,700, lr:(9.141e-04,9.141e-04,)][eta: 1 day, 4:22:58, time (data): 1.248 (0.052)]rfmnet: 1.7998e-02 l_total: 1.7998e-02 
2025-08-20 05:57:45,166 INFO: [faust..][epoch:  4, iter:  24,800, lr:(9.141e-04,9.141e-04,)][eta: 1 day, 4:14:42, time (data): 1.123 (0.054)]rfmnet: 1.4600e-02 l_total: 1.4600e-02 
2025-08-20 05:59:19,159 INFO: [faust..][epoch:  4, iter:  24,900, lr:(9.141e-04,9.141e-04,)][eta: 1 day, 4:06:03, time (data): 1.019 (0.053)]rfmnet: 1.3712e-02 l_total: 1.3712e-02 
2025-08-20 06:01:23,083 INFO: [faust..][epoch:  4, iter:  25,000, lr:(9.141e-04,9.141e-04,)][eta: 1 day, 3:58:14, time (data): 1.399 (0.060)]rfmnet: 1.3818e-02 l_total: 1.3818e-02 
2025-08-20 06:03:35,251 INFO: [faust..][epoch:  4, iter:  25,100, lr:(9.141e-04,9.141e-04,)][eta: 1 day, 3:50:40, time (data): 1.355 (0.060)]rfmnet: 1.3696e-02 l_total: 1.3696e-02 
2025-08-20 06:05:24,761 INFO: [faust..][epoch:  4, iter:  25,200, lr:(9.141e-04,9.141e-04,)][eta: 1 day, 3:42:34, time (data): 1.019 (0.049)]rfmnet: 1.2332e-02 l_total: 1.2332e-02 
2025-08-20 06:07:19,846 INFO: [faust..][epoch:  4, iter:  25,300, lr:(9.141e-04,9.141e-04,)][eta: 1 day, 3:34:40, time (data): 1.095 (0.049)]rfmnet: 1.4543e-02 l_total: 1.4543e-02 
2025-08-20 06:09:36,133 INFO: [faust..][epoch:  4, iter:  25,400, lr:(9.141e-04,9.141e-04,)][eta: 1 day, 3:27:21, time (data): 1.386 (0.062)]rfmnet: 1.2009e-02 l_total: 1.2009e-02 
2025-08-20 06:11:49,016 INFO: [faust..][epoch:  4, iter:  25,500, lr:(9.141e-04,9.141e-04,)][eta: 1 day, 3:19:59, time (data): 1.353 (0.057)]rfmnet: 1.2487e-02 l_total: 1.2487e-02 
2025-08-20 06:13:30,255 INFO: [faust..][epoch:  4, iter:  25,600, lr:(9.141e-04,9.141e-04,)][eta: 1 day, 3:11:51, time (data): 0.957 (0.047)]rfmnet: 1.2007e-02 l_total: 1.2007e-02 
2025-08-20 06:15:12,868 INFO: [faust..][epoch:  5, iter:  25,700, lr:(8.511e-04,8.511e-04,)][eta: 1 day, 3:03:49, time (data): 0.997 (0.051)]rfmnet: 1.2508e-02 l_total: 1.2508e-02 
2025-08-20 06:17:11,408 INFO: [faust..][epoch:  5, iter:  25,800, lr:(8.511e-04,8.511e-04,)][eta: 1 day, 2:56:14, time (data): 1.200 (0.050)]rfmnet: 1.1431e-02 l_total: 1.1431e-02 
2025-08-20 06:18:47,036 INFO: [faust..][epoch:  5, iter:  25,900, lr:(8.511e-04,8.511e-04,)][eta: 1 day, 2:48:07, time (data): 1.058 (0.046)]rfmnet: 9.9247e-03 l_total: 9.9247e-03 
2025-08-20 06:20:22,187 INFO: [faust..][epoch:  5, iter:  26,000, lr:(8.511e-04,8.511e-04,)][eta: 1 day, 2:40:03, time (data): 0.956 (0.044)]rfmnet: 1.0784e-02 l_total: 1.0784e-02 
2025-08-20 06:20:22,188 INFO: Saving models and training states.
2025-08-20 06:20:22,208 INFO: Start validation.
2025-08-20 06:28:35,615 INFO: Avg time: 1.2530
2025-08-20 06:28:35,810 INFO: Val auc: 0.5954
2025-08-20 06:28:35,813 INFO: Val avg error: 0.0845
2025-08-20 06:29:48,835 INFO: [faust..][epoch:  5, iter:  26,100, lr:(8.511e-04,8.511e-04,)][eta: 1 day, 2:43:26, time (data): 0.824 (0.047)]rfmnet: 1.0188e-02 l_total: 1.0188e-02 
2025-08-20 06:30:59,934 INFO: [faust..][epoch:  5, iter:  26,200, lr:(8.511e-04,8.511e-04,)][eta: 1 day, 2:34:49, time (data): 0.795 (0.045)]rfmnet: 1.0618e-02 l_total: 1.0618e-02 
2025-08-20 06:32:14,575 INFO: [faust..][epoch:  5, iter:  26,300, lr:(8.511e-04,8.511e-04,)][eta: 1 day, 2:26:20, time (data): 0.766 (0.044)]rfmnet: 1.0163e-02 l_total: 1.0163e-02 
2025-08-20 06:33:38,745 INFO: [faust..][epoch:  5, iter:  26,400, lr:(8.511e-04,8.511e-04,)][eta: 1 day, 2:18:08, time (data): 0.856 (0.043)]rfmnet: 9.6941e-03 l_total: 9.6941e-03 
2025-08-20 06:35:14,168 INFO: [faust..][epoch:  5, iter:  26,500, lr:(8.511e-04,8.511e-04,)][eta: 1 day, 2:10:14, time (data): 0.914 (0.046)]rfmnet: 9.5440e-03 l_total: 9.5440e-03 
2025-08-20 06:36:35,080 INFO: [faust..][epoch:  5, iter:  26,600, lr:(8.511e-04,8.511e-04,)][eta: 1 day, 2:02:04, time (data): 0.940 (0.050)]rfmnet: 8.6727e-03 l_total: 8.6727e-03 
2025-08-20 06:37:48,842 INFO: [faust..][epoch:  5, iter:  26,700, lr:(8.511e-04,8.511e-04,)][eta: 1 day, 1:53:46, time (data): 0.819 (0.044)]rfmnet: 8.1247e-03 l_total: 8.1247e-03 
2025-08-20 06:38:34,507 INFO: [faust..][epoch:  5, iter:  26,800, lr:(8.511e-04,8.511e-04,)][eta: 1 day, 1:44:53, time (data): 0.457 (0.035)]rfmnet: 8.8536e-03 l_total: 8.8536e-03 
2025-08-20 06:39:22,004 INFO: [faust..][epoch:  5, iter:  26,900, lr:(8.511e-04,8.511e-04,)][eta: 1 day, 1:36:05, time (data): 0.468 (0.036)]rfmnet: 8.6110e-03 l_total: 8.6110e-03 
2025-08-20 06:40:02,758 INFO: [faust..][epoch:  5, iter:  27,000, lr:(8.511e-04,8.511e-04,)][eta: 1 day, 1:27:12, time (data): 0.396 (0.037)]rfmnet: 7.9108e-03 l_total: 7.9108e-03 
2025-08-20 06:40:39,469 INFO: [faust..][epoch:  5, iter:  27,100, lr:(8.511e-04,8.511e-04,)][eta: 1 day, 1:18:17, time (data): 0.378 (0.037)]rfmnet: 7.3702e-03 l_total: 7.3702e-03 
2025-08-20 06:41:15,626 INFO: [faust..][epoch:  5, iter:  27,200, lr:(8.511e-04,8.511e-04,)][eta: 1 day, 1:09:25, time (data): 0.358 (0.037)]rfmnet: 7.4355e-03 l_total: 7.4355e-03 
2025-08-20 06:41:59,148 INFO: [faust..][epoch:  5, iter:  27,300, lr:(8.511e-04,8.511e-04,)][eta: 1 day, 1:00:47, time (data): 0.405 (0.037)]rfmnet: 8.2366e-03 l_total: 8.2366e-03 
2025-08-20 06:42:51,324 INFO: [faust..][epoch:  5, iter:  27,400, lr:(8.511e-04,8.511e-04,)][eta: 1 day, 0:52:23, time (data): 0.498 (0.037)]rfmnet: 7.7948e-03 l_total: 7.7948e-03 
2025-08-20 06:43:43,070 INFO: [faust..][epoch:  5, iter:  27,500, lr:(8.511e-04,8.511e-04,)][eta: 1 day, 0:44:03, time (data): 0.510 (0.036)]rfmnet: 6.4781e-03 l_total: 6.4781e-03 
2025-08-20 06:44:19,398 INFO: [faust..][epoch:  5, iter:  27,600, lr:(8.511e-04,8.511e-04,)][eta: 1 day, 0:35:25, time (data): 0.363 (0.037)]rfmnet: 6.5909e-03 l_total: 6.5909e-03 
2025-08-20 06:45:00,653 INFO: [faust..][epoch:  5, iter:  27,700, lr:(8.511e-04,8.511e-04,)][eta: 1 day, 0:26:57, time (data): 0.393 (0.037)]rfmnet: 6.0133e-03 l_total: 6.0133e-03 
2025-08-20 06:45:42,831 INFO: [faust..][epoch:  5, iter:  27,800, lr:(8.511e-04,8.511e-04,)][eta: 1 day, 0:18:34, time (data): 0.392 (0.036)]rfmnet: 5.9836e-03 l_total: 5.9836e-03 
2025-08-20 06:46:32,249 INFO: [faust..][epoch:  5, iter:  27,900, lr:(8.511e-04,8.511e-04,)][eta: 1 day, 0:10:23, time (data): 0.455 (0.036)]rfmnet: 8.8544e-03 l_total: 8.8544e-03 
2025-08-20 06:47:24,156 INFO: [faust..][epoch:  5, iter:  28,000, lr:(8.511e-04,8.511e-04,)][eta: 1 day, 0:02:19, time (data): 0.503 (0.036)]rfmnet: 5.9794e-03 l_total: 5.9794e-03 
2025-08-20 06:47:24,156 INFO: Saving models and training states.
2025-08-20 06:47:24,175 INFO: Start validation.
2025-08-20 06:51:26,758 INFO: Avg time: 0.3597
2025-08-20 06:51:26,960 INFO: Val auc: 0.5601
2025-08-20 06:51:26,966 INFO: Val avg error: 0.1166
2025-08-20 06:52:19,831 INFO: [faust..][epoch:  5, iter:  28,100, lr:(8.511e-04,8.511e-04,)][eta: 23:59:29, time (data): 0.518 (0.036)]rfmnet: 1.0489e-02 l_total: 1.0489e-02 
2025-08-20 06:53:05,577 INFO: [faust..][epoch:  5, iter:  28,200, lr:(8.511e-04,8.511e-04,)][eta: 23:51:21, time (data): 0.421 (0.037)]rfmnet: 6.0331e-03 l_total: 6.0331e-03 
2025-08-20 06:53:48,395 INFO: [faust..][epoch:  5, iter:  28,300, lr:(8.511e-04,8.511e-04,)][eta: 23:43:13, time (data): 0.425 (0.038)]rfmnet: 6.2086e-03 l_total: 6.2086e-03 
2025-08-20 06:54:24,227 INFO: [faust..][epoch:  5, iter:  28,400, lr:(8.511e-04,8.511e-04,)][eta: 23:34:59, time (data): 0.352 (0.036)]rfmnet: 5.9175e-03 l_total: 5.9175e-03 
2025-08-20 06:55:06,283 INFO: [faust..][epoch:  5, iter:  28,500, lr:(8.511e-04,8.511e-04,)][eta: 23:26:56, time (data): 0.395 (0.036)]rfmnet: 4.5059e-03 l_total: 4.5059e-03 
2025-08-20 06:55:51,416 INFO: [faust..][epoch:  5, iter:  28,600, lr:(8.511e-04,8.511e-04,)][eta: 23:18:59, time (data): 0.435 (0.036)]rfmnet: 4.4882e-03 l_total: 4.4882e-03 
2025-08-20 06:56:43,990 INFO: [faust..][epoch:  5, iter:  28,700, lr:(8.511e-04,8.511e-04,)][eta: 23:11:15, time (data): 0.493 (0.035)]rfmnet: 3.6575e-03 l_total: 3.6575e-03 
2025-08-20 06:57:30,743 INFO: [faust..][epoch:  5, iter:  28,800, lr:(8.511e-04,8.511e-04,)][eta: 23:03:27, time (data): 0.425 (0.037)]rfmnet: 4.0208e-03 l_total: 4.0208e-03 
2025-08-20 06:58:03,200 INFO: [faust..][epoch:  5, iter:  28,900, lr:(8.511e-04,8.511e-04,)][eta: 22:55:24, time (data): 0.361 (0.037)]rfmnet: 3.9443e-03 l_total: 3.9443e-03 
2025-08-20 06:58:37,345 INFO: [faust..][epoch:  5, iter:  29,000, lr:(8.511e-04,8.511e-04,)][eta: 22:47:26, time (data): 0.346 (0.037)]rfmnet: 4.4523e-03 l_total: 4.4523e-03 
2025-08-20 06:59:20,525 INFO: [faust..][epoch:  5, iter:  29,100, lr:(8.511e-04,8.511e-04,)][eta: 22:39:43, time (data): 0.401 (0.036)]rfmnet: 4.4467e-03 l_total: 4.4467e-03 
2025-08-20 07:00:08,853 INFO: [faust..][epoch:  5, iter:  29,200, lr:(8.511e-04,8.511e-04,)][eta: 22:32:08, time (data): 0.475 (0.036)]rfmnet: 4.1539e-03 l_total: 4.1539e-03 
2025-08-20 07:01:00,239 INFO: [faust..][epoch:  5, iter:  29,300, lr:(8.511e-04,8.511e-04,)][eta: 22:24:39, time (data): 0.500 (0.036)]rfmnet: 4.1970e-03 l_total: 4.1970e-03 
2025-08-20 07:01:54,519 INFO: [faust..][epoch:  5, iter:  29,400, lr:(8.511e-04,8.511e-04,)][eta: 22:17:17, time (data): 0.516 (0.037)]rfmnet: 3.6142e-03 l_total: 3.6142e-03 
2025-08-20 07:02:49,538 INFO: [faust..][epoch:  5, iter:  29,500, lr:(8.511e-04,8.511e-04,)][eta: 22:09:58, time (data): 0.538 (0.037)]rfmnet: 4.3225e-03 l_total: 4.3225e-03 
2025-08-20 07:03:35,831 INFO: [faust..][epoch:  5, iter:  29,600, lr:(8.511e-04,8.511e-04,)][eta: 22:02:32, time (data): 0.540 (0.039)]rfmnet: 3.5749e-03 l_total: 3.5749e-03 
2025-08-20 07:04:23,128 INFO: [faust..][epoch:  5, iter:  29,700, lr:(8.511e-04,8.511e-04,)][eta: 21:55:10, time (data): 0.496 (0.038)]rfmnet: 4.1612e-03 l_total: 4.1612e-03 
2025-08-20 07:05:21,121 INFO: [faust..][epoch:  5, iter:  29,800, lr:(8.511e-04,8.511e-04,)][eta: 21:48:02, time (data): 0.597 (0.036)]rfmnet: 3.8413e-03 l_total: 3.8413e-03 
2025-08-20 07:06:23,653 INFO: [faust..][epoch:  5, iter:  29,900, lr:(8.511e-04,8.511e-04,)][eta: 21:41:02, time (data): 0.616 (0.036)]rfmnet: 3.4225e-03 l_total: 3.4225e-03 
2025-08-20 07:07:16,283 INFO: [faust..][epoch:  5, iter:  30,000, lr:(8.511e-04,8.511e-04,)][eta: 21:33:54, time (data): 0.493 (0.039)]rfmnet: 2.9193e-03 l_total: 2.9193e-03 
2025-08-20 07:07:16,283 INFO: Saving models and training states.
2025-08-20 07:07:16,305 INFO: Start validation.
2025-08-20 07:11:38,411 INFO: Avg time: 0.5230
2025-08-20 07:11:38,605 INFO: Val auc: 0.5680
2025-08-20 07:11:38,631 INFO: Val avg error: 0.1047
2025-08-20 07:12:28,428 INFO: [faust..][epoch:  5, iter:  30,100, lr:(8.511e-04,8.511e-04,)][eta: 21:31:40, time (data): 0.496 (0.038)]rfmnet: 3.0611e-03 l_total: 3.0611e-03 
2025-08-20 07:13:20,853 INFO: [faust..][epoch:  5, iter:  30,200, lr:(8.511e-04,8.511e-04,)][eta: 21:24:34, time (data): 0.533 (0.038)]rfmnet: 3.5229e-03 l_total: 3.5229e-03 
2025-08-20 07:14:16,935 INFO: [faust..][epoch:  5, iter:  30,300, lr:(8.511e-04,8.511e-04,)][eta: 21:17:34, time (data): 0.551 (0.038)]rfmnet: 2.7596e-03 l_total: 2.7596e-03 
2025-08-20 07:15:12,698 INFO: [faust..][epoch:  5, iter:  30,400, lr:(8.511e-04,8.511e-04,)][eta: 21:10:37, time (data): 0.546 (0.036)]rfmnet: 2.6832e-03 l_total: 2.6832e-03 
2025-08-20 07:16:12,005 INFO: [faust..][epoch:  5, iter:  30,500, lr:(8.511e-04,8.511e-04,)][eta: 21:03:46, time (data): 0.577 (0.037)]rfmnet: 2.9358e-03 l_total: 2.9358e-03 
2025-08-20 07:16:59,084 INFO: [faust..][epoch:  5, iter:  30,600, lr:(8.511e-04,8.511e-04,)][eta: 20:56:44, time (data): 0.485 (0.042)]rfmnet: 3.1848e-03 l_total: 3.1848e-03 
2025-08-20 07:17:51,185 INFO: [faust..][epoch:  5, iter:  30,700, lr:(8.511e-04,8.511e-04,)][eta: 20:49:50, time (data): 0.509 (0.040)]rfmnet: 2.7240e-03 l_total: 2.7240e-03 
2025-08-20 07:18:43,632 INFO: [faust..][epoch:  5, iter:  30,800, lr:(8.511e-04,8.511e-04,)][eta: 20:42:59, time (data): 0.474 (0.038)]rfmnet: 2.4930e-03 l_total: 2.4930e-03 
2025-08-20 07:19:33,718 INFO: [faust..][epoch:  5, iter:  30,900, lr:(8.511e-04,8.511e-04,)][eta: 20:36:07, time (data): 0.492 (0.038)]rfmnet: 2.2009e-03 l_total: 2.2009e-03 
2025-08-20 07:20:20,258 INFO: [faust..][epoch:  5, iter:  31,000, lr:(8.511e-04,8.511e-04,)][eta: 20:29:14, time (data): 0.441 (0.037)]rfmnet: 2.3004e-03 l_total: 2.3004e-03 
2025-08-20 07:21:12,387 INFO: [faust..][epoch:  5, iter:  31,100, lr:(8.511e-04,8.511e-04,)][eta: 20:22:29, time (data): 0.496 (0.038)]rfmnet: 2.4536e-03 l_total: 2.4536e-03 
2025-08-20 07:21:57,766 INFO: [faust..][epoch:  5, iter:  31,200, lr:(8.511e-04,8.511e-04,)][eta: 20:15:40, time (data): 0.488 (0.037)]rfmnet: 2.4972e-03 l_total: 2.4972e-03 
2025-08-20 07:22:55,778 INFO: [faust..][epoch:  5, iter:  31,300, lr:(8.511e-04,8.511e-04,)][eta: 20:09:05, time (data): 0.551 (0.038)]rfmnet: 2.3176e-03 l_total: 2.3176e-03 
2025-08-20 07:23:55,216 INFO: [faust..][epoch:  5, iter:  31,400, lr:(8.511e-04,8.511e-04,)][eta: 20:02:35, time (data): 0.631 (0.038)]rfmnet: 2.2569e-03 l_total: 2.2569e-03 
2025-08-20 07:24:55,428 INFO: [faust..][epoch:  5, iter:  31,500, lr:(8.511e-04,8.511e-04,)][eta: 19:56:07, time (data): 0.611 (0.037)]rfmnet: 1.9927e-03 l_total: 1.9927e-03 
2025-08-20 07:25:48,213 INFO: [faust..][epoch:  5, iter:  31,600, lr:(8.511e-04,8.511e-04,)][eta: 19:49:34, time (data): 0.541 (0.039)]rfmnet: 1.9510e-03 l_total: 1.9510e-03 
2025-08-20 07:26:33,086 INFO: [faust..][epoch:  5, iter:  31,700, lr:(8.511e-04,8.511e-04,)][eta: 19:42:55, time (data): 0.476 (0.038)]rfmnet: 2.0946e-03 l_total: 2.0946e-03 
2025-08-20 07:27:23,413 INFO: [faust..][epoch:  5, iter:  31,800, lr:(8.511e-04,8.511e-04,)][eta: 19:36:24, time (data): 0.530 (0.037)]rfmnet: 2.2266e-03 l_total: 2.2266e-03 
2025-08-20 07:28:19,547 INFO: [faust..][epoch:  5, iter:  31,900, lr:(8.511e-04,8.511e-04,)][eta: 19:30:01, time (data): 0.552 (0.038)]rfmnet: 1.5324e-03 l_total: 1.5324e-03 
2025-08-20 07:29:16,721 INFO: [faust..][epoch:  5, iter:  32,000, lr:(8.511e-04,8.511e-04,)][eta: 19:23:40, time (data): 0.595 (0.038)]rfmnet: 1.8114e-03 l_total: 1.8114e-03 
2025-08-20 07:29:16,722 INFO: Saving models and training states.
2025-08-20 07:29:16,739 INFO: Start validation.
2025-08-20 07:33:59,643 INFO: Avg time: 0.3828
2025-08-20 07:33:59,852 INFO: Val auc: 0.5677
2025-08-20 07:33:59,857 INFO: Val avg error: 0.1061
2025-08-20 07:35:03,801 INFO: [faust..][epoch:  6, iter:  32,100, lr:(7.750e-04,7.750e-04,)][eta: 19:22:10, time (data): 0.626 (0.043)]rfmnet: 1.7197e-03 l_total: 1.7197e-03 
2025-08-20 07:35:53,581 INFO: [faust..][epoch:  6, iter:  32,200, lr:(7.750e-04,7.750e-04,)][eta: 19:15:45, time (data): 0.510 (0.038)]rfmnet: 1.4797e-03 l_total: 1.4797e-03 
2025-08-20 07:36:43,151 INFO: [faust..][epoch:  6, iter:  32,300, lr:(7.750e-04,7.750e-04,)][eta: 19:09:22, time (data): 0.500 (0.038)]rfmnet: 1.4236e-03 l_total: 1.4236e-03 
2025-08-20 07:37:37,649 INFO: [faust..][epoch:  6, iter:  32,400, lr:(7.750e-04,7.750e-04,)][eta: 19:03:05, time (data): 0.539 (0.037)]rfmnet: 1.6132e-03 l_total: 1.6132e-03 
2025-08-20 07:38:35,828 INFO: [faust..][epoch:  6, iter:  32,500, lr:(7.750e-04,7.750e-04,)][eta: 18:56:54, time (data): 0.570 (0.036)]rfmnet: 1.5299e-03 l_total: 1.5299e-03 
2025-08-20 07:39:35,995 INFO: [faust..][epoch:  6, iter:  32,600, lr:(7.750e-04,7.750e-04,)][eta: 18:50:47, time (data): 0.577 (0.036)]rfmnet: 1.4737e-03 l_total: 1.4737e-03 
2025-08-20 07:40:28,301 INFO: [faust..][epoch:  6, iter:  32,700, lr:(7.750e-04,7.750e-04,)][eta: 18:44:34, time (data): 0.538 (0.038)]rfmnet: 1.2967e-03 l_total: 1.2967e-03 
2025-08-20 07:41:17,358 INFO: [faust..][epoch:  6, iter:  32,800, lr:(7.750e-04,7.750e-04,)][eta: 18:38:20, time (data): 0.530 (0.038)]rfmnet: 1.3671e-03 l_total: 1.3671e-03 
2025-08-20 07:42:00,722 INFO: [faust..][epoch:  6, iter:  32,900, lr:(7.750e-04,7.750e-04,)][eta: 18:32:03, time (data): 0.460 (0.038)]rfmnet: 1.4672e-03 l_total: 1.4672e-03 
2025-08-20 07:42:52,365 INFO: [faust..][epoch:  6, iter:  33,000, lr:(7.750e-04,7.750e-04,)][eta: 18:25:55, time (data): 0.571 (0.038)]rfmnet: 1.4152e-03 l_total: 1.4152e-03 
2025-08-20 07:43:42,160 INFO: [faust..][epoch:  6, iter:  33,100, lr:(7.750e-04,7.750e-04,)][eta: 18:19:48, time (data): 0.517 (0.037)]rfmnet: 1.1768e-03 l_total: 1.1768e-03 
2025-08-20 07:44:34,165 INFO: [faust..][epoch:  6, iter:  33,200, lr:(7.750e-04,7.750e-04,)][eta: 18:13:44, time (data): 0.529 (0.035)]rfmnet: 1.0649e-03 l_total: 1.0649e-03 
2025-08-20 07:45:25,741 INFO: [faust..][epoch:  6, iter:  33,300, lr:(7.750e-04,7.750e-04,)][eta: 18:07:42, time (data): 0.519 (0.037)]rfmnet: 1.1289e-03 l_total: 1.1289e-03 
2025-08-20 07:46:09,005 INFO: [faust..][epoch:  6, iter:  33,400, lr:(7.750e-04,7.750e-04,)][eta: 18:01:35, time (data): 0.407 (0.037)]rfmnet: 1.0402e-03 l_total: 1.0402e-03 
2025-08-20 07:47:02,382 INFO: [faust..][epoch:  6, iter:  33,500, lr:(7.750e-04,7.750e-04,)][eta: 17:55:38, time (data): 0.502 (0.037)]rfmnet: 1.1287e-03 l_total: 1.1287e-03 
2025-08-20 07:47:53,785 INFO: [faust..][epoch:  6, iter:  33,600, lr:(7.750e-04,7.750e-04,)][eta: 17:49:41, time (data): 0.590 (0.036)]rfmnet: 1.3235e-03 l_total: 1.3235e-03 
2025-08-20 07:48:49,181 INFO: [faust..][epoch:  6, iter:  33,700, lr:(7.750e-04,7.750e-04,)][eta: 17:43:50, time (data): 0.563 (0.036)]rfmnet: 9.1544e-04 l_total: 9.1544e-04 
2025-08-20 07:49:46,660 INFO: [faust..][epoch:  6, iter:  33,800, lr:(7.750e-04,7.750e-04,)][eta: 17:38:03, time (data): 0.497 (0.037)]rfmnet: 1.3157e-03 l_total: 1.3157e-03 
2025-08-20 07:50:36,843 INFO: [faust..][epoch:  6, iter:  33,900, lr:(7.750e-04,7.750e-04,)][eta: 17:32:10, time (data): 0.501 (0.039)]rfmnet: 9.9394e-04 l_total: 9.9394e-04 
2025-08-20 07:51:26,158 INFO: [faust..][epoch:  6, iter:  34,000, lr:(7.750e-04,7.750e-04,)][eta: 17:26:19, time (data): 0.433 (0.037)]rfmnet: 1.1691e-03 l_total: 1.1691e-03 
2025-08-20 07:51:26,159 INFO: Saving models and training states.
2025-08-20 07:51:26,176 INFO: Start validation.
2025-08-20 07:55:35,645 INFO: Avg time: 0.1476
2025-08-20 07:55:35,830 INFO: Val auc: 0.5665
2025-08-20 07:55:35,836 INFO: Val avg error: 0.1061
2025-08-20 07:56:20,795 INFO: [faust..][epoch:  6, iter:  34,100, lr:(7.750e-04,7.750e-04,)][eta: 17:24:05, time (data): 0.445 (0.038)]rfmnet: 9.8082e-04 l_total: 9.8082e-04 
2025-08-20 07:57:14,937 INFO: [faust..][epoch:  6, iter:  34,200, lr:(7.750e-04,7.750e-04,)][eta: 17:18:20, time (data): 0.535 (0.035)]rfmnet: 1.0517e-03 l_total: 1.0517e-03 
2025-08-20 07:58:10,309 INFO: [faust..][epoch:  6, iter:  34,300, lr:(7.750e-04,7.750e-04,)][eta: 17:12:38, time (data): 0.549 (0.036)]rfmnet: 1.0171e-03 l_total: 1.0171e-03 
2025-08-20 07:58:47,263 INFO: [faust..][epoch:  6, iter:  34,400, lr:(7.750e-04,7.750e-04,)][eta: 17:06:41, time (data): 0.326 (0.037)]rfmnet: 9.4825e-04 l_total: 9.4825e-04 
2025-08-20 07:59:26,597 INFO: [faust..][epoch:  6, iter:  34,500, lr:(7.750e-04,7.750e-04,)][eta: 17:00:49, time (data): 0.378 (0.037)]rfmnet: 9.7558e-04 l_total: 9.7558e-04 
2025-08-20 08:00:07,098 INFO: [faust..][epoch:  6, iter:  34,600, lr:(7.750e-04,7.750e-04,)][eta: 16:54:59, time (data): 0.426 (0.038)]rfmnet: 8.9692e-04 l_total: 8.9692e-04 
2025-08-20 08:00:53,735 INFO: [faust..][epoch:  6, iter:  34,700, lr:(7.750e-04,7.750e-04,)][eta: 16:49:17, time (data): 0.457 (0.037)]rfmnet: 8.4271e-04 l_total: 8.4271e-04 
2025-08-20 08:01:48,280 INFO: [faust..][epoch:  6, iter:  34,800, lr:(7.750e-04,7.750e-04,)][eta: 16:43:42, time (data): 0.561 (0.037)]rfmnet: 8.7244e-04 l_total: 8.7244e-04 
2025-08-20 08:02:41,770 INFO: [faust..][epoch:  6, iter:  34,900, lr:(7.750e-04,7.750e-04,)][eta: 16:38:09, time (data): 0.541 (0.036)]rfmnet: 8.2744e-04 l_total: 8.2744e-04 
2025-08-20 08:03:16,320 INFO: [faust..][epoch:  6, iter:  35,000, lr:(7.750e-04,7.750e-04,)][eta: 16:32:21, time (data): 0.342 (0.038)]rfmnet: 2.6870e-03 l_total: 2.6870e-03 
2025-08-20 08:03:55,982 INFO: [faust..][epoch:  6, iter:  35,100, lr:(7.750e-04,7.750e-04,)][eta: 16:26:39, time (data): 0.385 (0.037)]rfmnet: 2.2553e-03 l_total: 2.2553e-03 
2025-08-20 08:04:40,976 INFO: [faust..][epoch:  6, iter:  35,200, lr:(7.750e-04,7.750e-04,)][eta: 16:21:04, time (data): 0.504 (0.037)]rfmnet: 1.2691e-03 l_total: 1.2691e-03 
2025-08-20 08:05:29,674 INFO: [faust..][epoch:  6, iter:  35,300, lr:(7.750e-04,7.750e-04,)][eta: 16:15:33, time (data): 0.490 (0.037)]rfmnet: 1.0399e-03 l_total: 1.0399e-03 
2025-08-20 08:06:22,707 INFO: [faust..][epoch:  6, iter:  35,400, lr:(7.750e-04,7.750e-04,)][eta: 16:10:07, time (data): 0.497 (0.036)]rfmnet: 7.7740e-04 l_total: 7.7740e-04 
2025-08-20 08:07:12,299 INFO: [faust..][epoch:  6, iter:  35,500, lr:(7.750e-04,7.750e-04,)][eta: 16:04:40, time (data): 0.496 (0.036)]rfmnet: 1.1513e-03 l_total: 1.1513e-03 
2025-08-20 08:07:47,512 INFO: [faust..][epoch:  6, iter:  35,600, lr:(7.750e-04,7.750e-04,)][eta: 15:59:03, time (data): 0.398 (0.037)]rfmnet: 7.9982e-04 l_total: 7.9982e-04 
2025-08-20 08:08:22,519 INFO: [faust..][epoch:  6, iter:  35,700, lr:(7.750e-04,7.750e-04,)][eta: 15:53:27, time (data): 0.359 (0.037)]rfmnet: 7.8936e-04 l_total: 7.8936e-04 
2025-08-20 08:08:59,787 INFO: [faust..][epoch:  6, iter:  35,800, lr:(7.750e-04,7.750e-04,)][eta: 15:47:55, time (data): 0.293 (0.037)]rfmnet: 7.6010e-04 l_total: 7.6010e-04 
2025-08-20 08:09:36,112 INFO: [faust..][epoch:  6, iter:  35,900, lr:(7.750e-04,7.750e-04,)][eta: 15:42:24, time (data): 0.351 (0.036)]rfmnet: 6.1397e-04 l_total: 6.1397e-04 
2025-08-20 08:10:18,228 INFO: [faust..][epoch:  6, iter:  36,000, lr:(7.750e-04,7.750e-04,)][eta: 15:36:59, time (data): 0.486 (0.037)]rfmnet: 6.6796e-04 l_total: 6.6796e-04 
2025-08-20 08:10:18,229 INFO: Saving models and training states.
2025-08-20 08:10:18,255 INFO: Start validation.
2025-08-20 08:14:29,723 INFO: Avg time: 0.2627
2025-08-20 08:14:29,945 INFO: Val auc: 0.5697
2025-08-20 08:14:29,947 INFO: Val avg error: 0.0968
2025-08-20 08:15:25,832 INFO: [faust..][epoch:  6, iter:  36,100, lr:(7.750e-04,7.750e-04,)][eta: 15:35:01, time (data): 0.545 (0.036)]rfmnet: 5.7994e-04 l_total: 5.7994e-04 
2025-08-20 08:16:01,011 INFO: [faust..][epoch:  6, iter:  36,200, lr:(7.750e-04,7.750e-04,)][eta: 15:29:32, time (data): 0.262 (0.035)]rfmnet: 5.6982e-04 l_total: 5.6982e-04 
2025-08-20 08:16:36,552 INFO: [faust..][epoch:  6, iter:  36,300, lr:(7.750e-04,7.750e-04,)][eta: 15:24:06, time (data): 0.340 (0.037)]rfmnet: 5.8565e-04 l_total: 5.8565e-04 
2025-08-20 08:17:09,741 INFO: [faust..][epoch:  6, iter:  36,400, lr:(7.750e-04,7.750e-04,)][eta: 15:18:39, time (data): 0.356 (0.035)]rfmnet: 4.7516e-04 l_total: 4.7516e-04 
2025-08-20 08:17:53,613 INFO: [faust..][epoch:  6, iter:  36,500, lr:(7.750e-04,7.750e-04,)][eta: 15:13:22, time (data): 0.426 (0.036)]rfmnet: 5.1108e-04 l_total: 5.1108e-04 
2025-08-20 08:18:43,393 INFO: [faust..][epoch:  6, iter:  36,600, lr:(7.750e-04,7.750e-04,)][eta: 15:08:11, time (data): 0.543 (0.036)]rfmnet: 5.1167e-04 l_total: 5.1167e-04 
2025-08-20 08:19:38,260 INFO: [faust..][epoch:  6, iter:  36,700, lr:(7.750e-04,7.750e-04,)][eta: 15:03:05, time (data): 0.548 (0.036)]rfmnet: 5.0376e-04 l_total: 5.0376e-04 
2025-08-20 08:20:16,430 INFO: [faust..][epoch:  6, iter:  36,800, lr:(7.750e-04,7.750e-04,)][eta: 14:57:48, time (data): 0.322 (0.038)]rfmnet: 4.7061e-04 l_total: 4.7061e-04 
2025-08-20 08:20:54,050 INFO: [faust..][epoch:  6, iter:  36,900, lr:(7.750e-04,7.750e-04,)][eta: 14:52:32, time (data): 0.368 (0.037)]rfmnet: 4.4631e-04 l_total: 4.4631e-04 
2025-08-20 08:21:34,926 INFO: [faust..][epoch:  6, iter:  37,000, lr:(7.750e-04,7.750e-04,)][eta: 14:47:20, time (data): 0.436 (0.037)]rfmnet: 4.2889e-04 l_total: 4.2889e-04 
2025-08-20 08:22:23,314 INFO: [faust..][epoch:  6, iter:  37,100, lr:(7.750e-04,7.750e-04,)][eta: 14:42:15, time (data): 0.477 (0.037)]rfmnet: 4.0773e-04 l_total: 4.0773e-04 
2025-08-20 08:23:14,854 INFO: [faust..][epoch:  6, iter:  37,200, lr:(7.750e-04,7.750e-04,)][eta: 14:37:13, time (data): 0.547 (0.036)]rfmnet: 4.0530e-04 l_total: 4.0530e-04 
2025-08-20 08:24:15,642 INFO: [faust..][epoch:  6, iter:  37,300, lr:(7.750e-04,7.750e-04,)][eta: 14:32:20, time (data): 0.600 (0.035)]rfmnet: 3.9258e-04 l_total: 3.9258e-04 
2025-08-20 08:25:03,881 INFO: [faust..][epoch:  6, iter:  37,400, lr:(7.750e-04,7.750e-04,)][eta: 14:27:19, time (data): 0.394 (0.039)]rfmnet: 4.0098e-04 l_total: 4.0098e-04 
2025-08-20 08:25:53,486 INFO: [faust..][epoch:  6, iter:  37,500, lr:(7.750e-04,7.750e-04,)][eta: 14:22:20, time (data): 0.483 (0.038)]rfmnet: 3.6811e-04 l_total: 3.6811e-04 
2025-08-20 08:26:45,292 INFO: [faust..][epoch:  6, iter:  37,600, lr:(7.750e-04,7.750e-04,)][eta: 14:17:24, time (data): 0.671 (0.034)]rfmnet: 3.5819e-04 l_total: 3.5819e-04 
2025-08-20 08:27:46,507 INFO: [faust..][epoch:  6, iter:  37,700, lr:(7.750e-04,7.750e-04,)][eta: 14:12:36, time (data): 0.619 (0.036)]rfmnet: 3.4932e-04 l_total: 3.4932e-04 
2025-08-20 08:28:42,684 INFO: [faust..][epoch:  6, iter:  37,800, lr:(7.750e-04,7.750e-04,)][eta: 14:07:45, time (data): 0.574 (0.043)]rfmnet: 3.6323e-04 l_total: 3.6323e-04 
2025-08-20 08:29:35,544 INFO: [faust..][epoch:  6, iter:  37,900, lr:(7.750e-04,7.750e-04,)][eta: 14:02:54, time (data): 0.533 (0.038)]rfmnet: 3.0554e-04 l_total: 3.0554e-04 
2025-08-20 08:30:29,000 INFO: [faust..][epoch:  6, iter:  38,000, lr:(7.750e-04,7.750e-04,)][eta: 13:58:04, time (data): 0.486 (0.035)]rfmnet: 3.1023e-04 l_total: 3.1023e-04 
2025-08-20 08:30:29,000 INFO: Saving models and training states.
2025-08-20 08:30:29,021 INFO: Start validation.
2025-08-20 08:34:59,531 INFO: Avg time: 0.3178
2025-08-20 08:34:59,715 INFO: Val auc: 0.5289
2025-08-20 08:34:59,720 INFO: Val avg error: 0.1258
2025-08-20 08:35:52,696 INFO: [faust..][epoch:  6, iter:  38,100, lr:(7.750e-04,7.750e-04,)][eta: 13:56:19, time (data): 0.525 (0.037)]rfmnet: 3.5742e-04 l_total: 3.5742e-04 
2025-08-20 08:36:46,085 INFO: [faust..][epoch:  6, iter:  38,200, lr:(7.750e-04,7.750e-04,)][eta: 13:51:31, time (data): 0.575 (0.036)]rfmnet: 3.0369e-04 l_total: 3.0369e-04 
2025-08-20 08:37:40,316 INFO: [faust..][epoch:  6, iter:  38,300, lr:(7.750e-04,7.750e-04,)][eta: 13:46:44, time (data): 0.545 (0.037)]rfmnet: 3.2836e-04 l_total: 3.2836e-04 
2025-08-20 08:38:42,634 INFO: [faust..][epoch:  6, iter:  38,400, lr:(7.750e-04,7.750e-04,)][eta: 13:42:04, time (data): 0.765 (0.035)]rfmnet: 2.5940e-04 l_total: 2.5940e-04 
2025-08-20 08:39:32,783 INFO: [faust..][epoch:  7, iter:  38,500, lr:(6.891e-04,6.891e-04,)][eta: 13:37:17, time (data): 0.523 (0.045)]rfmnet: 3.4740e-04 l_total: 3.4740e-04 
2025-08-20 08:40:20,338 INFO: [faust..][epoch:  7, iter:  38,600, lr:(6.891e-04,6.891e-04,)][eta: 13:32:29, time (data): 0.404 (0.038)]rfmnet: 3.1403e-04 l_total: 3.1403e-04 
2025-08-20 08:41:12,207 INFO: [faust..][epoch:  7, iter:  38,700, lr:(6.891e-04,6.891e-04,)][eta: 13:27:46, time (data): 0.510 (0.038)]rfmnet: 2.7398e-04 l_total: 2.7398e-04 
2025-08-20 08:42:06,226 INFO: [faust..][epoch:  7, iter:  38,800, lr:(6.891e-04,6.891e-04,)][eta: 13:23:05, time (data): 0.517 (0.038)]rfmnet: 2.5407e-04 l_total: 2.5407e-04 
2025-08-20 08:43:02,296 INFO: [faust..][epoch:  7, iter:  38,900, lr:(6.891e-04,6.891e-04,)][eta: 13:18:26, time (data): 0.558 (0.037)]rfmnet: 2.8402e-04 l_total: 2.8402e-04 
2025-08-20 08:43:54,971 INFO: [faust..][epoch:  7, iter:  39,000, lr:(6.891e-04,6.891e-04,)][eta: 13:13:47, time (data): 0.563 (0.036)]rfmnet: 2.4511e-04 l_total: 2.4511e-04 
2025-08-20 08:44:48,654 INFO: [faust..][epoch:  7, iter:  39,100, lr:(6.891e-04,6.891e-04,)][eta: 13:09:09, time (data): 0.538 (0.038)]rfmnet: 3.0140e-04 l_total: 3.0140e-04 
2025-08-20 08:45:35,718 INFO: [faust..][epoch:  7, iter:  39,200, lr:(6.891e-04,6.891e-04,)][eta: 13:04:29, time (data): 0.535 (0.038)]rfmnet: 2.6282e-04 l_total: 2.6282e-04 
2025-08-20 08:46:22,506 INFO: [faust..][epoch:  7, iter:  39,300, lr:(6.891e-04,6.891e-04,)][eta: 12:59:49, time (data): 0.471 (0.037)]rfmnet: 2.5496e-04 l_total: 2.5496e-04 
2025-08-20 08:47:11,291 INFO: [faust..][epoch:  7, iter:  39,400, lr:(6.891e-04,6.891e-04,)][eta: 12:55:12, time (data): 0.592 (0.036)]rfmnet: 2.4881e-04 l_total: 2.4881e-04 
2025-08-20 08:48:11,818 INFO: [faust..][epoch:  7, iter:  39,500, lr:(6.891e-04,6.891e-04,)][eta: 12:50:43, time (data): 0.605 (0.037)]rfmnet: 2.1186e-04 l_total: 2.1186e-04 
2025-08-20 08:49:06,553 INFO: [faust..][epoch:  7, iter:  39,600, lr:(6.891e-04,6.891e-04,)][eta: 12:46:11, time (data): 0.466 (0.052)]rfmnet: 2.1445e-04 l_total: 2.1445e-04 
2025-08-20 08:49:55,269 INFO: [faust..][epoch:  7, iter:  39,700, lr:(6.891e-04,6.891e-04,)][eta: 12:41:38, time (data): 0.487 (0.039)]rfmnet: 2.3581e-04 l_total: 2.3581e-04 
2025-08-20 08:50:47,502 INFO: [faust..][epoch:  7, iter:  39,800, lr:(6.891e-04,6.891e-04,)][eta: 12:37:07, time (data): 0.804 (0.041)]rfmnet: 2.1479e-04 l_total: 2.1479e-04 
2025-08-20 08:51:43,517 INFO: [faust..][epoch:  7, iter:  39,900, lr:(6.891e-04,6.891e-04,)][eta: 12:32:40, time (data): 0.565 (0.037)]rfmnet: 2.2041e-04 l_total: 2.2041e-04 
2025-08-20 08:52:47,604 INFO: [faust..][epoch:  7, iter:  40,000, lr:(6.891e-04,6.891e-04,)][eta: 12:28:18, time (data): 1.200 (0.032)]rfmnet: 2.1577e-04 l_total: 2.1577e-04 
2025-08-20 08:52:47,605 INFO: Saving models and training states.
2025-08-20 08:52:47,623 INFO: Start validation.
2025-08-20 08:57:26,528 INFO: Avg time: 0.2586
2025-08-20 08:57:26,713 INFO: Val auc: 0.5262
2025-08-20 08:57:26,718 INFO: Val avg error: 0.1315
2025-08-20 08:58:20,852 INFO: [faust..][epoch:  7, iter:  40,100, lr:(6.891e-04,6.891e-04,)][eta: 12:26:38, time (data): 0.547 (0.036)]rfmnet: 1.4781e-04 l_total: 1.4781e-04 
2025-08-20 08:59:14,562 INFO: [faust..][epoch:  7, iter:  40,200, lr:(6.891e-04,6.891e-04,)][eta: 12:22:12, time (data): 0.542 (0.038)]rfmnet: 1.8948e-04 l_total: 1.8948e-04 
2025-08-20 09:00:06,914 INFO: [faust..][epoch:  7, iter:  40,300, lr:(6.891e-04,6.891e-04,)][eta: 12:17:45, time (data): 0.523 (0.040)]rfmnet: 1.8348e-04 l_total: 1.8348e-04 
2025-08-20 09:00:55,831 INFO: [faust..][epoch:  7, iter:  40,400, lr:(6.891e-04,6.891e-04,)][eta: 12:13:18, time (data): 0.506 (0.041)]rfmnet: 1.8071e-04 l_total: 1.8071e-04 
2025-08-20 09:01:51,891 INFO: [faust..][epoch:  7, iter:  40,500, lr:(6.891e-04,6.891e-04,)][eta: 12:08:56, time (data): 0.564 (0.040)]rfmnet: 1.9656e-04 l_total: 1.9656e-04 
2025-08-20 09:02:41,578 INFO: [faust..][epoch:  7, iter:  40,600, lr:(6.891e-04,6.891e-04,)][eta: 12:04:31, time (data): 0.530 (0.039)]rfmnet: 1.6585e-04 l_total: 1.6585e-04 
2025-08-20 09:03:26,859 INFO: [faust..][epoch:  7, iter:  40,700, lr:(6.891e-04,6.891e-04,)][eta: 12:00:05, time (data): 0.456 (0.040)]rfmnet: 1.7486e-04 l_total: 1.7486e-04 
2025-08-20 09:04:13,425 INFO: [faust..][epoch:  7, iter:  40,800, lr:(6.891e-04,6.891e-04,)][eta: 11:55:41, time (data): 0.461 (0.038)]rfmnet: 1.5865e-04 l_total: 1.5865e-04 
2025-08-20 09:05:07,946 INFO: [faust..][epoch:  7, iter:  40,900, lr:(6.891e-04,6.891e-04,)][eta: 11:51:22, time (data): 0.537 (0.038)]rfmnet: 1.3388e-04 l_total: 1.3388e-04 
2025-08-20 09:06:03,180 INFO: [faust..][epoch:  7, iter:  41,000, lr:(6.891e-04,6.891e-04,)][eta: 11:47:04, time (data): 0.545 (0.038)]rfmnet: 1.4702e-04 l_total: 1.4702e-04 
2025-08-20 09:06:55,611 INFO: [faust..][epoch:  7, iter:  41,100, lr:(6.891e-04,6.891e-04,)][eta: 11:42:46, time (data): 0.525 (0.036)]rfmnet: 1.4171e-04 l_total: 1.4171e-04 
2025-08-20 09:07:45,869 INFO: [faust..][epoch:  7, iter:  41,200, lr:(6.891e-04,6.891e-04,)][eta: 11:38:28, time (data): 0.513 (0.037)]rfmnet: 1.6586e-04 l_total: 1.6586e-04 
2025-08-20 09:08:32,572 INFO: [faust..][epoch:  7, iter:  41,300, lr:(6.891e-04,6.891e-04,)][eta: 11:34:09, time (data): 0.458 (0.041)]rfmnet: 1.5583e-04 l_total: 1.5583e-04 
2025-08-20 09:09:29,684 INFO: [faust..][epoch:  7, iter:  41,400, lr:(6.891e-04,6.891e-04,)][eta: 11:29:56, time (data): 0.516 (0.040)]rfmnet: 1.4428e-04 l_total: 1.4428e-04 
2025-08-20 09:10:21,594 INFO: [faust..][epoch:  7, iter:  41,500, lr:(6.891e-04,6.891e-04,)][eta: 11:25:42, time (data): 0.524 (0.036)]rfmnet: 1.3864e-04 l_total: 1.3864e-04 
2025-08-20 09:11:16,767 INFO: [faust..][epoch:  7, iter:  41,600, lr:(6.891e-04,6.891e-04,)][eta: 11:21:30, time (data): 0.538 (0.037)]rfmnet: 1.4182e-04 l_total: 1.4182e-04 
2025-08-20 09:12:11,472 INFO: [faust..][epoch:  7, iter:  41,700, lr:(6.891e-04,6.891e-04,)][eta: 11:17:19, time (data): 0.528 (0.038)]rfmnet: 1.3297e-04 l_total: 1.3297e-04 
2025-08-20 09:12:59,842 INFO: [faust..][epoch:  7, iter:  41,800, lr:(6.891e-04,6.891e-04,)][eta: 11:13:06, time (data): 0.505 (0.040)]rfmnet: 1.0407e-04 l_total: 1.0407e-04 
2025-08-20 09:13:41,907 INFO: [faust..][epoch:  7, iter:  41,900, lr:(6.891e-04,6.891e-04,)][eta: 11:08:50, time (data): 0.403 (0.037)]rfmnet: 1.2779e-04 l_total: 1.2779e-04 
2025-08-20 09:14:34,546 INFO: [faust..][epoch:  7, iter:  42,000, lr:(6.891e-04,6.891e-04,)][eta: 11:04:41, time (data): 0.467 (0.037)]rfmnet: 3.6645e-04 l_total: 3.6645e-04 
2025-08-20 09:14:34,547 INFO: Saving models and training states.
2025-08-20 09:14:34,564 INFO: Start validation.
2025-08-20 09:18:49,655 INFO: Avg time: 0.2755
2025-08-20 09:18:49,837 INFO: Val auc: 0.2620
2025-08-20 09:18:49,842 INFO: Val avg error: 0.3627
2025-08-20 09:19:39,470 INFO: [faust..][epoch:  7, iter:  42,100, lr:(6.891e-04,6.891e-04,)][eta: 11:02:44, time (data): 0.496 (0.037)]rfmnet: 2.0282e-04 l_total: 2.0282e-04 
2025-08-20 09:20:25,499 INFO: [faust..][epoch:  7, iter:  42,200, lr:(6.891e-04,6.891e-04,)][eta: 10:58:33, time (data): 0.477 (0.037)]rfmnet: 2.9793e-04 l_total: 2.9793e-04 
2025-08-20 09:20:56,095 INFO: [faust..][epoch:  7, iter:  42,300, lr:(6.891e-04,6.891e-04,)][eta: 10:54:14, time (data): 0.308 (0.036)]rfmnet: 1.5570e-04 l_total: 1.5570e-04 
2025-08-20 09:21:30,587 INFO: [faust..][epoch:  7, iter:  42,400, lr:(6.891e-04,6.891e-04,)][eta: 10:49:59, time (data): 0.327 (0.037)]rfmnet: 1.2627e-04 l_total: 1.2627e-04 
2025-08-20 09:22:18,055 INFO: [faust..][epoch:  7, iter:  42,500, lr:(6.891e-04,6.891e-04,)][eta: 10:45:51, time (data): 0.494 (0.036)]rfmnet: 1.0965e-04 l_total: 1.0965e-04 
2025-08-20 09:23:03,703 INFO: [faust..][epoch:  7, iter:  42,600, lr:(6.891e-04,6.891e-04,)][eta: 10:41:43, time (data): 0.474 (0.037)]rfmnet: 1.1814e-04 l_total: 1.1814e-04 
2025-08-20 09:23:58,275 INFO: [faust..][epoch:  7, iter:  42,700, lr:(6.891e-04,6.891e-04,)][eta: 10:37:40, time (data): 0.557 (0.037)]rfmnet: 1.0615e-04 l_total: 1.0615e-04 
2025-08-20 09:24:44,876 INFO: [faust..][epoch:  7, iter:  42,800, lr:(6.891e-04,6.891e-04,)][eta: 10:33:35, time (data): 0.508 (0.037)]rfmnet: 1.0656e-04 l_total: 1.0656e-04 
2025-08-20 09:25:18,889 INFO: [faust..][epoch:  7, iter:  42,900, lr:(6.891e-04,6.891e-04,)][eta: 10:29:24, time (data): 0.349 (0.038)]rfmnet: 9.3809e-05 l_total: 9.3809e-05 
2025-08-20 09:25:52,989 INFO: [faust..][epoch:  7, iter:  43,000, lr:(6.891e-04,6.891e-04,)][eta: 10:25:14, time (data): 0.345 (0.037)]rfmnet: 1.0386e-04 l_total: 1.0386e-04 
2025-08-20 09:26:34,655 INFO: [faust..][epoch:  7, iter:  43,100, lr:(6.891e-04,6.891e-04,)][eta: 10:21:09, time (data): 0.416 (0.038)]rfmnet: 8.8974e-05 l_total: 8.8974e-05 
2025-08-20 09:27:20,793 INFO: [faust..][epoch:  7, iter:  43,200, lr:(6.891e-04,6.891e-04,)][eta: 10:17:07, time (data): 0.440 (0.037)]rfmnet: 7.5896e-05 l_total: 7.5896e-05 
2025-08-20 09:28:15,375 INFO: [faust..][epoch:  7, iter:  43,300, lr:(6.891e-04,6.891e-04,)][eta: 10:13:10, time (data): 0.530 (0.037)]rfmnet: 7.9274e-05 l_total: 7.9274e-05 
2025-08-20 09:29:05,495 INFO: [faust..][epoch:  7, iter:  43,400, lr:(6.891e-04,6.891e-04,)][eta: 10:09:12, time (data): 0.514 (0.037)]rfmnet: 8.9925e-05 l_total: 8.9925e-05 
2025-08-20 09:29:39,050 INFO: [faust..][epoch:  7, iter:  43,500, lr:(6.891e-04,6.891e-04,)][eta: 10:05:07, time (data): 0.328 (0.037)]rfmnet: 8.1437e-05 l_total: 8.1437e-05 
2025-08-20 09:30:16,372 INFO: [faust..][epoch:  7, iter:  43,600, lr:(6.891e-04,6.891e-04,)][eta: 10:01:04, time (data): 0.352 (0.037)]rfmnet: 8.2091e-05 l_total: 8.2091e-05 
2025-08-20 09:31:00,371 INFO: [faust..][epoch:  7, iter:  43,700, lr:(6.891e-04,6.891e-04,)][eta: 9:57:06, time (data): 0.441 (0.036)]rfmnet: 7.7841e-05 l_total: 7.7841e-05 
2025-08-20 09:31:47,879 INFO: [faust..][epoch:  7, iter:  43,800, lr:(6.891e-04,6.891e-04,)][eta: 9:53:10, time (data): 0.460 (0.036)]rfmnet: 6.8985e-05 l_total: 6.8985e-05 
2025-08-20 09:32:40,325 INFO: [faust..][epoch:  7, iter:  43,900, lr:(6.891e-04,6.891e-04,)][eta: 9:49:17, time (data): 0.530 (0.037)]rfmnet: 5.6332e-05 l_total: 5.6332e-05 
2025-08-20 09:33:30,049 INFO: [faust..][epoch:  7, iter:  44,000, lr:(6.891e-04,6.891e-04,)][eta: 9:45:24, time (data): 0.512 (0.037)]rfmnet: 6.7821e-05 l_total: 6.7821e-05 
2025-08-20 09:33:30,050 INFO: Saving models and training states.
2025-08-20 09:33:30,081 INFO: Start validation.
2025-08-20 09:37:41,718 INFO: Avg time: 0.1091
2025-08-20 09:37:41,897 INFO: Val auc: 0.5681
2025-08-20 09:37:41,902 INFO: Val avg error: 0.0911
2025-08-20 09:38:16,353 INFO: [faust..][epoch:  7, iter:  44,100, lr:(6.891e-04,6.891e-04,)][eta: 9:43:18, time (data): 0.326 (0.037)]rfmnet: 6.6382e-05 l_total: 6.6382e-05 
2025-08-20 09:38:51,254 INFO: [faust..][epoch:  7, iter:  44,200, lr:(6.891e-04,6.891e-04,)][eta: 9:39:19, time (data): 0.339 (0.038)]rfmnet: 6.9933e-05 l_total: 6.9933e-05 
2025-08-20 09:39:35,485 INFO: [faust..][epoch:  7, iter:  44,300, lr:(6.891e-04,6.891e-04,)][eta: 9:35:25, time (data): 0.460 (0.036)]rfmnet: 5.8679e-05 l_total: 5.8679e-05 
2025-08-20 09:40:23,844 INFO: [faust..][epoch:  7, iter:  44,400, lr:(6.891e-04,6.891e-04,)][eta: 9:31:34, time (data): 0.473 (0.036)]rfmnet: 6.2949e-05 l_total: 6.2949e-05 
2025-08-20 09:41:19,590 INFO: [faust..][epoch:  7, iter:  44,500, lr:(6.891e-04,6.891e-04,)][eta: 9:27:46, time (data): 0.576 (0.035)]rfmnet: 6.0628e-05 l_total: 6.0628e-05 
2025-08-20 09:42:05,765 INFO: [faust..][epoch:  7, iter:  44,600, lr:(6.891e-04,6.891e-04,)][eta: 9:23:56, time (data): 0.512 (0.037)]rfmnet: 5.6704e-05 l_total: 5.6704e-05 
2025-08-20 09:42:45,685 INFO: [faust..][epoch:  7, iter:  44,700, lr:(6.891e-04,6.891e-04,)][eta: 9:20:03, time (data): 0.375 (0.038)]rfmnet: 6.0567e-05 l_total: 6.0567e-05 
2025-08-20 09:43:24,176 INFO: [faust..][epoch:  7, iter:  44,800, lr:(6.891e-04,6.891e-04,)][eta: 9:16:11, time (data): 0.381 (0.037)]rfmnet: 4.7912e-05 l_total: 4.7912e-05 
2025-08-20 09:44:14,833 INFO: [faust..][epoch:  8, iter:  44,900, lr:(5.970e-04,5.970e-04,)][eta: 9:12:25, time (data): 0.540 (0.036)]rfmnet: 5.2688e-05 l_total: 5.2688e-05 
2025-08-20 09:45:08,437 INFO: [faust..][epoch:  8, iter:  45,000, lr:(5.970e-04,5.970e-04,)][eta: 9:08:41, time (data): 0.538 (0.036)]rfmnet: 5.6796e-05 l_total: 5.6796e-05 
2025-08-20 09:46:00,609 INFO: [faust..][epoch:  8, iter:  45,100, lr:(5.970e-04,5.970e-04,)][eta: 9:04:57, time (data): 0.525 (0.035)]rfmnet: 5.0030e-05 l_total: 5.0030e-05 
2025-08-20 09:47:01,089 INFO: [faust..][epoch:  8, iter:  45,200, lr:(5.970e-04,5.970e-04,)][eta: 9:01:17, time (data): 0.570 (0.037)]rfmnet: 4.6963e-05 l_total: 4.6963e-05 
2025-08-20 09:47:53,368 INFO: [faust..][epoch:  8, iter:  45,300, lr:(5.970e-04,5.970e-04,)][eta: 8:57:34, time (data): 0.487 (0.038)]rfmnet: 5.8070e-05 l_total: 5.8070e-05 
2025-08-20 09:48:41,666 INFO: [faust..][epoch:  8, iter:  45,400, lr:(5.970e-04,5.970e-04,)][eta: 8:53:51, time (data): 0.485 (0.037)]rfmnet: 5.2914e-05 l_total: 5.2914e-05 
2025-08-20 09:49:27,653 INFO: [faust..][epoch:  8, iter:  45,500, lr:(5.970e-04,5.970e-04,)][eta: 8:50:07, time (data): 0.421 (0.038)]rfmnet: 4.3513e-05 l_total: 4.3513e-05 
2025-08-20 09:50:03,009 INFO: [faust..][epoch:  8, iter:  45,600, lr:(5.970e-04,5.970e-04,)][eta: 8:46:20, time (data): 0.382 (0.037)]rfmnet: 4.6082e-05 l_total: 4.6082e-05 
2025-08-20 09:50:41,431 INFO: [faust..][epoch:  8, iter:  45,700, lr:(5.970e-04,5.970e-04,)][eta: 8:42:35, time (data): 0.384 (0.037)]rfmnet: 4.9522e-05 l_total: 4.9522e-05 
2025-08-20 09:51:18,863 INFO: [faust..][epoch:  8, iter:  45,800, lr:(5.970e-04,5.970e-04,)][eta: 8:38:51, time (data): 0.378 (0.037)]rfmnet: 4.9624e-05 l_total: 4.9624e-05 
2025-08-20 09:52:07,714 INFO: [faust..][epoch:  8, iter:  45,900, lr:(5.970e-04,5.970e-04,)][eta: 8:35:12, time (data): 0.482 (0.036)]rfmnet: 4.0221e-05 l_total: 4.0221e-05 
2025-08-20 09:53:00,825 INFO: [faust..][epoch:  8, iter:  46,000, lr:(5.970e-04,5.970e-04,)][eta: 8:31:35, time (data): 0.510 (0.036)]rfmnet: 4.8363e-05 l_total: 4.8363e-05 
2025-08-20 09:53:00,826 INFO: Saving models and training states.
2025-08-20 09:53:00,843 INFO: Start validation.
2025-08-20 09:57:33,625 INFO: Avg time: 0.3884
2025-08-20 09:57:33,808 INFO: Val auc: 0.5497
2025-08-20 09:57:33,813 INFO: Val avg error: 0.1071
2025-08-20 09:58:27,259 INFO: [faust..][epoch:  8, iter:  46,100, lr:(5.970e-04,5.970e-04,)][eta: 8:29:45, time (data): 0.554 (0.035)]rfmnet: 4.6021e-05 l_total: 4.6021e-05 
2025-08-20 09:59:26,370 INFO: [faust..][epoch:  8, iter:  46,200, lr:(5.970e-04,5.970e-04,)][eta: 8:26:11, time (data): 0.576 (0.036)]rfmnet: 4.4226e-05 l_total: 4.4226e-05 
2025-08-20 10:00:24,514 INFO: [faust..][epoch:  8, iter:  46,300, lr:(5.970e-04,5.970e-04,)][eta: 8:22:37, time (data): 0.541 (0.037)]rfmnet: 4.3496e-05 l_total: 4.3496e-05 
2025-08-20 10:01:15,760 INFO: [faust..][epoch:  8, iter:  46,400, lr:(5.970e-04,5.970e-04,)][eta: 8:19:02, time (data): 0.524 (0.037)]rfmnet: 4.1357e-05 l_total: 4.1357e-05 
2025-08-20 10:02:07,751 INFO: [faust..][epoch:  8, iter:  46,500, lr:(5.970e-04,5.970e-04,)][eta: 8:15:27, time (data): 0.551 (0.037)]rfmnet: 4.0078e-05 l_total: 4.0078e-05 
2025-08-20 10:03:01,810 INFO: [faust..][epoch:  8, iter:  46,600, lr:(5.970e-04,5.970e-04,)][eta: 8:11:54, time (data): 0.545 (0.036)]rfmnet: 3.6483e-05 l_total: 3.6483e-05 
2025-08-20 10:03:59,982 INFO: [faust..][epoch:  8, iter:  46,700, lr:(5.970e-04,5.970e-04,)][eta: 8:08:23, time (data): 0.602 (0.035)]rfmnet: 3.6801e-05 l_total: 3.6801e-05 
2025-08-20 10:04:59,890 INFO: [faust..][epoch:  8, iter:  46,800, lr:(5.970e-04,5.970e-04,)][eta: 8:04:53, time (data): 0.600 (0.035)]rfmnet: 3.5735e-05 l_total: 3.5735e-05 
2025-08-20 10:05:47,240 INFO: [faust..][epoch:  8, iter:  46,900, lr:(5.970e-04,5.970e-04,)][eta: 8:01:20, time (data): 0.469 (0.037)]rfmnet: 3.2107e-05 l_total: 3.2107e-05 
2025-08-20 10:06:36,939 INFO: [faust..][epoch:  8, iter:  47,000, lr:(5.970e-04,5.970e-04,)][eta: 7:57:48, time (data): 0.486 (0.038)]rfmnet: 3.5576e-05 l_total: 3.5576e-05 
2025-08-20 10:07:26,917 INFO: [faust..][epoch:  8, iter:  47,100, lr:(5.970e-04,5.970e-04,)][eta: 7:54:17, time (data): 0.516 (0.036)]rfmnet: 3.2606e-05 l_total: 3.2606e-05 
2025-08-20 10:08:21,405 INFO: [faust..][epoch:  8, iter:  47,200, lr:(5.970e-04,5.970e-04,)][eta: 7:50:48, time (data): 0.533 (0.036)]rfmnet: 3.6987e-05 l_total: 3.6987e-05 
2025-08-20 10:09:21,663 INFO: [faust..][epoch:  8, iter:  47,300, lr:(5.970e-04,5.970e-04,)][eta: 7:47:21, time (data): 0.620 (0.036)]rfmnet: 2.8511e-05 l_total: 2.8511e-05 
2025-08-20 10:10:24,134 INFO: [faust..][epoch:  8, iter:  47,400, lr:(5.970e-04,5.970e-04,)][eta: 7:43:56, time (data): 0.623 (0.036)]rfmnet: 3.1037e-05 l_total: 3.1037e-05 
2025-08-20 10:11:12,057 INFO: [faust..][epoch:  8, iter:  47,500, lr:(5.970e-04,5.970e-04,)][eta: 7:40:27, time (data): 0.432 (0.038)]rfmnet: 3.5459e-05 l_total: 3.5459e-05 
2025-08-20 10:12:01,857 INFO: [faust..][epoch:  8, iter:  47,600, lr:(5.970e-04,5.970e-04,)][eta: 7:36:59, time (data): 0.472 (0.038)]rfmnet: 3.4238e-05 l_total: 3.4238e-05 
2025-08-20 10:12:47,818 INFO: [faust..][epoch:  8, iter:  47,700, lr:(5.970e-04,5.970e-04,)][eta: 7:33:31, time (data): 0.506 (0.035)]rfmnet: 3.3871e-05 l_total: 3.3871e-05 
2025-08-20 10:13:36,521 INFO: [faust..][epoch:  8, iter:  47,800, lr:(5.970e-04,5.970e-04,)][eta: 7:30:04, time (data): 0.494 (0.035)]rfmnet: 3.1231e-05 l_total: 3.1231e-05 
2025-08-20 10:14:31,259 INFO: [faust..][epoch:  8, iter:  47,900, lr:(5.970e-04,5.970e-04,)][eta: 7:26:39, time (data): 0.546 (0.036)]rfmnet: 3.0098e-05 l_total: 3.0098e-05 
2025-08-20 10:15:24,968 INFO: [faust..][epoch:  8, iter:  48,000, lr:(5.970e-04,5.970e-04,)][eta: 7:23:15, time (data): 0.541 (0.036)]rfmnet: 2.9032e-05 l_total: 2.9032e-05 
2025-08-20 10:15:24,969 INFO: Saving models and training states.
2025-08-20 10:15:24,989 INFO: Start validation.
2025-08-20 10:19:54,175 INFO: Avg time: 0.2283
2025-08-20 10:19:54,330 INFO: Val auc: 0.5362
2025-08-20 10:19:54,334 INFO: Val avg error: 0.1165
2025-08-20 10:20:37,682 INFO: [faust..][epoch:  8, iter:  48,100, lr:(5.970e-04,5.970e-04,)][eta: 7:21:17, time (data): 0.426 (0.039)]rfmnet: 3.0603e-05 l_total: 3.0603e-05 
2025-08-20 10:21:21,936 INFO: [faust..][epoch:  8, iter:  48,200, lr:(5.970e-04,5.970e-04,)][eta: 7:17:51, time (data): 0.436 (0.038)]rfmnet: 2.8695e-05 l_total: 2.8695e-05 
2025-08-20 10:22:12,125 INFO: [faust..][epoch:  8, iter:  48,300, lr:(5.970e-04,5.970e-04,)][eta: 7:14:27, time (data): 0.529 (0.039)]rfmnet: 2.4846e-05 l_total: 2.4846e-05 
2025-08-20 10:23:06,024 INFO: [faust..][epoch:  8, iter:  48,400, lr:(5.970e-04,5.970e-04,)][eta: 7:11:05, time (data): 0.535 (0.037)]rfmnet: 2.4691e-05 l_total: 2.4691e-05 
2025-08-20 10:24:00,701 INFO: [faust..][epoch:  8, iter:  48,500, lr:(5.970e-04,5.970e-04,)][eta: 7:07:43, time (data): 0.525 (0.037)]rfmnet: 3.1628e-05 l_total: 3.1628e-05 
2025-08-20 10:24:49,744 INFO: [faust..][epoch:  8, iter:  48,600, lr:(5.970e-04,5.970e-04,)][eta: 7:04:21, time (data): 0.503 (0.037)]rfmnet: 2.5607e-05 l_total: 2.5607e-05 
2025-08-20 10:25:42,833 INFO: [faust..][epoch:  8, iter:  48,700, lr:(5.970e-04,5.970e-04,)][eta: 7:01:00, time (data): 0.584 (0.038)]rfmnet: 2.7820e-05 l_total: 2.7820e-05 
2025-08-20 10:26:30,913 INFO: [faust..][epoch:  8, iter:  48,800, lr:(5.970e-04,5.970e-04,)][eta: 6:57:39, time (data): 0.519 (0.038)]rfmnet: 2.6628e-05 l_total: 2.6628e-05 
2025-08-20 10:27:22,718 INFO: [faust..][epoch:  8, iter:  48,900, lr:(5.970e-04,5.970e-04,)][eta: 6:54:19, time (data): 0.496 (0.035)]rfmnet: 2.5649e-05 l_total: 2.5649e-05 
2025-08-20 10:28:16,760 INFO: [faust..][epoch:  8, iter:  49,000, lr:(5.970e-04,5.970e-04,)][eta: 6:51:00, time (data): 0.524 (0.036)]rfmnet: 2.2197e-05 l_total: 2.2197e-05 
2025-08-20 10:29:10,893 INFO: [faust..][epoch:  8, iter:  49,100, lr:(5.970e-04,5.970e-04,)][eta: 6:47:42, time (data): 0.576 (0.035)]rfmnet: 2.6294e-05 l_total: 2.6294e-05 
2025-08-20 10:29:59,005 INFO: [faust..][epoch:  8, iter:  49,200, lr:(5.970e-04,5.970e-04,)][eta: 6:44:23, time (data): 0.515 (0.036)]rfmnet: 2.4950e-05 l_total: 2.4950e-05 
2025-08-20 10:30:45,901 INFO: [faust..][epoch:  8, iter:  49,300, lr:(5.970e-04,5.970e-04,)][eta: 6:41:04, time (data): 0.476 (0.038)]rfmnet: 2.1155e-05 l_total: 2.1155e-05 
2025-08-20 10:31:38,155 INFO: [faust..][epoch:  8, iter:  49,400, lr:(5.970e-04,5.970e-04,)][eta: 6:37:48, time (data): 0.506 (0.037)]rfmnet: 2.0439e-05 l_total: 2.0439e-05 
2025-08-20 10:32:33,208 INFO: [faust..][epoch:  8, iter:  49,500, lr:(5.970e-04,5.970e-04,)][eta: 6:34:32, time (data): 0.564 (0.036)]rfmnet: 2.0456e-05 l_total: 2.0456e-05 
2025-08-20 10:33:35,358 INFO: [faust..][epoch:  8, iter:  49,600, lr:(5.970e-04,5.970e-04,)][eta: 6:31:20, time (data): 0.601 (0.036)]rfmnet: 1.8908e-05 l_total: 1.8908e-05 
2025-08-20 10:34:16,410 INFO: [faust..][epoch:  8, iter:  49,700, lr:(5.970e-04,5.970e-04,)][eta: 6:28:02, time (data): 0.443 (0.036)]rfmnet: 1.7575e-05 l_total: 1.7575e-05 
2025-08-20 10:34:58,407 INFO: [faust..][epoch:  8, iter:  49,800, lr:(5.970e-04,5.970e-04,)][eta: 6:24:44, time (data): 0.428 (0.037)]rfmnet: 1.8714e-05 l_total: 1.8714e-05 
2025-08-20 10:35:33,483 INFO: [faust..][epoch:  8, iter:  49,900, lr:(5.970e-04,5.970e-04,)][eta: 6:21:26, time (data): 0.371 (0.036)]rfmnet: 1.9546e-05 l_total: 1.9546e-05 
2025-08-20 10:36:20,535 INFO: [faust..][epoch:  8, iter:  50,000, lr:(5.970e-04,5.970e-04,)][eta: 6:18:11, time (data): 0.437 (0.036)]rfmnet: 1.6440e-05 l_total: 1.6440e-05 
2025-08-20 10:36:20,536 INFO: Saving models and training states.
2025-08-20 10:36:20,557 INFO: Start validation.
2025-08-20 10:40:30,984 INFO: Avg time: 0.2167
2025-08-20 10:40:31,156 INFO: Val auc: 0.5568
2025-08-20 10:40:31,161 INFO: Val avg error: 0.1029
2025-08-20 10:41:03,830 INFO: [faust..][epoch:  8, iter:  50,100, lr:(5.970e-04,5.970e-04,)][eta: 6:16:03, time (data): 0.286 (0.037)]rfmnet: 2.0211e-05 l_total: 2.0211e-05 
2025-08-20 10:41:37,031 INFO: [faust..][epoch:  8, iter:  50,200, lr:(5.970e-04,5.970e-04,)][eta: 6:12:45, time (data): 0.316 (0.037)]rfmnet: 1.5959e-05 l_total: 1.5959e-05 
2025-08-20 10:42:11,691 INFO: [faust..][epoch:  8, iter:  50,300, lr:(5.970e-04,5.970e-04,)][eta: 6:09:28, time (data): 0.350 (0.037)]rfmnet: 1.7081e-05 l_total: 1.7081e-05 
2025-08-20 10:42:47,409 INFO: [faust..][epoch:  8, iter:  50,400, lr:(5.970e-04,5.970e-04,)][eta: 6:06:12, time (data): 0.355 (0.037)]rfmnet: 1.6767e-05 l_total: 1.6767e-05 
2025-08-20 10:43:35,956 INFO: [faust..][epoch:  8, iter:  50,500, lr:(5.970e-04,5.970e-04,)][eta: 6:03:00, time (data): 0.483 (0.036)]rfmnet: 1.5137e-05 l_total: 1.5137e-05 
2025-08-20 10:44:25,584 INFO: [faust..][epoch:  8, iter:  50,600, lr:(5.970e-04,5.970e-04,)][eta: 5:59:50, time (data): 0.492 (0.036)]rfmnet: 1.3269e-05 l_total: 1.3269e-05 
2025-08-20 10:45:20,582 INFO: [faust..][epoch:  8, iter:  50,700, lr:(5.970e-04,5.970e-04,)][eta: 5:56:41, time (data): 0.534 (0.036)]rfmnet: 1.4553e-05 l_total: 1.4553e-05 
2025-08-20 10:46:08,843 INFO: [faust..][epoch:  8, iter:  50,800, lr:(5.970e-04,5.970e-04,)][eta: 5:53:30, time (data): 0.499 (0.036)]rfmnet: 1.4987e-05 l_total: 1.4987e-05 
2025-08-20 10:46:44,732 INFO: [faust..][epoch:  8, iter:  50,900, lr:(5.970e-04,5.970e-04,)][eta: 5:50:18, time (data): 0.366 (0.037)]rfmnet: 1.4061e-05 l_total: 1.4061e-05 
2025-08-20 10:47:25,188 INFO: [faust..][epoch:  8, iter:  51,000, lr:(5.970e-04,5.970e-04,)][eta: 5:47:06, time (data): 0.392 (0.037)]rfmnet: 1.4323e-05 l_total: 1.4323e-05 
2025-08-20 10:48:09,789 INFO: [faust..][epoch:  8, iter:  51,100, lr:(5.970e-04,5.970e-04,)][eta: 5:43:57, time (data): 0.440 (0.036)]rfmnet: 1.3784e-05 l_total: 1.3784e-05 
2025-08-20 10:48:58,190 INFO: [faust..][epoch:  8, iter:  51,200, lr:(5.970e-04,5.970e-04,)][eta: 5:40:49, time (data): 0.470 (0.035)]rfmnet: 1.1774e-05 l_total: 1.1774e-05 
2025-08-20 10:49:47,918 INFO: [faust..][epoch:  9, iter:  51,300, lr:(5.030e-04,5.030e-04,)][eta: 5:37:42, time (data): 0.504 (0.035)]rfmnet: 1.4787e-05 l_total: 1.4787e-05 
2025-08-20 10:50:33,600 INFO: [faust..][epoch:  9, iter:  51,400, lr:(5.030e-04,5.030e-04,)][eta: 5:34:35, time (data): 0.472 (0.036)]rfmnet: 1.3740e-05 l_total: 1.3740e-05 
2025-08-20 10:51:14,117 INFO: [faust..][epoch:  9, iter:  51,500, lr:(5.030e-04,5.030e-04,)][eta: 5:31:27, time (data): 0.428 (0.038)]rfmnet: 1.3438e-05 l_total: 1.3438e-05 
2025-08-20 10:51:53,344 INFO: [faust..][epoch:  9, iter:  51,600, lr:(5.030e-04,5.030e-04,)][eta: 5:28:19, time (data): 0.403 (0.036)]rfmnet: 1.2483e-05 l_total: 1.2483e-05 
2025-08-20 10:52:40,434 INFO: [faust..][epoch:  9, iter:  51,700, lr:(5.030e-04,5.030e-04,)][eta: 5:25:13, time (data): 0.417 (0.038)]rfmnet: 1.2925e-05 l_total: 1.2925e-05 
2025-08-20 10:53:26,897 INFO: [faust..][epoch:  9, iter:  51,800, lr:(5.030e-04,5.030e-04,)][eta: 5:22:08, time (data): 0.450 (0.037)]rfmnet: 1.3948e-05 l_total: 1.3948e-05 
2025-08-20 10:54:15,414 INFO: [faust..][epoch:  9, iter:  51,900, lr:(5.030e-04,5.030e-04,)][eta: 5:19:04, time (data): 0.461 (0.034)]rfmnet: 1.0055e-05 l_total: 1.0055e-05 
2025-08-20 10:54:46,093 INFO: [faust..][epoch:  9, iter:  52,000, lr:(5.030e-04,5.030e-04,)][eta: 5:15:56, time (data): 0.352 (0.034)]rfmnet: 1.0126e-05 l_total: 1.0126e-05 
2025-08-20 10:54:46,093 INFO: Saving models and training states.
2025-08-20 10:54:46,120 INFO: Start validation.
2025-08-20 10:58:54,255 INFO: Avg time: 0.2114
2025-08-20 10:58:54,475 INFO: Val auc: 0.5655
2025-08-20 10:58:54,478 INFO: Val avg error: 0.0959
2025-08-20 10:59:34,623 INFO: [faust..][epoch:  9, iter:  52,100, lr:(5.030e-04,5.030e-04,)][eta: 5:13:48, time (data): 0.403 (0.039)]rfmnet: 1.1089e-05 l_total: 1.1089e-05 
2025-08-20 11:00:20,818 INFO: [faust..][epoch:  9, iter:  52,200, lr:(5.030e-04,5.030e-04,)][eta: 5:10:45, time (data): 0.445 (0.039)]rfmnet: 1.1139e-05 l_total: 1.1139e-05 
2025-08-20 11:01:10,834 INFO: [faust..][epoch:  9, iter:  52,300, lr:(5.030e-04,5.030e-04,)][eta: 5:07:42, time (data): 0.554 (0.037)]rfmnet: 1.1149e-05 l_total: 1.1149e-05 
2025-08-20 11:02:01,440 INFO: [faust..][epoch:  9, iter:  52,400, lr:(5.030e-04,5.030e-04,)][eta: 5:04:41, time (data): 0.520 (0.037)]rfmnet: 1.0814e-05 l_total: 1.0814e-05 
2025-08-20 11:02:52,319 INFO: [faust..][epoch:  9, iter:  52,500, lr:(5.030e-04,5.030e-04,)][eta: 5:01:40, time (data): 0.418 (0.039)]rfmnet: 1.0098e-05 l_total: 1.0098e-05 
2025-08-20 11:03:31,276 INFO: [faust..][epoch:  9, iter:  52,600, lr:(5.030e-04,5.030e-04,)][eta: 4:58:37, time (data): 0.398 (0.039)]rfmnet: 8.5250e-06 l_total: 8.5250e-06 
2025-08-20 11:04:09,919 INFO: [faust..][epoch:  9, iter:  52,700, lr:(5.030e-04,5.030e-04,)][eta: 4:55:34, time (data): 0.375 (0.038)]rfmnet: 1.1907e-05 l_total: 1.1907e-05 
2025-08-20 11:04:53,444 INFO: [faust..][epoch:  9, iter:  52,800, lr:(5.030e-04,5.030e-04,)][eta: 4:52:33, time (data): 0.419 (0.038)]rfmnet: 1.0307e-05 l_total: 1.0307e-05 
2025-08-20 11:05:44,138 INFO: [faust..][epoch:  9, iter:  52,900, lr:(5.030e-04,5.030e-04,)][eta: 4:49:34, time (data): 0.556 (0.035)]rfmnet: 1.0465e-05 l_total: 1.0465e-05 
2025-08-20 11:06:43,008 INFO: [faust..][epoch:  9, iter:  53,000, lr:(5.030e-04,5.030e-04,)][eta: 4:46:37, time (data): 0.580 (0.035)]rfmnet: 1.1948e-05 l_total: 1.1948e-05 
2025-08-20 11:07:38,810 INFO: [faust..][epoch:  9, iter:  53,100, lr:(5.030e-04,5.030e-04,)][eta: 4:43:40, time (data): 0.562 (0.038)]rfmnet: 1.1779e-05 l_total: 1.1779e-05 
2025-08-20 11:08:32,967 INFO: [faust..][epoch:  9, iter:  53,200, lr:(5.030e-04,5.030e-04,)][eta: 4:40:44, time (data): 0.547 (0.038)]rfmnet: 1.0354e-05 l_total: 1.0354e-05 
2025-08-20 11:09:21,471 INFO: [faust..][epoch:  9, iter:  53,300, lr:(5.030e-04,5.030e-04,)][eta: 4:37:46, time (data): 0.459 (0.037)]rfmnet: 9.6774e-06 l_total: 9.6774e-06 
2025-08-20 11:10:15,862 INFO: [faust..][epoch:  9, iter:  53,400, lr:(5.030e-04,5.030e-04,)][eta: 4:34:50, time (data): 0.522 (0.036)]rfmnet: 1.0552e-05 l_total: 1.0552e-05 
2025-08-20 11:11:11,805 INFO: [faust..][epoch:  9, iter:  53,500, lr:(5.030e-04,5.030e-04,)][eta: 4:31:55, time (data): 0.579 (0.035)]rfmnet: 8.7270e-06 l_total: 8.7270e-06 
2025-08-20 11:12:09,689 INFO: [faust..][epoch:  9, iter:  53,600, lr:(5.030e-04,5.030e-04,)][eta: 4:29:01, time (data): 0.579 (0.036)]rfmnet: 8.6526e-06 l_total: 8.6526e-06 
2025-08-20 11:12:58,137 INFO: [faust..][epoch:  9, iter:  53,700, lr:(5.030e-04,5.030e-04,)][eta: 4:26:05, time (data): 0.469 (0.038)]rfmnet: 9.0296e-06 l_total: 9.0296e-06 
2025-08-20 11:13:46,753 INFO: [faust..][epoch:  9, iter:  53,800, lr:(5.030e-04,5.030e-04,)][eta: 4:23:10, time (data): 0.482 (0.039)]rfmnet: 1.0495e-05 l_total: 1.0495e-05 
2025-08-20 11:14:34,689 INFO: [faust..][epoch:  9, iter:  53,900, lr:(5.030e-04,5.030e-04,)][eta: 4:20:15, time (data): 0.497 (0.037)]rfmnet: 7.9542e-06 l_total: 7.9542e-06 
2025-08-20 11:15:32,339 INFO: [faust..][epoch:  9, iter:  54,000, lr:(5.030e-04,5.030e-04,)][eta: 4:17:22, time (data): 0.557 (0.036)]rfmnet: 8.6864e-06 l_total: 8.6864e-06 
2025-08-20 11:15:32,339 INFO: Saving models and training states.
2025-08-20 11:15:32,355 INFO: Start validation.
2025-08-20 11:20:04,483 INFO: Avg time: 0.2408
2025-08-20 11:20:04,657 INFO: Val auc: 0.5731
2025-08-20 11:20:04,662 INFO: Val avg error: 0.0949
2025-08-20 11:21:02,810 INFO: [faust..][epoch:  9, iter:  54,100, lr:(5.030e-04,5.030e-04,)][eta: 4:15:20, time (data): 0.579 (0.035)]rfmnet: 7.1929e-06 l_total: 7.1929e-06 
2025-08-20 11:22:01,207 INFO: [faust..][epoch:  9, iter:  54,200, lr:(5.030e-04,5.030e-04,)][eta: 4:12:28, time (data): 0.583 (0.036)]rfmnet: 8.0545e-06 l_total: 8.0545e-06 
2025-08-20 11:22:49,472 INFO: [faust..][epoch:  9, iter:  54,300, lr:(5.030e-04,5.030e-04,)][eta: 4:09:34, time (data): 0.406 (0.036)]rfmnet: 7.6965e-06 l_total: 7.6965e-06 
2025-08-20 11:23:40,659 INFO: [faust..][epoch:  9, iter:  54,400, lr:(5.030e-04,5.030e-04,)][eta: 4:06:42, time (data): 0.487 (0.038)]rfmnet: 6.9918e-06 l_total: 6.9918e-06 
2025-08-20 11:24:34,359 INFO: [faust..][epoch:  9, iter:  54,500, lr:(5.030e-04,5.030e-04,)][eta: 4:03:50, time (data): 0.538 (0.036)]rfmnet: 7.6235e-06 l_total: 7.6235e-06 
2025-08-20 11:25:30,439 INFO: [faust..][epoch:  9, iter:  54,600, lr:(5.030e-04,5.030e-04,)][eta: 4:00:59, time (data): 0.556 (0.037)]rfmnet: 7.1400e-06 l_total: 7.1400e-06 
2025-08-20 11:26:28,884 INFO: [faust..][epoch:  9, iter:  54,700, lr:(5.030e-04,5.030e-04,)][eta: 3:58:09, time (data): 0.554 (0.035)]rfmnet: 6.8373e-06 l_total: 6.8373e-06 
2025-08-20 11:27:14,075 INFO: [faust..][epoch:  9, iter:  54,800, lr:(5.030e-04,5.030e-04,)][eta: 3:55:17, time (data): 0.474 (0.037)]rfmnet: 6.8759e-06 l_total: 6.8759e-06 
2025-08-20 11:28:03,198 INFO: [faust..][epoch:  9, iter:  54,900, lr:(5.030e-04,5.030e-04,)][eta: 3:52:26, time (data): 0.603 (0.039)]rfmnet: 7.7823e-06 l_total: 7.7823e-06 
2025-08-20 11:28:59,202 INFO: [faust..][epoch:  9, iter:  55,000, lr:(5.030e-04,5.030e-04,)][eta: 3:49:37, time (data): 0.569 (0.040)]rfmnet: 6.8510e-06 l_total: 6.8510e-06 
2025-08-20 11:29:50,374 INFO: [faust..][epoch:  9, iter:  55,100, lr:(5.030e-04,5.030e-04,)][eta: 3:46:48, time (data): 0.636 (0.039)]rfmnet: 6.6782e-06 l_total: 6.6782e-06 
2025-08-20 11:30:39,837 INFO: [faust..][epoch:  9, iter:  55,200, lr:(5.030e-04,5.030e-04,)][eta: 3:43:58, time (data): 0.524 (0.039)]rfmnet: 7.0368e-06 l_total: 7.0368e-06 
2025-08-20 11:31:26,279 INFO: [faust..][epoch:  9, iter:  55,300, lr:(5.030e-04,5.030e-04,)][eta: 3:41:09, time (data): 0.447 (0.040)]rfmnet: 7.7512e-06 l_total: 7.7512e-06 
2025-08-20 11:32:18,852 INFO: [faust..][epoch:  9, iter:  55,400, lr:(5.030e-04,5.030e-04,)][eta: 3:38:21, time (data): 0.510 (0.039)]rfmnet: 5.8003e-06 l_total: 5.8003e-06 
2025-08-20 11:33:08,462 INFO: [faust..][epoch:  9, iter:  55,500, lr:(5.030e-04,5.030e-04,)][eta: 3:35:33, time (data): 0.535 (0.037)]rfmnet: 5.8546e-06 l_total: 5.8546e-06 
2025-08-20 11:33:59,011 INFO: [faust..][epoch:  9, iter:  55,600, lr:(5.030e-04,5.030e-04,)][eta: 3:32:45, time (data): 0.511 (0.036)]rfmnet: 6.0107e-06 l_total: 6.0107e-06 
2025-08-20 11:34:55,225 INFO: [faust..][epoch:  9, iter:  55,700, lr:(5.030e-04,5.030e-04,)][eta: 3:29:59, time (data): 0.578 (0.036)]rfmnet: 6.2945e-06 l_total: 6.2945e-06 
2025-08-20 11:35:54,429 INFO: [faust..][epoch:  9, iter:  55,800, lr:(5.030e-04,5.030e-04,)][eta: 3:27:13, time (data): 0.589 (0.036)]rfmnet: 6.1306e-06 l_total: 6.1306e-06 
2025-08-20 11:36:43,778 INFO: [faust..][epoch:  9, iter:  55,900, lr:(5.030e-04,5.030e-04,)][eta: 3:24:27, time (data): 0.470 (0.037)]rfmnet: 6.9238e-06 l_total: 6.9238e-06 
2025-08-20 11:37:34,947 INFO: [faust..][epoch:  9, iter:  56,000, lr:(5.030e-04,5.030e-04,)][eta: 3:21:41, time (data): 0.504 (0.039)]rfmnet: 5.2459e-06 l_total: 5.2459e-06 
2025-08-20 11:37:34,947 INFO: Saving models and training states.
2025-08-20 11:37:34,977 INFO: Start validation.
2025-08-20 11:42:03,030 INFO: Avg time: 0.3812
2025-08-20 11:42:03,213 INFO: Val auc: 0.5714
2025-08-20 11:42:03,218 INFO: Val avg error: 0.0953
2025-08-20 11:42:56,288 INFO: [faust..][epoch:  9, iter:  56,100, lr:(5.030e-04,5.030e-04,)][eta: 3:19:34, time (data): 0.556 (0.037)]rfmnet: 5.9490e-06 l_total: 5.9490e-06 
2025-08-20 11:43:48,639 INFO: [faust..][epoch:  9, iter:  56,200, lr:(5.030e-04,5.030e-04,)][eta: 3:16:48, time (data): 0.529 (0.037)]rfmnet: 5.8614e-06 l_total: 5.8614e-06 
2025-08-20 11:44:42,728 INFO: [faust..][epoch:  9, iter:  56,300, lr:(5.030e-04,5.030e-04,)][eta: 3:14:04, time (data): 0.573 (0.037)]rfmnet: 5.9658e-06 l_total: 5.9658e-06 
2025-08-20 11:45:38,009 INFO: [faust..][epoch:  9, iter:  56,400, lr:(5.030e-04,5.030e-04,)][eta: 3:11:20, time (data): 0.556 (0.037)]rfmnet: 3.9107e-06 l_total: 3.9107e-06 
2025-08-20 11:46:27,433 INFO: [faust..][epoch:  9, iter:  56,500, lr:(5.030e-04,5.030e-04,)][eta: 3:08:35, time (data): 0.448 (0.039)]rfmnet: 4.9937e-06 l_total: 4.9937e-06 
2025-08-20 11:47:20,633 INFO: [faust..][epoch:  9, iter:  56,600, lr:(5.030e-04,5.030e-04,)][eta: 3:05:51, time (data): 0.519 (0.038)]rfmnet: 5.7079e-06 l_total: 5.7079e-06 
2025-08-20 11:48:14,064 INFO: [faust..][epoch:  9, iter:  56,700, lr:(5.030e-04,5.030e-04,)][eta: 3:03:08, time (data): 0.513 (0.037)]rfmnet: 5.0773e-06 l_total: 5.0773e-06 
2025-08-20 11:49:09,016 INFO: [faust..][epoch:  9, iter:  56,800, lr:(5.030e-04,5.030e-04,)][eta: 3:00:25, time (data): 0.544 (0.036)]rfmnet: 4.8109e-06 l_total: 4.8109e-06 
2025-08-20 11:50:07,187 INFO: [faust..][epoch:  9, iter:  56,900, lr:(5.030e-04,5.030e-04,)][eta: 2:57:44, time (data): 0.620 (0.034)]rfmnet: 5.4459e-06 l_total: 5.4459e-06 
2025-08-20 11:51:01,231 INFO: [faust..][epoch:  9, iter:  57,000, lr:(5.030e-04,5.030e-04,)][eta: 2:55:01, time (data): 0.552 (0.037)]rfmnet: 5.3762e-06 l_total: 5.3762e-06 
2025-08-20 11:51:43,920 INFO: [faust..][epoch:  9, iter:  57,100, lr:(5.030e-04,5.030e-04,)][eta: 2:52:18, time (data): 0.471 (0.038)]rfmnet: 4.7454e-06 l_total: 4.7454e-06 
2025-08-20 11:52:32,943 INFO: [faust..][epoch:  9, iter:  57,200, lr:(5.030e-04,5.030e-04,)][eta: 2:49:37, time (data): 0.488 (0.037)]rfmnet: 4.1609e-06 l_total: 4.1609e-06 
2025-08-20 11:53:28,028 INFO: [faust..][epoch:  9, iter:  57,300, lr:(5.030e-04,5.030e-04,)][eta: 2:46:56, time (data): 0.514 (0.037)]rfmnet: 4.2963e-06 l_total: 4.2963e-06 
2025-08-20 11:54:26,890 INFO: [faust..][epoch:  9, iter:  57,400, lr:(5.030e-04,5.030e-04,)][eta: 2:44:16, time (data): 0.579 (0.037)]rfmnet: 4.3445e-06 l_total: 4.3445e-06 
2025-08-20 11:55:23,361 INFO: [faust..][epoch:  9, iter:  57,500, lr:(5.030e-04,5.030e-04,)][eta: 2:41:36, time (data): 0.556 (0.038)]rfmnet: 3.9315e-06 l_total: 3.9315e-06 
2025-08-20 11:55:56,633 INFO: [faust..][epoch:  9, iter:  57,600, lr:(5.030e-04,5.030e-04,)][eta: 2:38:54, time (data): 0.360 (0.037)]rfmnet: 4.7359e-06 l_total: 4.7359e-06 
2025-08-20 11:56:34,526 INFO: [faust..][epoch: 10, iter:  57,700, lr:(4.109e-04,4.109e-04,)][eta: 2:36:13, time (data): 0.318 (0.038)]rfmnet: 4.3018e-06 l_total: 4.3018e-06 
2025-08-20 11:57:14,477 INFO: [faust..][epoch: 10, iter:  57,800, lr:(4.109e-04,4.109e-04,)][eta: 2:33:32, time (data): 0.390 (0.036)]rfmnet: 3.9395e-06 l_total: 3.9395e-06 
2025-08-20 11:57:58,007 INFO: [faust..][epoch: 10, iter:  57,900, lr:(4.109e-04,4.109e-04,)][eta: 2:30:53, time (data): 0.437 (0.035)]rfmnet: 4.0993e-06 l_total: 4.0993e-06 
2025-08-20 11:58:48,361 INFO: [faust..][epoch: 10, iter:  58,000, lr:(4.109e-04,4.109e-04,)][eta: 2:28:14, time (data): 0.496 (0.036)]rfmnet: 4.4412e-06 l_total: 4.4412e-06 
2025-08-20 11:58:48,362 INFO: Saving models and training states.
2025-08-20 11:58:48,381 INFO: Start validation.
2025-08-20 12:02:47,808 INFO: Avg time: 0.3787
2025-08-20 12:02:47,992 INFO: Val auc: 0.5836
2025-08-20 12:02:47,997 INFO: Val avg error: 0.0894
2025-08-20 12:03:40,638 INFO: [faust..][epoch: 10, iter:  58,100, lr:(4.109e-04,4.109e-04,)][eta: 2:26:00, time (data): 0.575 (0.036)]rfmnet: 3.9568e-06 l_total: 3.9568e-06 
2025-08-20 12:04:18,764 INFO: [faust..][epoch: 10, iter:  58,200, lr:(4.109e-04,4.109e-04,)][eta: 2:23:21, time (data): 0.400 (0.038)]rfmnet: 4.1880e-06 l_total: 4.1880e-06 
2025-08-20 12:04:59,788 INFO: [faust..][epoch: 10, iter:  58,300, lr:(4.109e-04,4.109e-04,)][eta: 2:20:42, time (data): 0.450 (0.038)]rfmnet: 3.6298e-06 l_total: 3.6298e-06 
2025-08-20 12:05:32,758 INFO: [faust..][epoch: 10, iter:  58,400, lr:(4.109e-04,4.109e-04,)][eta: 2:18:03, time (data): 0.341 (0.037)]rfmnet: 3.2554e-06 l_total: 3.2554e-06 
2025-08-20 12:06:17,437 INFO: [faust..][epoch: 10, iter:  58,500, lr:(4.109e-04,4.109e-04,)][eta: 2:15:25, time (data): 0.372 (0.039)]rfmnet: 5.3177e-06 l_total: 5.3177e-06 
2025-08-20 12:07:06,940 INFO: [faust..][epoch: 10, iter:  58,600, lr:(4.109e-04,4.109e-04,)][eta: 2:12:48, time (data): 0.485 (0.036)]rfmnet: 4.1627e-06 l_total: 4.1627e-06 
2025-08-20 12:07:57,899 INFO: [faust..][epoch: 10, iter:  58,700, lr:(4.109e-04,4.109e-04,)][eta: 2:10:12, time (data): 0.442 (0.034)]rfmnet: 3.4473e-06 l_total: 3.4473e-06 
2025-08-20 12:08:34,200 INFO: [faust..][epoch: 10, iter:  58,800, lr:(4.109e-04,4.109e-04,)][eta: 2:07:35, time (data): 0.369 (0.036)]rfmnet: 3.7536e-06 l_total: 3.7536e-06 
2025-08-20 12:09:12,726 INFO: [faust..][epoch: 10, iter:  58,900, lr:(4.109e-04,4.109e-04,)][eta: 2:04:58, time (data): 0.231 (0.038)]rfmnet: 3.3031e-06 l_total: 3.3031e-06 
2025-08-20 12:09:50,386 INFO: [faust..][epoch: 10, iter:  59,000, lr:(4.109e-04,4.109e-04,)][eta: 2:02:22, time (data): 0.367 (0.036)]rfmnet: 4.3997e-06 l_total: 4.3997e-06 
2025-08-20 12:10:34,219 INFO: [faust..][epoch: 10, iter:  59,100, lr:(4.109e-04,4.109e-04,)][eta: 1:59:46, time (data): 0.490 (0.038)]rfmnet: 2.9816e-06 l_total: 2.9816e-06 
2025-08-20 12:11:24,470 INFO: [faust..][epoch: 10, iter:  59,200, lr:(4.109e-04,4.109e-04,)][eta: 1:57:12, time (data): 0.502 (0.036)]rfmnet: 3.5069e-06 l_total: 3.5069e-06 
2025-08-20 12:12:19,439 INFO: [faust..][epoch: 10, iter:  59,300, lr:(4.109e-04,4.109e-04,)][eta: 1:54:38, time (data): 0.546 (0.036)]rfmnet: 3.3159e-06 l_total: 3.3159e-06 
2025-08-20 12:13:00,570 INFO: [faust..][epoch: 10, iter:  59,400, lr:(4.109e-04,4.109e-04,)][eta: 1:52:04, time (data): 0.418 (0.037)]rfmnet: 3.0010e-06 l_total: 3.0010e-06 
2025-08-20 12:13:35,884 INFO: [faust..][epoch: 10, iter:  59,500, lr:(4.109e-04,4.109e-04,)][eta: 1:49:29, time (data): 0.732 (0.040)]rfmnet: 3.5810e-06 l_total: 3.5810e-06 
2025-08-20 12:14:11,938 INFO: [faust..][epoch: 10, iter:  59,600, lr:(4.109e-04,4.109e-04,)][eta: 1:46:55, time (data): 0.375 (0.039)]rfmnet: 2.3723e-06 l_total: 2.3723e-06 
2025-08-20 12:15:01,047 INFO: [faust..][epoch: 10, iter:  59,700, lr:(4.109e-04,4.109e-04,)][eta: 1:44:22, time (data): 0.536 (0.038)]rfmnet: 3.0600e-06 l_total: 3.0600e-06 
2025-08-20 12:15:51,478 INFO: [faust..][epoch: 10, iter:  59,800, lr:(4.109e-04,4.109e-04,)][eta: 1:41:50, time (data): 0.505 (0.036)]rfmnet: 2.7466e-06 l_total: 2.7466e-06 
2025-08-20 12:16:42,788 INFO: [faust..][epoch: 10, iter:  59,900, lr:(4.109e-04,4.109e-04,)][eta: 1:39:18, time (data): 0.196 (0.034)]rfmnet: 3.1785e-06 l_total: 3.1785e-06 
2025-08-20 12:17:24,085 INFO: [faust..][epoch: 10, iter:  60,000, lr:(4.109e-04,4.109e-04,)][eta: 1:36:45, time (data): 0.409 (0.038)]rfmnet: 2.9137e-06 l_total: 2.9137e-06 
2025-08-20 12:17:24,085 INFO: Saving models and training states.
2025-08-20 12:17:24,110 INFO: Start validation.
2025-08-20 12:21:33,467 INFO: Avg time: 0.1733
2025-08-20 12:21:33,652 INFO: Val auc: 0.5861
2025-08-20 12:21:33,655 INFO: Val avg error: 0.0859
2025-08-20 12:22:23,582 INFO: [faust..][epoch: 10, iter:  60,100, lr:(4.109e-04,4.109e-04,)][eta: 1:34:30, time (data): 0.518 (0.038)]rfmnet: 3.2383e-06 l_total: 3.2383e-06 
2025-08-20 12:23:15,082 INFO: [faust..][epoch: 10, iter:  60,200, lr:(4.109e-04,4.109e-04,)][eta: 1:31:59, time (data): 0.515 (0.036)]rfmnet: 2.9544e-06 l_total: 2.9544e-06 
2025-08-20 12:24:03,273 INFO: [faust..][epoch: 10, iter:  60,300, lr:(4.109e-04,4.109e-04,)][eta: 1:29:28, time (data): 0.499 (0.036)]rfmnet: 3.0261e-06 l_total: 3.0261e-06 
2025-08-20 12:24:40,979 INFO: [faust..][epoch: 10, iter:  60,400, lr:(4.109e-04,4.109e-04,)][eta: 1:26:56, time (data): 0.377 (0.036)]rfmnet: 2.8013e-06 l_total: 2.8013e-06 
2025-08-20 12:25:19,649 INFO: [faust..][epoch: 10, iter:  60,500, lr:(4.109e-04,4.109e-04,)][eta: 1:24:25, time (data): 0.382 (0.037)]rfmnet: 3.1551e-06 l_total: 3.1551e-06 
2025-08-20 12:26:00,578 INFO: [faust..][epoch: 10, iter:  60,600, lr:(4.109e-04,4.109e-04,)][eta: 1:21:54, time (data): 0.411 (0.035)]rfmnet: 3.0676e-06 l_total: 3.0676e-06 
2025-08-20 12:26:47,307 INFO: [faust..][epoch: 10, iter:  60,700, lr:(4.109e-04,4.109e-04,)][eta: 1:19:25, time (data): 0.439 (0.035)]rfmnet: 2.6652e-06 l_total: 2.6652e-06 
2025-08-20 12:27:45,067 INFO: [faust..][epoch: 10, iter:  60,800, lr:(4.109e-04,4.109e-04,)][eta: 1:16:56, time (data): 0.574 (0.035)]rfmnet: 2.6541e-06 l_total: 2.6541e-06 
2025-08-20 12:28:40,453 INFO: [faust..][epoch: 10, iter:  60,900, lr:(4.109e-04,4.109e-04,)][eta: 1:14:27, time (data): 0.564 (0.035)]rfmnet: 2.4930e-06 l_total: 2.4930e-06 
2025-08-20 12:29:23,253 INFO: [faust..][epoch: 10, iter:  61,000, lr:(4.109e-04,4.109e-04,)][eta: 1:11:58, time (data): 0.426 (0.036)]rfmnet: 2.8410e-06 l_total: 2.8410e-06 
2025-08-20 12:29:59,842 INFO: [faust..][epoch: 10, iter:  61,100, lr:(4.109e-04,4.109e-04,)][eta: 1:09:29, time (data): 0.395 (0.036)]rfmnet: 2.3021e-06 l_total: 2.3021e-06 
2025-08-20 12:30:41,759 INFO: [faust..][epoch: 10, iter:  61,200, lr:(4.109e-04,4.109e-04,)][eta: 1:07:00, time (data): 0.425 (0.036)]rfmnet: 2.1445e-06 l_total: 2.1445e-06 
2025-08-20 12:31:38,741 INFO: [faust..][epoch: 10, iter:  61,300, lr:(4.109e-04,4.109e-04,)][eta: 1:04:33, time (data): 0.499 (0.036)]rfmnet: 2.7108e-06 l_total: 2.7108e-06 
2025-08-20 12:32:35,427 INFO: [faust..][epoch: 10, iter:  61,400, lr:(4.109e-04,4.109e-04,)][eta: 1:02:05, time (data): 0.566 (0.036)]rfmnet: 2.7662e-06 l_total: 2.7662e-06 
2025-08-20 12:33:26,998 INFO: [faust..][epoch: 10, iter:  61,500, lr:(4.109e-04,4.109e-04,)][eta: 0:59:38, time (data): 0.540 (0.037)]rfmnet: 2.6071e-06 l_total: 2.6071e-06 
2025-08-20 12:34:17,573 INFO: [faust..][epoch: 10, iter:  61,600, lr:(4.109e-04,4.109e-04,)][eta: 0:57:12, time (data): 0.500 (0.039)]rfmnet: 2.6980e-06 l_total: 2.6980e-06 
2025-08-20 12:35:10,155 INFO: [faust..][epoch: 10, iter:  61,700, lr:(4.109e-04,4.109e-04,)][eta: 0:54:45, time (data): 0.514 (0.038)]rfmnet: 2.3549e-06 l_total: 2.3549e-06 
2025-08-20 12:36:04,719 INFO: [faust..][epoch: 10, iter:  61,800, lr:(4.109e-04,4.109e-04,)][eta: 0:52:19, time (data): 0.543 (0.036)]rfmnet: 2.8149e-06 l_total: 2.8149e-06 
2025-08-20 12:37:00,843 INFO: [faust..][epoch: 10, iter:  61,900, lr:(4.109e-04,4.109e-04,)][eta: 0:49:53, time (data): 0.552 (0.037)]rfmnet: 2.4150e-06 l_total: 2.4150e-06 
2025-08-20 12:38:00,595 INFO: [faust..][epoch: 10, iter:  62,000, lr:(4.109e-04,4.109e-04,)][eta: 0:47:28, time (data): 0.594 (0.037)]rfmnet: 2.2882e-06 l_total: 2.2882e-06 
2025-08-20 12:38:00,596 INFO: Saving models and training states.
2025-08-20 12:38:00,615 INFO: Start validation.
2025-08-20 12:42:33,965 INFO: Avg time: 0.5020
2025-08-20 12:42:34,149 INFO: Val auc: 0.5863
2025-08-20 12:42:34,158 INFO: Val avg error: 0.0874
2025-08-20 12:43:23,129 INFO: [faust..][epoch: 10, iter:  62,100, lr:(4.109e-04,4.109e-04,)][eta: 0:45:11, time (data): 0.539 (0.037)]rfmnet: 2.1815e-06 l_total: 2.1815e-06 
2025-08-20 12:44:15,812 INFO: [faust..][epoch: 10, iter:  62,200, lr:(4.109e-04,4.109e-04,)][eta: 0:42:46, time (data): 0.505 (0.039)]rfmnet: 2.2093e-06 l_total: 2.2093e-06 
2025-08-20 12:45:03,431 INFO: [faust..][epoch: 10, iter:  62,300, lr:(4.109e-04,4.109e-04,)][eta: 0:40:20, time (data): 0.490 (0.038)]rfmnet: 1.9353e-06 l_total: 1.9353e-06 
2025-08-20 12:45:58,551 INFO: [faust..][epoch: 10, iter:  62,400, lr:(4.109e-04,4.109e-04,)][eta: 0:37:56, time (data): 0.553 (0.036)]rfmnet: 2.3279e-06 l_total: 2.3279e-06 
2025-08-20 12:46:57,217 INFO: [faust..][epoch: 10, iter:  62,500, lr:(4.109e-04,4.109e-04,)][eta: 0:35:31, time (data): 0.571 (0.036)]rfmnet: 2.1007e-06 l_total: 2.1007e-06 
2025-08-20 12:47:53,347 INFO: [faust..][epoch: 10, iter:  62,600, lr:(4.109e-04,4.109e-04,)][eta: 0:33:07, time (data): 0.554 (0.036)]rfmnet: 2.0184e-06 l_total: 2.0184e-06 
2025-08-20 12:48:41,225 INFO: [faust..][epoch: 10, iter:  62,700, lr:(4.109e-04,4.109e-04,)][eta: 0:30:43, time (data): 0.514 (0.037)]rfmnet: 1.5052e-06 l_total: 1.5052e-06 
2025-08-20 12:49:29,532 INFO: [faust..][epoch: 10, iter:  62,800, lr:(4.109e-04,4.109e-04,)][eta: 0:28:19, time (data): 0.486 (0.037)]rfmnet: 2.3631e-06 l_total: 2.3631e-06 
2025-08-20 12:50:19,270 INFO: [faust..][epoch: 10, iter:  62,900, lr:(4.109e-04,4.109e-04,)][eta: 0:25:56, time (data): 0.492 (0.036)]rfmnet: 1.9785e-06 l_total: 1.9785e-06 
2025-08-20 12:51:08,195 INFO: [faust..][epoch: 10, iter:  63,000, lr:(4.109e-04,4.109e-04,)][eta: 0:23:33, time (data): 0.481 (0.036)]rfmnet: 2.1891e-06 l_total: 2.1891e-06 
2025-08-20 12:52:05,863 INFO: [faust..][epoch: 10, iter:  63,100, lr:(4.109e-04,4.109e-04,)][eta: 0:21:10, time (data): 0.532 (0.036)]rfmnet: 1.9504e-06 l_total: 1.9504e-06 
2025-08-20 12:53:05,861 INFO: [faust..][epoch: 10, iter:  63,200, lr:(4.109e-04,4.109e-04,)][eta: 0:18:48, time (data): 0.599 (0.040)]rfmnet: 1.8519e-06 l_total: 1.8519e-06 
2025-08-20 12:53:59,520 INFO: [faust..][epoch: 10, iter:  63,300, lr:(4.109e-04,4.109e-04,)][eta: 0:16:26, time (data): 0.565 (0.039)]rfmnet: 1.7315e-06 l_total: 1.7315e-06 
2025-08-20 12:54:52,977 INFO: [faust..][epoch: 10, iter:  63,400, lr:(4.109e-04,4.109e-04,)][eta: 0:14:04, time (data): 0.546 (0.037)]rfmnet: 1.6686e-06 l_total: 1.6686e-06 
2025-08-20 12:55:44,349 INFO: [faust..][epoch: 10, iter:  63,500, lr:(4.109e-04,4.109e-04,)][eta: 0:11:42, time (data): 0.528 (0.036)]rfmnet: 2.1332e-06 l_total: 2.1332e-06 
2025-08-20 12:56:41,280 INFO: [faust..][epoch: 10, iter:  63,600, lr:(4.109e-04,4.109e-04,)][eta: 0:09:21, time (data): 0.560 (0.037)]rfmnet: 1.6862e-06 l_total: 1.6862e-06 
2025-08-20 12:57:36,767 INFO: [faust..][epoch: 10, iter:  63,700, lr:(4.109e-04,4.109e-04,)][eta: 0:07:00, time (data): 0.557 (0.036)]rfmnet: 1.6894e-06 l_total: 1.6894e-06 
2025-08-20 12:58:22,314 INFO: [faust..][epoch: 10, iter:  63,800, lr:(4.109e-04,4.109e-04,)][eta: 0:04:39, time (data): 0.484 (0.037)]rfmnet: 1.9072e-06 l_total: 1.9072e-06 
2025-08-20 12:59:11,599 INFO: [faust..][epoch: 10, iter:  63,900, lr:(4.109e-04,4.109e-04,)][eta: 0:02:18, time (data): 0.489 (0.037)]rfmnet: 1.8624e-06 l_total: 1.8624e-06 
2025-08-20 13:00:09,301 INFO: [faust..][epoch: 10, iter:  64,000, lr:(4.109e-04,4.109e-04,)][eta: -1 day, 23:59:59, time (data): 0.598 (0.037)]rfmnet: 1.7385e-06 l_total: 1.7385e-06 
2025-08-20 13:00:09,302 INFO: Saving models and training states.
2025-08-20 13:00:09,318 INFO: Start validation.
2025-08-20 13:04:38,486 INFO: Avg time: 0.2753
2025-08-20 13:04:38,676 INFO: Val auc: 0.5926
2025-08-20 13:04:38,681 INFO: Val avg error: 0.0830
2025-08-20 13:04:38,822 INFO: End of training. Time consumed: 1 day, 0:59:08
2025-08-20 13:04:38,823 INFO: Last Validation.
2025-08-20 13:09:15,355 INFO: Avg time: 0.3618
2025-08-20 13:09:15,538 INFO: Val auc: 0.5926
2025-08-20 13:09:15,543 INFO: Val avg error: 0.0830
2025-08-20 13:09:15,616 INFO: Save the best model.
