2025-09-18 04:48:40,147 INFO: 
Version Information: 
	Python: 3.8.20
	PyTorch: 2.0.0+cu118
	TorchVision: 0.15.0+cu118
2025-09-18 04:48:40,148 INFO: 
  name: faust_scape
  backend: dp
  type: SpatialLearningBasisModel
  num_gpu: 1
  gpu_idx: 7
  manual_seed: 1234
  non-isometric: False
  partial: False
  save_filter: True
  zoomout_refine: True
  visualize: False
  path:[
    resume_state: None
    experiments_root: /mnt/zj-gpfs/home/luofeifan/shape_correspondence/LearnableBasisFMaps_main/experiments/faust_scape
    models: /mnt/zj-gpfs/home/luofeifan/shape_correspondence/LearnableBasisFMaps_main/experiments/faust_scape/models
    log: /mnt/zj-gpfs/home/luofeifan/shape_correspondence/LearnableBasisFMaps_main/experiments/faust_scape/log
  ]
  datasets:[
    train_dataset1:[
      name: FaustTrain
      type: PairFaustDataset
      phase: train
      data_root: ../data/FAUST_r
      return_evecs: True
      return_faces: True
      num_evecs: 200
      return_corr: False
      return_dist: False
    ]
    train_dataset2:[
      name: ScapeTrain
      type: PairScapeDataset
      phase: train
      data_root: ../data/SCAPE_r
      return_evecs: True
      return_faces: True
      num_evecs: 200
      return_corr: False
      return_dist: False
    ]
    test_dataset:[
      name: Shrec19Test
      type: PairShrec19Dataset
      phase: test
      data_root: ../data/SHREC19_r
      return_evecs: True
      return_faces: True
      num_evecs: 200
      return_dist: True
    ]
    batch_size: 1
    num_worker: 8
  ]
  networks:[
    feature_extractor:[
      type: DiffusionNet
      in_channels: 16
      out_channels: 128
      cache_dir: ../data/FAUST_r/diffusion
      input_type: hks
    ]
    permutation:[
      type: Similarity
      tau: 0.07
    ]
    basisconv:[
      type: EigenBasis_Fliters
      C_inout: 200
    ]
  ]
  train:[
    total_epochs: 10
    optims:[
      feature_extractor:[
        type: Adam
        lr: 0.001
      ]
      basisconv:[
        type: Adam
        lr: 0.001
      ]
    ]
    schedulers:[
      feature_extractor:[
        type: CosineAnnealingLR
        eta_min: 0.0001
        T_max: 10
      ]
      basisconv:[
        type: CosineAnnealingLR
        eta_min: 0.0001
        T_max: 10
      ]
    ]
    losses:[
      rfmnet_loss:[
        type: RfmnetLoss
        loss_weight: 1.0
      ]
    ]
  ]
  val:[
    val_freq: 2000
    metrics:[
      geo_error:[
        type: calculate_geodesic_error
      ]
      plot_pck:[
        type: plot_pck
      ]
    ]
  ]
  logger:[
    print_freq: 100
    save_checkpoint_freq: 2000
  ]
  is_train: True
  dist: False
  rank: 0
  world_size: 1
  root_path: /mnt/zj-gpfs/home/luofeifan/shape_correspondence/LearnableBasisFMaps_main

2025-09-18 04:48:40,542 INFO: Dataset [PairFaustDataset]-[FaustTrain] is built.
2025-09-18 04:48:40,543 INFO: Dataset [PairScapeDataset]-[ScapeTrain] is built.
2025-09-18 04:48:40,547 INFO: Dataset [PairShrec19Dataset]-[Shrec19Test] is built.
2025-09-18 04:48:40,547 INFO: Training statistics:
	Number of train images: 9001
	Dataset enlarge ratio: 1
	Batch size: 1
	World size (gpu number): 1
	Require iter number per epoch: 9001
	Total epochs: 10; iters: 90010.
2025-09-18 04:48:40,547 INFO: Validation statistics:
	Number of val images: 407
2025-09-18 04:48:40,556 INFO: Network [DiffusionNet] is created.
2025-09-18 04:48:40,556 INFO: Network [Similarity] is created.
2025-09-18 04:48:40,556 INFO: Network [EigenBasis_Fliters] is created.
2025-09-18 04:48:40,995 INFO: Network: DiffusionNet, with parameters: 479,488
2025-09-18 04:48:40,995 INFO: Network: Similarity, with parameters: 0
2025-09-18 04:48:40,995 INFO: Network: EigenBasis_Fliters, with parameters: 200
2025-09-18 04:48:40,996 INFO: Metric [function] is created.
2025-09-18 04:48:40,996 INFO: Metric [function] is created.
2025-09-18 04:48:40,996 INFO: Network permutation has no param to optimize. Ignore it.
2025-09-18 04:48:40,997 INFO: Loss [RfmnetLoss] is created.
2025-09-18 04:48:41,010 INFO: Model [SpatialLearningBasisModel] is created.
2025-09-18 04:48:41,010 INFO: Start training from epoch: 0, iter: 0
2025-09-18 04:48:58,883 INFO: [faust..][epoch:  1, iter:     100, lr:(1.000e-03,1.000e-03,)][eta: 4:08:06, time (data): 0.179 (0.032)]rfmnet: 2.4622e+03 l_total: 2.4622e+03 
2025-09-18 04:49:14,481 INFO: [faust..][epoch:  1, iter:     200, lr:(1.000e-03,1.000e-03,)][eta: 4:00:41, time (data): 0.167 (0.030)]rfmnet: 2.2144e+03 l_total: 2.2144e+03 
2025-09-18 04:49:29,535 INFO: [faust..][epoch:  1, iter:     300, lr:(1.000e-03,1.000e-03,)][eta: 3:55:19, time (data): 0.150 (0.028)]rfmnet: 2.0647e+03 l_total: 2.0647e+03 
2025-09-18 04:49:44,340 INFO: [faust..][epoch:  1, iter:     400, lr:(1.000e-03,1.000e-03,)][eta: 3:51:35, time (data): 0.149 (0.027)]rfmnet: 1.5371e+03 l_total: 1.5371e+03 
2025-09-18 04:49:59,183 INFO: [faust..][epoch:  1, iter:     500, lr:(1.000e-03,1.000e-03,)][eta: 3:49:21, time (data): 0.148 (0.027)]rfmnet: 1.5945e+03 l_total: 1.5945e+03 
2025-09-18 04:50:14,547 INFO: [faust..][epoch:  1, iter:     600, lr:(1.000e-03,1.000e-03,)][eta: 3:49:04, time (data): 0.151 (0.028)]rfmnet: 1.4449e+03 l_total: 1.4449e+03 
2025-09-18 04:50:29,572 INFO: [faust..][epoch:  1, iter:     700, lr:(1.000e-03,1.000e-03,)][eta: 3:48:04, time (data): 0.150 (0.027)]rfmnet: 1.3746e+03 l_total: 1.3746e+03 
2025-09-18 04:50:44,441 INFO: [faust..][epoch:  1, iter:     800, lr:(1.000e-03,1.000e-03,)][eta: 3:46:58, time (data): 0.149 (0.027)]rfmnet: 1.2095e+03 l_total: 1.2095e+03 
2025-09-18 04:50:59,405 INFO: [faust..][epoch:  1, iter:     900, lr:(1.000e-03,1.000e-03,)][eta: 3:46:13, time (data): 0.150 (0.028)]rfmnet: 1.0448e+03 l_total: 1.0448e+03 
2025-09-18 04:51:14,240 INFO: [faust..][epoch:  1, iter:   1,000, lr:(1.000e-03,1.000e-03,)][eta: 3:45:22, time (data): 0.149 (0.028)]rfmnet: 8.0271e+02 l_total: 8.0271e+02 
2025-09-18 04:51:29,079 INFO: [faust..][epoch:  1, iter:   1,100, lr:(1.000e-03,1.000e-03,)][eta: 3:44:39, time (data): 0.149 (0.027)]rfmnet: 8.9118e+02 l_total: 8.9118e+02 
2025-09-18 04:51:43,840 INFO: [faust..][epoch:  1, iter:   1,200, lr:(1.000e-03,1.000e-03,)][eta: 3:43:54, time (data): 0.148 (0.027)]rfmnet: 6.4545e+02 l_total: 6.4545e+02 
2025-09-18 04:51:58,621 INFO: [faust..][epoch:  1, iter:   1,300, lr:(1.000e-03,1.000e-03,)][eta: 3:43:15, time (data): 0.148 (0.027)]rfmnet: 7.3869e+02 l_total: 7.3869e+02 
2025-09-18 04:52:13,332 INFO: [faust..][epoch:  1, iter:   1,400, lr:(1.000e-03,1.000e-03,)][eta: 3:42:35, time (data): 0.147 (0.027)]rfmnet: 6.4060e+02 l_total: 6.4060e+02 
2025-09-18 04:52:28,314 INFO: [faust..][epoch:  1, iter:   1,500, lr:(1.000e-03,1.000e-03,)][eta: 3:42:15, time (data): 0.150 (0.028)]rfmnet: 5.5340e+02 l_total: 5.5340e+02 
2025-09-18 04:52:43,102 INFO: [faust..][epoch:  1, iter:   1,600, lr:(1.000e-03,1.000e-03,)][eta: 3:41:45, time (data): 0.149 (0.028)]rfmnet: 4.9423e+02 l_total: 4.9423e+02 
2025-09-18 04:52:57,798 INFO: [faust..][epoch:  1, iter:   1,700, lr:(1.000e-03,1.000e-03,)][eta: 3:41:11, time (data): 0.147 (0.027)]rfmnet: 4.3323e+02 l_total: 4.3323e+02 
2025-09-18 04:53:12,568 INFO: [faust..][epoch:  1, iter:   1,800, lr:(1.000e-03,1.000e-03,)][eta: 3:40:44, time (data): 0.147 (0.027)]rfmnet: 3.5960e+02 l_total: 3.5960e+02 
2025-09-18 04:53:27,540 INFO: [faust..][epoch:  1, iter:   1,900, lr:(1.000e-03,1.000e-03,)][eta: 3:40:27, time (data): 0.150 (0.028)]rfmnet: 3.4514e+02 l_total: 3.4514e+02 
2025-09-18 04:53:42,365 INFO: [faust..][epoch:  1, iter:   2,000, lr:(1.000e-03,1.000e-03,)][eta: 3:40:03, time (data): 0.149 (0.028)]rfmnet: 3.3906e+02 l_total: 3.3906e+02 
2025-09-18 04:53:42,365 INFO: Saving models and training states.
2025-09-18 04:53:42,383 INFO: Start validation.
2025-09-18 04:57:09,311 INFO: Avg time: 0.1042
2025-09-18 04:57:09,478 INFO: Val auc: 0.6266
2025-09-18 04:57:09,484 INFO: Val avg error: 0.0507
2025-09-18 04:57:09,489 INFO: Best model is updated, average geodesic error: 0.0507
2025-09-18 04:57:26,243 INFO: [faust..][epoch:  1, iter:   2,100, lr:(1.000e-03,1.000e-03,)][eta: 6:05:28, time (data): 0.164 (0.028)]rfmnet: 2.8816e+02 l_total: 2.8816e+02 
2025-09-18 04:57:41,830 INFO: [faust..][epoch:  1, iter:   2,200, lr:(1.000e-03,1.000e-03,)][eta: 5:58:50, time (data): 0.160 (0.028)]rfmnet: 2.6461e+02 l_total: 2.6461e+02 
2025-09-18 04:57:56,902 INFO: [faust..][epoch:  1, iter:   2,300, lr:(1.000e-03,1.000e-03,)][eta: 5:52:25, time (data): 0.151 (0.027)]rfmnet: 2.4039e+02 l_total: 2.4039e+02 
2025-09-18 04:58:12,208 INFO: [faust..][epoch:  1, iter:   2,400, lr:(1.000e-03,1.000e-03,)][eta: 5:46:40, time (data): 0.152 (0.027)]rfmnet: 2.3413e+02 l_total: 2.3413e+02 
2025-09-18 04:58:27,118 INFO: [faust..][epoch:  1, iter:   2,500, lr:(1.000e-03,1.000e-03,)][eta: 5:41:07, time (data): 0.149 (0.027)]rfmnet: 2.5342e+02 l_total: 2.5342e+02 
2025-09-18 04:58:42,441 INFO: [faust..][epoch:  1, iter:   2,600, lr:(1.000e-03,1.000e-03,)][eta: 5:36:13, time (data): 0.151 (0.027)]rfmnet: 1.8544e+02 l_total: 1.8544e+02 
2025-09-18 04:58:57,518 INFO: [faust..][epoch:  1, iter:   2,700, lr:(1.000e-03,1.000e-03,)][eta: 5:31:31, time (data): 0.151 (0.028)]rfmnet: 1.8316e+02 l_total: 1.8316e+02 
2025-09-18 04:59:12,331 INFO: [faust..][epoch:  1, iter:   2,800, lr:(1.000e-03,1.000e-03,)][eta: 5:27:00, time (data): 0.149 (0.027)]rfmnet: 1.5610e+02 l_total: 1.5610e+02 
2025-09-18 04:59:27,113 INFO: [faust..][epoch:  1, iter:   2,900, lr:(1.000e-03,1.000e-03,)][eta: 5:22:46, time (data): 0.148 (0.027)]rfmnet: 1.5592e+02 l_total: 1.5592e+02 
2025-09-18 04:59:42,118 INFO: [faust..][epoch:  1, iter:   3,000, lr:(1.000e-03,1.000e-03,)][eta: 5:18:54, time (data): 0.149 (0.027)]rfmnet: 1.4548e+02 l_total: 1.4548e+02 
2025-09-18 04:59:57,050 INFO: [faust..][epoch:  1, iter:   3,100, lr:(1.000e-03,1.000e-03,)][eta: 5:15:14, time (data): 0.149 (0.027)]rfmnet: 1.3064e+02 l_total: 1.3064e+02 
2025-09-18 05:00:12,133 INFO: [faust..][epoch:  1, iter:   3,200, lr:(1.000e-03,1.000e-03,)][eta: 5:11:51, time (data): 0.150 (0.028)]rfmnet: 1.1544e+02 l_total: 1.1544e+02 
2025-09-18 05:00:27,358 INFO: [faust..][epoch:  1, iter:   3,300, lr:(1.000e-03,1.000e-03,)][eta: 5:08:43, time (data): 0.152 (0.028)]rfmnet: 1.1867e+02 l_total: 1.1867e+02 
2025-09-18 05:00:42,465 INFO: [faust..][epoch:  1, iter:   3,400, lr:(1.000e-03,1.000e-03,)][eta: 5:05:43, time (data): 0.151 (0.028)]rfmnet: 9.9354e+01 l_total: 9.9354e+01 
2025-09-18 05:00:57,411 INFO: [faust..][epoch:  1, iter:   3,500, lr:(1.000e-03,1.000e-03,)][eta: 5:02:47, time (data): 0.150 (0.027)]rfmnet: 9.4117e+01 l_total: 9.4117e+01 
2025-09-18 05:01:12,230 INFO: [faust..][epoch:  1, iter:   3,600, lr:(1.000e-03,1.000e-03,)][eta: 4:59:58, time (data): 0.149 (0.027)]rfmnet: 8.4755e+01 l_total: 8.4755e+01 
2025-09-18 05:01:27,217 INFO: [faust..][epoch:  1, iter:   3,700, lr:(1.000e-03,1.000e-03,)][eta: 4:57:21, time (data): 0.150 (0.027)]rfmnet: 7.3842e+01 l_total: 7.3842e+01 
2025-09-18 05:01:42,208 INFO: [faust..][epoch:  1, iter:   3,800, lr:(1.000e-03,1.000e-03,)][eta: 4:54:51, time (data): 0.150 (0.028)]rfmnet: 8.6864e+01 l_total: 8.6864e+01 
2025-09-18 05:01:57,029 INFO: [faust..][epoch:  1, iter:   3,900, lr:(1.000e-03,1.000e-03,)][eta: 4:52:25, time (data): 0.148 (0.027)]rfmnet: 6.2294e+01 l_total: 6.2294e+01 
2025-09-18 05:02:11,882 INFO: [faust..][epoch:  1, iter:   4,000, lr:(1.000e-03,1.000e-03,)][eta: 4:50:06, time (data): 0.148 (0.027)]rfmnet: 6.0876e+01 l_total: 6.0876e+01 
2025-09-18 05:02:11,882 INFO: Saving models and training states.
2025-09-18 05:02:11,897 INFO: Start validation.
2025-09-18 05:05:38,583 INFO: Avg time: 0.0585
2025-09-18 05:05:38,732 INFO: Val auc: 0.6316
2025-09-18 05:05:38,739 INFO: Val avg error: 0.0485
2025-09-18 05:05:38,744 INFO: Best model is updated, average geodesic error: 0.0485
2025-09-18 05:05:54,724 INFO: [faust..][epoch:  1, iter:   4,100, lr:(1.000e-03,1.000e-03,)][eta: 6:00:30, time (data): 0.157 (0.027)]rfmnet: 5.8051e+01 l_total: 5.8051e+01 
2025-09-18 05:06:10,124 INFO: [faust..][epoch:  1, iter:   4,200, lr:(1.000e-03,1.000e-03,)][eta: 5:56:45, time (data): 0.155 (0.027)]rfmnet: 5.6688e+01 l_total: 5.6688e+01 
2025-09-18 05:06:25,330 INFO: [faust..][epoch:  1, iter:   4,300, lr:(1.000e-03,1.000e-03,)][eta: 5:53:06, time (data): 0.152 (0.027)]rfmnet: 5.1511e+01 l_total: 5.1511e+01 
2025-09-18 05:06:40,371 INFO: [faust..][epoch:  1, iter:   4,400, lr:(1.000e-03,1.000e-03,)][eta: 5:49:33, time (data): 0.151 (0.027)]rfmnet: 4.2756e+01 l_total: 4.2756e+01 
2025-09-18 05:06:55,481 INFO: [faust..][epoch:  1, iter:   4,500, lr:(1.000e-03,1.000e-03,)][eta: 5:46:10, time (data): 0.151 (0.028)]rfmnet: 4.3021e+01 l_total: 4.3021e+01 
2025-09-18 05:07:10,273 INFO: [faust..][epoch:  1, iter:   4,600, lr:(1.000e-03,1.000e-03,)][eta: 5:42:50, time (data): 0.149 (0.028)]rfmnet: 3.9265e+01 l_total: 3.9265e+01 
2025-09-18 05:07:25,240 INFO: [faust..][epoch:  1, iter:   4,700, lr:(1.000e-03,1.000e-03,)][eta: 5:39:40, time (data): 0.150 (0.028)]rfmnet: 3.5574e+01 l_total: 3.5574e+01 
2025-09-18 05:07:40,035 INFO: [faust..][epoch:  1, iter:   4,800, lr:(1.000e-03,1.000e-03,)][eta: 5:36:35, time (data): 0.149 (0.028)]rfmnet: 3.7152e+01 l_total: 3.7152e+01 
2025-09-18 05:07:55,099 INFO: [faust..][epoch:  1, iter:   4,900, lr:(1.000e-03,1.000e-03,)][eta: 5:33:41, time (data): 0.150 (0.028)]rfmnet: 3.1750e+01 l_total: 3.1750e+01 
2025-09-18 05:08:10,111 INFO: [faust..][epoch:  1, iter:   5,000, lr:(1.000e-03,1.000e-03,)][eta: 5:30:53, time (data): 0.150 (0.028)]rfmnet: 2.8706e+01 l_total: 2.8706e+01 
2025-09-18 05:08:24,910 INFO: [faust..][epoch:  1, iter:   5,100, lr:(1.000e-03,1.000e-03,)][eta: 5:28:07, time (data): 0.148 (0.028)]rfmnet: 2.7376e+01 l_total: 2.7376e+01 
2025-09-18 05:08:39,706 INFO: [faust..][epoch:  1, iter:   5,200, lr:(1.000e-03,1.000e-03,)][eta: 5:25:27, time (data): 0.148 (0.027)]rfmnet: 2.4742e+01 l_total: 2.4742e+01 
2025-09-18 05:08:54,514 INFO: [faust..][epoch:  1, iter:   5,300, lr:(1.000e-03,1.000e-03,)][eta: 5:22:53, time (data): 0.147 (0.027)]rfmnet: 2.3005e+01 l_total: 2.3005e+01 
2025-09-18 05:09:09,669 INFO: [faust..][epoch:  1, iter:   5,400, lr:(1.000e-03,1.000e-03,)][eta: 5:20:29, time (data): 0.150 (0.028)]rfmnet: 2.1922e+01 l_total: 2.1922e+01 
2025-09-18 05:09:24,502 INFO: [faust..][epoch:  1, iter:   5,500, lr:(1.000e-03,1.000e-03,)][eta: 5:18:05, time (data): 0.147 (0.027)]rfmnet: 1.9917e+01 l_total: 1.9917e+01 
2025-09-18 05:09:39,504 INFO: [faust..][epoch:  1, iter:   5,600, lr:(1.000e-03,1.000e-03,)][eta: 5:15:48, time (data): 0.149 (0.028)]rfmnet: 1.9441e+01 l_total: 1.9441e+01 
2025-09-18 05:09:54,390 INFO: [faust..][epoch:  1, iter:   5,700, lr:(1.000e-03,1.000e-03,)][eta: 5:13:34, time (data): 0.149 (0.027)]rfmnet: 1.8284e+01 l_total: 1.8284e+01 
2025-09-18 05:10:09,399 INFO: [faust..][epoch:  1, iter:   5,800, lr:(1.000e-03,1.000e-03,)][eta: 5:11:25, time (data): 0.150 (0.028)]rfmnet: 1.4293e+01 l_total: 1.4293e+01 
2025-09-18 05:10:24,212 INFO: [faust..][epoch:  1, iter:   5,900, lr:(1.000e-03,1.000e-03,)][eta: 5:09:18, time (data): 0.148 (0.027)]rfmnet: 1.3782e+01 l_total: 1.3782e+01 
2025-09-18 05:10:39,035 INFO: [faust..][epoch:  1, iter:   6,000, lr:(1.000e-03,1.000e-03,)][eta: 5:07:15, time (data): 0.148 (0.027)]rfmnet: 1.4133e+01 l_total: 1.4133e+01 
2025-09-18 05:10:39,035 INFO: Saving models and training states.
2025-09-18 05:10:39,052 INFO: Start validation.
2025-09-18 05:14:04,671 INFO: Avg time: 0.0790
2025-09-18 05:14:04,818 INFO: Val auc: 0.6393
2025-09-18 05:14:04,823 INFO: Val avg error: 0.0485
2025-09-18 05:14:20,971 INFO: [faust..][epoch:  1, iter:   6,100, lr:(1.000e-03,1.000e-03,)][eta: 5:52:43, time (data): 0.159 (0.027)]rfmnet: 1.3034e+01 l_total: 1.3034e+01 
2025-09-18 05:14:35,953 INFO: [faust..][epoch:  1, iter:   6,200, lr:(1.000e-03,1.000e-03,)][eta: 5:50:00, time (data): 0.154 (0.027)]rfmnet: 1.1413e+01 l_total: 1.1413e+01 
2025-09-18 05:14:51,087 INFO: [faust..][epoch:  1, iter:   6,300, lr:(1.000e-03,1.000e-03,)][eta: 5:47:23, time (data): 0.149 (0.028)]rfmnet: 1.0332e+01 l_total: 1.0332e+01 
2025-09-18 05:15:06,294 INFO: [faust..][epoch:  1, iter:   6,400, lr:(1.000e-03,1.000e-03,)][eta: 5:44:51, time (data): 0.151 (0.028)]rfmnet: 1.0367e+01 l_total: 1.0367e+01 
2025-09-18 05:15:21,290 INFO: [faust..][epoch:  1, iter:   6,500, lr:(1.000e-03,1.000e-03,)][eta: 5:42:21, time (data): 0.151 (0.028)]rfmnet: 1.0344e+01 l_total: 1.0344e+01 
2025-09-18 05:15:36,107 INFO: [faust..][epoch:  1, iter:   6,600, lr:(1.000e-03,1.000e-03,)][eta: 5:39:53, time (data): 0.149 (0.028)]rfmnet: 9.3519e+00 l_total: 9.3519e+00 
2025-09-18 05:15:50,957 INFO: [faust..][epoch:  1, iter:   6,700, lr:(1.000e-03,1.000e-03,)][eta: 5:37:29, time (data): 0.148 (0.027)]rfmnet: 8.6912e+00 l_total: 8.6912e+00 
2025-09-18 05:16:06,017 INFO: [faust..][epoch:  1, iter:   6,800, lr:(1.000e-03,1.000e-03,)][eta: 5:35:12, time (data): 0.150 (0.027)]rfmnet: 8.0719e+00 l_total: 8.0719e+00 
2025-09-18 05:16:20,847 INFO: [faust..][epoch:  1, iter:   6,900, lr:(1.000e-03,1.000e-03,)][eta: 5:32:55, time (data): 0.149 (0.028)]rfmnet: 7.4759e+00 l_total: 7.4759e+00 
2025-09-18 05:16:35,795 INFO: [faust..][epoch:  1, iter:   7,000, lr:(1.000e-03,1.000e-03,)][eta: 5:30:43, time (data): 0.149 (0.027)]rfmnet: 6.5259e+00 l_total: 6.5259e+00 
2025-09-18 05:16:50,684 INFO: [faust..][epoch:  1, iter:   7,100, lr:(1.000e-03,1.000e-03,)][eta: 5:28:34, time (data): 0.149 (0.028)]rfmnet: 6.7777e+00 l_total: 6.7777e+00 
2025-09-18 05:17:05,492 INFO: [faust..][epoch:  1, iter:   7,200, lr:(1.000e-03,1.000e-03,)][eta: 5:26:27, time (data): 0.148 (0.028)]rfmnet: 5.8075e+00 l_total: 5.8075e+00 
2025-09-18 05:17:20,305 INFO: [faust..][epoch:  1, iter:   7,300, lr:(1.000e-03,1.000e-03,)][eta: 5:24:23, time (data): 0.148 (0.027)]rfmnet: 5.8540e+00 l_total: 5.8540e+00 
2025-09-18 05:17:35,104 INFO: [faust..][epoch:  1, iter:   7,400, lr:(1.000e-03,1.000e-03,)][eta: 5:22:22, time (data): 0.148 (0.027)]rfmnet: 6.2238e+00 l_total: 6.2238e+00 
2025-09-18 05:17:49,882 INFO: [faust..][epoch:  1, iter:   7,500, lr:(1.000e-03,1.000e-03,)][eta: 5:20:24, time (data): 0.147 (0.027)]rfmnet: 4.8595e+00 l_total: 4.8595e+00 
2025-09-18 05:18:04,885 INFO: [faust..][epoch:  1, iter:   7,600, lr:(1.000e-03,1.000e-03,)][eta: 5:18:31, time (data): 0.149 (0.027)]rfmnet: 4.7894e+00 l_total: 4.7894e+00 
2025-09-18 05:18:19,728 INFO: [faust..][epoch:  1, iter:   7,700, lr:(1.000e-03,1.000e-03,)][eta: 5:16:38, time (data): 0.149 (0.027)]rfmnet: 4.5109e+00 l_total: 4.5109e+00 
2025-09-18 05:18:34,750 INFO: [faust..][epoch:  1, iter:   7,800, lr:(1.000e-03,1.000e-03,)][eta: 5:14:50, time (data): 0.150 (0.027)]rfmnet: 4.2222e+00 l_total: 4.2222e+00 
2025-09-18 05:18:49,719 INFO: [faust..][epoch:  1, iter:   7,900, lr:(1.000e-03,1.000e-03,)][eta: 5:13:04, time (data): 0.149 (0.027)]rfmnet: 4.1628e+00 l_total: 4.1628e+00 
2025-09-18 05:19:04,494 INFO: [faust..][epoch:  1, iter:   8,000, lr:(1.000e-03,1.000e-03,)][eta: 5:11:18, time (data): 0.148 (0.027)]rfmnet: 3.9163e+00 l_total: 3.9163e+00 
2025-09-18 05:19:04,494 INFO: Saving models and training states.
2025-09-18 05:19:04,509 INFO: Start validation.
2025-09-18 05:22:29,217 INFO: Avg time: 0.1325
2025-09-18 05:22:29,376 INFO: Val auc: 0.6440
2025-09-18 05:22:29,381 INFO: Val avg error: 0.0465
2025-09-18 05:22:29,389 INFO: Best model is updated, average geodesic error: 0.0465
2025-09-18 05:22:45,880 INFO: [faust..][epoch:  1, iter:   8,100, lr:(1.000e-03,1.000e-03,)][eta: 5:44:24, time (data): 0.157 (0.027)]rfmnet: 4.0713e+00 l_total: 4.0713e+00 
2025-09-18 05:23:01,096 INFO: [faust..][epoch:  1, iter:   8,200, lr:(1.000e-03,1.000e-03,)][eta: 5:42:18, time (data): 0.154 (0.027)]rfmnet: 3.4730e+00 l_total: 3.4730e+00 
2025-09-18 05:23:16,432 INFO: [faust..][epoch:  1, iter:   8,300, lr:(1.000e-03,1.000e-03,)][eta: 5:40:17, time (data): 0.152 (0.027)]rfmnet: 3.4903e+00 l_total: 3.4903e+00 
2025-09-18 05:23:31,679 INFO: [faust..][epoch:  1, iter:   8,400, lr:(1.000e-03,1.000e-03,)][eta: 5:38:18, time (data): 0.152 (0.028)]rfmnet: 3.2120e+00 l_total: 3.2120e+00 
2025-09-18 05:23:46,680 INFO: [faust..][epoch:  1, iter:   8,500, lr:(1.000e-03,1.000e-03,)][eta: 5:36:18, time (data): 0.149 (0.027)]rfmnet: 3.1870e+00 l_total: 3.1870e+00 
2025-09-18 05:24:01,710 INFO: [faust..][epoch:  1, iter:   8,600, lr:(1.000e-03,1.000e-03,)][eta: 5:34:21, time (data): 0.150 (0.027)]rfmnet: 3.1255e+00 l_total: 3.1255e+00 
2025-09-18 05:24:17,081 INFO: [faust..][epoch:  1, iter:   8,700, lr:(1.000e-03,1.000e-03,)][eta: 5:32:30, time (data): 0.156 (0.029)]rfmnet: 3.0317e+00 l_total: 3.0317e+00 
2025-09-18 05:24:32,232 INFO: [faust..][epoch:  1, iter:   8,800, lr:(1.000e-03,1.000e-03,)][eta: 5:30:39, time (data): 0.153 (0.028)]rfmnet: 2.8199e+00 l_total: 2.8199e+00 
2025-09-18 05:24:47,319 INFO: [faust..][epoch:  1, iter:   8,900, lr:(1.000e-03,1.000e-03,)][eta: 5:28:49, time (data): 0.153 (0.028)]rfmnet: 3.1894e+00 l_total: 3.1894e+00 
2025-09-18 05:25:02,285 INFO: [faust..][epoch:  1, iter:   9,000, lr:(1.000e-03,1.000e-03,)][eta: 5:27:01, time (data): 0.151 (0.028)]rfmnet: 2.5489e+00 l_total: 2.5489e+00 
2025-09-18 05:25:17,959 INFO: [faust..][epoch:  2, iter:   9,100, lr:(9.780e-04,9.780e-04,)][eta: 5:25:20, time (data): 0.150 (0.027)]rfmnet: 2.3797e+00 l_total: 2.3797e+00 
2025-09-18 05:25:32,929 INFO: [faust..][epoch:  2, iter:   9,200, lr:(9.780e-04,9.780e-04,)][eta: 5:23:36, time (data): 0.150 (0.027)]rfmnet: 3.0248e+00 l_total: 3.0248e+00 
2025-09-18 05:25:47,657 INFO: [faust..][epoch:  2, iter:   9,300, lr:(9.780e-04,9.780e-04,)][eta: 5:21:51, time (data): 0.147 (0.027)]rfmnet: 2.3175e+00 l_total: 2.3175e+00 
2025-09-18 05:26:02,537 INFO: [faust..][epoch:  2, iter:   9,400, lr:(9.780e-04,9.780e-04,)][eta: 5:20:10, time (data): 0.148 (0.027)]rfmnet: 2.3489e+00 l_total: 2.3489e+00 
2025-09-18 05:26:17,323 INFO: [faust..][epoch:  2, iter:   9,500, lr:(9.780e-04,9.780e-04,)][eta: 5:18:29, time (data): 0.148 (0.027)]rfmnet: 2.0464e+00 l_total: 2.0464e+00 
2025-09-18 05:26:32,484 INFO: [faust..][epoch:  2, iter:   9,600, lr:(9.780e-04,9.780e-04,)][eta: 5:16:54, time (data): 0.150 (0.027)]rfmnet: 2.0364e+00 l_total: 2.0364e+00 
2025-09-18 05:26:47,745 INFO: [faust..][epoch:  2, iter:   9,700, lr:(9.780e-04,9.780e-04,)][eta: 5:15:21, time (data): 0.153 (0.028)]rfmnet: 1.9060e+00 l_total: 1.9060e+00 
2025-09-18 05:27:02,860 INFO: [faust..][epoch:  2, iter:   9,800, lr:(9.780e-04,9.780e-04,)][eta: 5:13:48, time (data): 0.152 (0.028)]rfmnet: 2.3091e+00 l_total: 2.3091e+00 
2025-09-18 05:27:17,954 INFO: [faust..][epoch:  2, iter:   9,900, lr:(9.780e-04,9.780e-04,)][eta: 5:12:17, time (data): 0.151 (0.028)]rfmnet: 1.6768e+00 l_total: 1.6768e+00 
2025-09-18 05:27:33,038 INFO: [faust..][epoch:  2, iter:  10,000, lr:(9.780e-04,9.780e-04,)][eta: 5:10:47, time (data): 0.151 (0.028)]rfmnet: 1.7266e+00 l_total: 1.7266e+00 
2025-09-18 05:27:33,038 INFO: Saving models and training states.
2025-09-18 05:27:33,054 INFO: Start validation.
2025-09-18 05:31:02,737 INFO: Avg time: 0.0734
2025-09-18 05:31:02,901 INFO: Val auc: 0.6443
2025-09-18 05:31:02,905 INFO: Val avg error: 0.0468
2025-09-18 05:31:21,453 INFO: [faust..][epoch:  2, iter:  10,100, lr:(9.780e-04,9.780e-04,)][eta: 5:37:26, time (data): 0.151 (0.028)]rfmnet: 1.8488e+00 l_total: 1.8488e+00 
2025-09-18 05:31:37,081 INFO: [faust..][epoch:  2, iter:  10,200, lr:(9.780e-04,9.780e-04,)][eta: 5:35:45, time (data): 0.154 (0.028)]rfmnet: 1.7023e+00 l_total: 1.7023e+00 
2025-09-18 05:31:55,166 INFO: [faust..][epoch:  2, iter:  10,300, lr:(9.780e-04,9.780e-04,)][eta: 5:34:24, time (data): 0.154 (0.028)]rfmnet: 1.5298e+00 l_total: 1.5298e+00 
2025-09-18 05:32:10,925 INFO: [faust..][epoch:  2, iter:  10,400, lr:(9.780e-04,9.780e-04,)][eta: 5:32:47, time (data): 0.156 (0.028)]rfmnet: 1.7316e+00 l_total: 1.7316e+00 
2025-09-18 05:32:26,090 INFO: [faust..][epoch:  2, iter:  10,500, lr:(9.780e-04,9.780e-04,)][eta: 5:31:07, time (data): 0.151 (0.027)]rfmnet: 1.3564e+00 l_total: 1.3564e+00 
2025-09-18 05:32:41,416 INFO: [faust..][epoch:  2, iter:  10,600, lr:(9.780e-04,9.780e-04,)][eta: 5:29:29, time (data): 0.152 (0.028)]rfmnet: 1.6143e+00 l_total: 1.6143e+00 
2025-09-18 05:32:56,815 INFO: [faust..][epoch:  2, iter:  10,700, lr:(9.780e-04,9.780e-04,)][eta: 5:27:54, time (data): 0.154 (0.029)]rfmnet: 1.2899e+00 l_total: 1.2899e+00 
2025-09-18 05:33:11,569 INFO: [faust..][epoch:  2, iter:  10,800, lr:(9.780e-04,9.780e-04,)][eta: 5:26:16, time (data): 0.150 (0.028)]rfmnet: 1.3679e+00 l_total: 1.3679e+00 
2025-09-18 05:33:26,535 INFO: [faust..][epoch:  2, iter:  10,900, lr:(9.780e-04,9.780e-04,)][eta: 5:24:40, time (data): 0.149 (0.028)]rfmnet: 1.3281e+00 l_total: 1.3281e+00 
2025-09-18 05:33:42,182 INFO: [faust..][epoch:  2, iter:  11,000, lr:(9.780e-04,9.780e-04,)][eta: 5:23:11, time (data): 0.154 (0.028)]rfmnet: 1.1581e+00 l_total: 1.1581e+00 
2025-09-18 05:33:57,036 INFO: [faust..][epoch:  2, iter:  11,100, lr:(9.780e-04,9.780e-04,)][eta: 5:21:38, time (data): 0.147 (0.027)]rfmnet: 1.1808e+00 l_total: 1.1808e+00 
2025-09-18 05:34:12,177 INFO: [faust..][epoch:  2, iter:  11,200, lr:(9.780e-04,9.780e-04,)][eta: 5:20:08, time (data): 0.150 (0.028)]rfmnet: 1.1789e+00 l_total: 1.1789e+00 
2025-09-18 05:34:29,545 INFO: [faust..][epoch:  2, iter:  11,300, lr:(9.780e-04,9.780e-04,)][eta: 5:18:54, time (data): 0.151 (0.028)]rfmnet: 1.0421e+00 l_total: 1.0421e+00 
2025-09-18 05:34:44,621 INFO: [faust..][epoch:  2, iter:  11,400, lr:(9.780e-04,9.780e-04,)][eta: 5:17:26, time (data): 0.151 (0.028)]rfmnet: 1.0203e+00 l_total: 1.0203e+00 
2025-09-18 05:34:59,681 INFO: [faust..][epoch:  2, iter:  11,500, lr:(9.780e-04,9.780e-04,)][eta: 5:16:00, time (data): 0.150 (0.027)]rfmnet: 1.0837e+00 l_total: 1.0837e+00 
2025-09-18 05:35:14,613 INFO: [faust..][epoch:  2, iter:  11,600, lr:(9.780e-04,9.780e-04,)][eta: 5:14:33, time (data): 0.150 (0.028)]rfmnet: 9.7385e-01 l_total: 9.7385e-01 
2025-09-18 05:35:29,848 INFO: [faust..][epoch:  2, iter:  11,700, lr:(9.780e-04,9.780e-04,)][eta: 5:13:10, time (data): 0.154 (0.029)]rfmnet: 9.4391e-01 l_total: 9.4391e-01 
2025-09-18 05:35:44,872 INFO: [faust..][epoch:  2, iter:  11,800, lr:(9.780e-04,9.780e-04,)][eta: 5:11:47, time (data): 0.151 (0.028)]rfmnet: 8.4336e-01 l_total: 8.4336e-01 
2025-09-18 05:36:00,250 INFO: [faust..][epoch:  2, iter:  11,900, lr:(9.780e-04,9.780e-04,)][eta: 5:10:27, time (data): 0.157 (0.028)]rfmnet: 8.9580e-01 l_total: 8.9580e-01 
2025-09-18 05:36:15,377 INFO: [faust..][epoch:  2, iter:  12,000, lr:(9.780e-04,9.780e-04,)][eta: 5:09:06, time (data): 0.153 (0.028)]rfmnet: 8.1036e-01 l_total: 8.1036e-01 
2025-09-18 05:36:15,377 INFO: Saving models and training states.
2025-09-18 05:36:15,409 INFO: Start validation.
2025-09-18 05:39:43,238 INFO: Avg time: 0.0923
2025-09-18 05:39:43,404 INFO: Val auc: 0.6399
2025-09-18 05:39:43,410 INFO: Val avg error: 0.0469
2025-09-18 05:40:00,206 INFO: [faust..][epoch:  2, iter:  12,100, lr:(9.780e-04,9.780e-04,)][eta: 5:30:17, time (data): 0.159 (0.028)]rfmnet: 9.5420e-01 l_total: 9.5420e-01 
2025-09-18 05:40:15,336 INFO: [faust..][epoch:  2, iter:  12,200, lr:(9.780e-04,9.780e-04,)][eta: 5:28:46, time (data): 0.153 (0.028)]rfmnet: 7.9439e-01 l_total: 7.9439e-01 
2025-09-18 05:40:30,395 INFO: [faust..][epoch:  2, iter:  12,300, lr:(9.780e-04,9.780e-04,)][eta: 5:27:15, time (data): 0.149 (0.027)]rfmnet: 7.4206e-01 l_total: 7.4206e-01 
2025-09-18 05:40:45,447 INFO: [faust..][epoch:  2, iter:  12,400, lr:(9.780e-04,9.780e-04,)][eta: 5:25:46, time (data): 0.150 (0.028)]rfmnet: 6.8753e-01 l_total: 6.8753e-01 
2025-09-18 05:41:03,441 INFO: [faust..][epoch:  2, iter:  12,500, lr:(9.780e-04,9.780e-04,)][eta: 5:24:36, time (data): 0.222 (0.032)]rfmnet: 7.5661e-01 l_total: 7.5661e-01 
2025-09-18 05:41:19,020 INFO: [faust..][epoch:  2, iter:  12,600, lr:(9.780e-04,9.780e-04,)][eta: 5:23:12, time (data): 0.174 (0.029)]rfmnet: 6.9003e-01 l_total: 6.9003e-01 
2025-09-18 05:41:34,536 INFO: [faust..][epoch:  2, iter:  12,700, lr:(9.780e-04,9.780e-04,)][eta: 5:21:49, time (data): 0.154 (0.028)]rfmnet: 6.9055e-01 l_total: 6.9055e-01 
2025-09-18 05:41:49,749 INFO: [faust..][epoch:  2, iter:  12,800, lr:(9.780e-04,9.780e-04,)][eta: 5:20:25, time (data): 0.153 (0.028)]rfmnet: 6.6667e-01 l_total: 6.6667e-01 
2025-09-18 05:42:05,035 INFO: [faust..][epoch:  2, iter:  12,900, lr:(9.780e-04,9.780e-04,)][eta: 5:19:03, time (data): 0.154 (0.029)]rfmnet: 6.1770e-01 l_total: 6.1770e-01 
2025-09-18 05:42:20,055 INFO: [faust..][epoch:  2, iter:  13,000, lr:(9.780e-04,9.780e-04,)][eta: 5:17:40, time (data): 0.151 (0.029)]rfmnet: 5.3247e-01 l_total: 5.3247e-01 
2025-09-18 05:42:35,245 INFO: [faust..][epoch:  2, iter:  13,100, lr:(9.780e-04,9.780e-04,)][eta: 5:16:19, time (data): 0.153 (0.028)]rfmnet: 6.0390e-01 l_total: 6.0390e-01 
2025-09-18 05:42:50,074 INFO: [faust..][epoch:  2, iter:  13,200, lr:(9.780e-04,9.780e-04,)][eta: 5:14:57, time (data): 0.149 (0.028)]rfmnet: 5.9033e-01 l_total: 5.9033e-01 
2025-09-18 05:43:08,845 INFO: [faust..][epoch:  2, iter:  13,300, lr:(9.780e-04,9.780e-04,)][eta: 5:13:59, time (data): 0.154 (0.028)]rfmnet: 4.9812e-01 l_total: 4.9812e-01 
2025-09-18 05:43:24,002 INFO: [faust..][epoch:  2, iter:  13,400, lr:(9.780e-04,9.780e-04,)][eta: 5:12:41, time (data): 0.152 (0.028)]rfmnet: 4.9127e-01 l_total: 4.9127e-01 
2025-09-18 05:43:55,782 INFO: [faust..][epoch:  2, iter:  13,500, lr:(9.780e-04,9.780e-04,)][eta: 5:12:58, time (data): 0.440 (0.027)]rfmnet: 4.6968e-01 l_total: 4.6968e-01 
2025-09-18 05:44:40,131 INFO: [faust..][epoch:  2, iter:  13,600, lr:(9.780e-04,9.780e-04,)][eta: 5:14:24, time (data): 0.443 (0.029)]rfmnet: 4.4756e-01 l_total: 4.4756e-01 
2025-09-18 05:45:15,350 INFO: [faust..][epoch:  2, iter:  13,700, lr:(9.780e-04,9.780e-04,)][eta: 5:14:58, time (data): 0.227 (0.029)]rfmnet: 4.9832e-01 l_total: 4.9832e-01 
2025-09-18 05:45:30,389 INFO: [faust..][epoch:  2, iter:  13,800, lr:(9.780e-04,9.780e-04,)][eta: 5:13:40, time (data): 0.169 (0.029)]rfmnet: 5.3358e-01 l_total: 5.3358e-01 
2025-09-18 05:45:48,799 INFO: [faust..][epoch:  2, iter:  13,900, lr:(9.780e-04,9.780e-04,)][eta: 5:12:41, time (data): 0.265 (0.028)]rfmnet: 4.4667e-01 l_total: 4.4667e-01 
2025-09-18 05:46:15,952 INFO: [faust..][epoch:  2, iter:  14,000, lr:(9.780e-04,9.780e-04,)][eta: 5:12:30, time (data): 0.270 (0.029)]rfmnet: 3.9479e-01 l_total: 3.9479e-01 
2025-09-18 05:46:15,952 INFO: Saving models and training states.
2025-09-18 05:46:15,967 INFO: Start validation.
2025-09-18 05:49:43,469 INFO: Avg time: 0.0713
2025-09-18 05:49:43,624 INFO: Val auc: 0.6409
2025-09-18 05:49:43,627 INFO: Val avg error: 0.0472
2025-09-18 05:50:00,144 INFO: [faust..][epoch:  2, iter:  14,100, lr:(9.780e-04,9.780e-04,)][eta: 5:29:59, time (data): 0.153 (0.028)]rfmnet: 4.7490e-01 l_total: 4.7490e-01 
2025-09-18 05:50:15,398 INFO: [faust..][epoch:  2, iter:  14,200, lr:(9.780e-04,9.780e-04,)][eta: 5:28:35, time (data): 0.153 (0.028)]rfmnet: 4.6324e-01 l_total: 4.6324e-01 
2025-09-18 05:50:30,477 INFO: [faust..][epoch:  2, iter:  14,300, lr:(9.780e-04,9.780e-04,)][eta: 5:27:11, time (data): 0.151 (0.028)]rfmnet: 3.7427e-01 l_total: 3.7427e-01 
2025-09-18 05:50:45,528 INFO: [faust..][epoch:  2, iter:  14,400, lr:(9.780e-04,9.780e-04,)][eta: 5:25:48, time (data): 0.151 (0.028)]rfmnet: 3.8165e-01 l_total: 3.8165e-01 
2025-09-18 05:51:00,640 INFO: [faust..][epoch:  2, iter:  14,500, lr:(9.780e-04,9.780e-04,)][eta: 5:24:26, time (data): 0.154 (0.027)]rfmnet: 3.5882e-01 l_total: 3.5882e-01 
2025-09-18 05:51:15,793 INFO: [faust..][epoch:  2, iter:  14,600, lr:(9.780e-04,9.780e-04,)][eta: 5:23:06, time (data): 0.152 (0.028)]rfmnet: 2.9889e-01 l_total: 2.9889e-01 
2025-09-18 05:51:31,130 INFO: [faust..][epoch:  2, iter:  14,700, lr:(9.780e-04,9.780e-04,)][eta: 5:21:47, time (data): 0.154 (0.030)]rfmnet: 3.0555e-01 l_total: 3.0555e-01 
2025-09-18 05:51:46,153 INFO: [faust..][epoch:  2, iter:  14,800, lr:(9.780e-04,9.780e-04,)][eta: 5:20:27, time (data): 0.151 (0.028)]rfmnet: 2.9071e-01 l_total: 2.9071e-01 
2025-09-18 05:52:01,529 INFO: [faust..][epoch:  2, iter:  14,900, lr:(9.780e-04,9.780e-04,)][eta: 5:19:10, time (data): 0.158 (0.031)]rfmnet: 3.2531e-01 l_total: 3.2531e-01 
2025-09-18 05:52:16,458 INFO: [faust..][epoch:  2, iter:  15,000, lr:(9.780e-04,9.780e-04,)][eta: 5:17:52, time (data): 0.151 (0.029)]rfmnet: 3.2426e-01 l_total: 3.2426e-01 
2025-09-18 05:52:31,325 INFO: [faust..][epoch:  2, iter:  15,100, lr:(9.780e-04,9.780e-04,)][eta: 5:16:34, time (data): 0.148 (0.028)]rfmnet: 4.0146e-01 l_total: 4.0146e-01 
2025-09-18 05:52:46,128 INFO: [faust..][epoch:  2, iter:  15,200, lr:(9.780e-04,9.780e-04,)][eta: 5:15:17, time (data): 0.148 (0.028)]rfmnet: 2.7594e-01 l_total: 2.7594e-01 
2025-09-18 05:53:01,183 INFO: [faust..][epoch:  2, iter:  15,300, lr:(9.780e-04,9.780e-04,)][eta: 5:14:02, time (data): 0.152 (0.027)]rfmnet: 2.6041e-01 l_total: 2.6041e-01 
2025-09-18 05:53:16,140 INFO: [faust..][epoch:  2, iter:  15,400, lr:(9.780e-04,9.780e-04,)][eta: 5:12:47, time (data): 0.150 (0.027)]rfmnet: 3.0084e-01 l_total: 3.0084e-01 
2025-09-18 05:53:31,045 INFO: [faust..][epoch:  2, iter:  15,500, lr:(9.780e-04,9.780e-04,)][eta: 5:11:32, time (data): 0.154 (0.027)]rfmnet: 2.6914e-01 l_total: 2.6914e-01 
2025-09-18 05:53:45,957 INFO: [faust..][epoch:  2, iter:  15,600, lr:(9.780e-04,9.780e-04,)][eta: 5:10:19, time (data): 0.150 (0.028)]rfmnet: 2.3917e-01 l_total: 2.3917e-01 
2025-09-18 05:54:00,810 INFO: [faust..][epoch:  2, iter:  15,700, lr:(9.780e-04,9.780e-04,)][eta: 5:09:06, time (data): 0.148 (0.027)]rfmnet: 2.4003e-01 l_total: 2.4003e-01 
2025-09-18 05:54:15,709 INFO: [faust..][epoch:  2, iter:  15,800, lr:(9.780e-04,9.780e-04,)][eta: 5:07:53, time (data): 0.149 (0.027)]rfmnet: 2.5090e-01 l_total: 2.5090e-01 
2025-09-18 05:54:30,673 INFO: [faust..][epoch:  2, iter:  15,900, lr:(9.780e-04,9.780e-04,)][eta: 5:06:42, time (data): 0.149 (0.027)]rfmnet: 2.1808e-01 l_total: 2.1808e-01 
2025-09-18 05:54:48,457 INFO: [faust..][epoch:  2, iter:  16,000, lr:(9.780e-04,9.780e-04,)][eta: 5:05:45, time (data): 0.173 (0.030)]rfmnet: 2.1707e-01 l_total: 2.1707e-01 
2025-09-18 05:54:48,458 INFO: Saving models and training states.
2025-09-18 05:54:48,473 INFO: Start validation.
2025-09-18 05:58:18,093 INFO: Avg time: 0.1610
2025-09-18 05:58:18,232 INFO: Val auc: 0.6409
2025-09-18 05:58:18,237 INFO: Val avg error: 0.0461
2025-09-18 05:58:18,241 INFO: Best model is updated, average geodesic error: 0.0461
2025-09-18 05:58:34,926 INFO: [faust..][epoch:  2, iter:  16,100, lr:(9.780e-04,9.780e-04,)][eta: 5:20:46, time (data): 0.162 (0.028)]rfmnet: 2.0683e-01 l_total: 2.0683e-01 
2025-09-18 05:58:50,536 INFO: [faust..][epoch:  2, iter:  16,200, lr:(9.780e-04,9.780e-04,)][eta: 5:19:32, time (data): 0.157 (0.028)]rfmnet: 2.0216e-01 l_total: 2.0216e-01 
2025-09-18 05:59:05,651 INFO: [faust..][epoch:  2, iter:  16,300, lr:(9.780e-04,9.780e-04,)][eta: 5:18:17, time (data): 0.151 (0.027)]rfmnet: 1.5280e-01 l_total: 1.5280e-01 
2025-09-18 05:59:20,504 INFO: [faust..][epoch:  2, iter:  16,400, lr:(9.780e-04,9.780e-04,)][eta: 5:17:02, time (data): 0.149 (0.027)]rfmnet: 1.9180e-01 l_total: 1.9180e-01 
2025-09-18 05:59:35,333 INFO: [faust..][epoch:  2, iter:  16,500, lr:(9.780e-04,9.780e-04,)][eta: 5:15:47, time (data): 0.146 (0.027)]rfmnet: 1.7803e-01 l_total: 1.7803e-01 
2025-09-18 05:59:53,940 INFO: [faust..][epoch:  2, iter:  16,600, lr:(9.780e-04,9.780e-04,)][eta: 5:14:49, time (data): 0.180 (0.028)]rfmnet: 1.9571e-01 l_total: 1.9571e-01 
2025-09-18 06:00:09,436 INFO: [faust..][epoch:  2, iter:  16,700, lr:(9.780e-04,9.780e-04,)][eta: 5:13:38, time (data): 0.159 (0.031)]rfmnet: 1.9730e-01 l_total: 1.9730e-01 
2025-09-18 06:00:24,759 INFO: [faust..][epoch:  2, iter:  16,800, lr:(9.780e-04,9.780e-04,)][eta: 5:12:28, time (data): 0.154 (0.028)]rfmnet: 1.7317e-01 l_total: 1.7317e-01 
2025-09-18 06:00:52,889 INFO: [faust..][epoch:  2, iter:  16,900, lr:(9.780e-04,9.780e-04,)][eta: 5:12:13, time (data): 0.150 (0.028)]rfmnet: 1.6302e-01 l_total: 1.6302e-01 
2025-09-18 06:01:07,929 INFO: [faust..][epoch:  2, iter:  17,000, lr:(9.780e-04,9.780e-04,)][eta: 5:11:02, time (data): 0.150 (0.029)]rfmnet: 1.5753e-01 l_total: 1.5753e-01 
2025-09-18 06:01:38,079 INFO: [faust..][epoch:  2, iter:  17,100, lr:(9.780e-04,9.780e-04,)][eta: 5:10:56, time (data): 0.192 (0.031)]rfmnet: 1.4271e-01 l_total: 1.4271e-01 
2025-09-18 06:01:53,989 INFO: [faust..][epoch:  2, iter:  17,200, lr:(9.780e-04,9.780e-04,)][eta: 5:09:49, time (data): 0.163 (0.029)]rfmnet: 1.4588e-01 l_total: 1.4588e-01 
2025-09-18 06:02:08,789 INFO: [faust..][epoch:  2, iter:  17,300, lr:(9.780e-04,9.780e-04,)][eta: 5:08:39, time (data): 0.147 (0.027)]rfmnet: 1.3188e-01 l_total: 1.3188e-01 
2025-09-18 06:02:23,742 INFO: [faust..][epoch:  2, iter:  17,400, lr:(9.780e-04,9.780e-04,)][eta: 5:07:29, time (data): 0.149 (0.028)]rfmnet: 1.2486e-01 l_total: 1.2486e-01 
2025-09-18 06:02:38,494 INFO: [faust..][epoch:  2, iter:  17,500, lr:(9.780e-04,9.780e-04,)][eta: 5:06:20, time (data): 0.148 (0.027)]rfmnet: 1.1541e-01 l_total: 1.1541e-01 
2025-09-18 06:02:56,324 INFO: [faust..][epoch:  2, iter:  17,600, lr:(9.780e-04,9.780e-04,)][eta: 5:05:24, time (data): 0.175 (0.030)]rfmnet: 1.2152e-01 l_total: 1.2152e-01 
2025-09-18 06:03:11,397 INFO: [faust..][epoch:  2, iter:  17,700, lr:(9.780e-04,9.780e-04,)][eta: 5:04:16, time (data): 0.144 (0.026)]rfmnet: 1.0807e-01 l_total: 1.0807e-01 
2025-09-18 06:03:26,332 INFO: [faust..][epoch:  2, iter:  17,800, lr:(9.780e-04,9.780e-04,)][eta: 5:03:09, time (data): 0.149 (0.027)]rfmnet: 1.1502e-01 l_total: 1.1502e-01 
2025-09-18 06:03:41,175 INFO: [faust..][epoch:  2, iter:  17,900, lr:(9.780e-04,9.780e-04,)][eta: 5:02:02, time (data): 0.148 (0.028)]rfmnet: 1.0988e-01 l_total: 1.0988e-01 
2025-09-18 06:03:55,982 INFO: [faust..][epoch:  2, iter:  18,000, lr:(9.780e-04,9.780e-04,)][eta: 5:00:56, time (data): 0.148 (0.028)]rfmnet: 1.2703e-01 l_total: 1.2703e-01 
2025-09-18 06:03:55,982 INFO: Saving models and training states.
2025-09-18 06:03:55,997 INFO: Start validation.
2025-09-18 06:07:27,090 INFO: Avg time: 0.0661
2025-09-18 06:07:27,241 INFO: Val auc: 0.6486
2025-09-18 06:07:27,244 INFO: Val avg error: 0.0435
2025-09-18 06:07:27,248 INFO: Best model is updated, average geodesic error: 0.0435
2025-09-18 06:07:44,482 INFO: [faust..][epoch:  3, iter:  18,100, lr:(9.141e-04,9.141e-04,)][eta: 5:13:59, time (data): 0.187 (0.033)]rfmnet: 9.7159e-02 l_total: 9.7159e-02 
2025-09-18 06:08:02,431 INFO: [faust..][epoch:  3, iter:  18,200, lr:(9.141e-04,9.141e-04,)][eta: 5:13:00, time (data): 0.180 (0.030)]rfmnet: 1.1024e-01 l_total: 1.1024e-01 
2025-09-18 06:08:18,123 INFO: [faust..][epoch:  3, iter:  18,300, lr:(9.141e-04,9.141e-04,)][eta: 5:11:53, time (data): 0.160 (0.027)]rfmnet: 9.5631e-02 l_total: 9.5631e-02 
2025-09-18 06:08:33,492 INFO: [faust..][epoch:  3, iter:  18,400, lr:(9.141e-04,9.141e-04,)][eta: 5:10:45, time (data): 0.154 (0.028)]rfmnet: 9.2058e-02 l_total: 9.2058e-02 
2025-09-18 06:08:48,763 INFO: [faust..][epoch:  3, iter:  18,500, lr:(9.141e-04,9.141e-04,)][eta: 5:09:38, time (data): 0.146 (0.028)]rfmnet: 8.9509e-02 l_total: 8.9509e-02 
2025-09-18 06:09:03,673 INFO: [faust..][epoch:  3, iter:  18,600, lr:(9.141e-04,9.141e-04,)][eta: 5:08:29, time (data): 0.149 (0.028)]rfmnet: 8.6066e-02 l_total: 8.6066e-02 
2025-09-18 06:09:18,778 INFO: [faust..][epoch:  3, iter:  18,700, lr:(9.141e-04,9.141e-04,)][eta: 5:07:22, time (data): 0.154 (0.028)]rfmnet: 7.9632e-02 l_total: 7.9632e-02 
2025-09-18 06:09:33,823 INFO: [faust..][epoch:  3, iter:  18,800, lr:(9.141e-04,9.141e-04,)][eta: 5:06:15, time (data): 0.151 (0.028)]rfmnet: 8.2936e-02 l_total: 8.2936e-02 
2025-09-18 06:09:53,231 INFO: [faust..][epoch:  3, iter:  18,900, lr:(9.141e-04,9.141e-04,)][eta: 5:05:25, time (data): 0.188 (0.031)]rfmnet: 7.8949e-02 l_total: 7.8949e-02 
2025-09-18 06:10:08,577 INFO: [faust..][epoch:  3, iter:  19,000, lr:(9.141e-04,9.141e-04,)][eta: 5:04:21, time (data): 0.155 (0.029)]rfmnet: 8.5706e-02 l_total: 8.5706e-02 
2025-09-18 06:10:33,079 INFO: [faust..][epoch:  3, iter:  19,100, lr:(9.141e-04,9.141e-04,)][eta: 5:03:50, time (data): 0.432 (0.030)]rfmnet: 7.2712e-02 l_total: 7.2712e-02 
2025-09-18 06:10:52,332 INFO: [faust..][epoch:  3, iter:  19,200, lr:(9.141e-04,9.141e-04,)][eta: 5:03:01, time (data): 0.204 (0.029)]rfmnet: 7.1458e-02 l_total: 7.1458e-02 
2025-09-18 06:11:07,467 INFO: [faust..][epoch:  3, iter:  19,300, lr:(9.141e-04,9.141e-04,)][eta: 5:01:57, time (data): 0.189 (0.027)]rfmnet: 7.3592e-02 l_total: 7.3592e-02 
2025-09-18 06:11:35,617 INFO: [faust..][epoch:  3, iter:  19,400, lr:(9.141e-04,9.141e-04,)][eta: 5:01:40, time (data): 0.278 (0.028)]rfmnet: 6.7143e-02 l_total: 6.7143e-02 
2025-09-18 06:11:58,967 INFO: [faust..][epoch:  3, iter:  19,500, lr:(9.141e-04,9.141e-04,)][eta: 5:01:06, time (data): 0.182 (0.029)]rfmnet: 7.8441e-02 l_total: 7.8441e-02 
2025-09-18 06:12:13,839 INFO: [faust..][epoch:  3, iter:  19,600, lr:(9.141e-04,9.141e-04,)][eta: 5:00:02, time (data): 0.150 (0.028)]rfmnet: 7.4171e-02 l_total: 7.4171e-02 
2025-09-18 06:12:28,645 INFO: [faust..][epoch:  3, iter:  19,700, lr:(9.141e-04,9.141e-04,)][eta: 4:58:58, time (data): 0.148 (0.027)]rfmnet: 6.4694e-02 l_total: 6.4694e-02 
2025-09-18 06:12:43,470 INFO: [faust..][epoch:  3, iter:  19,800, lr:(9.141e-04,9.141e-04,)][eta: 4:57:55, time (data): 0.148 (0.028)]rfmnet: 6.0148e-02 l_total: 6.0148e-02 
2025-09-18 06:13:00,859 INFO: [faust..][epoch:  3, iter:  19,900, lr:(9.141e-04,9.141e-04,)][eta: 4:57:01, time (data): 0.151 (0.033)]rfmnet: 5.4764e-02 l_total: 5.4764e-02 
2025-09-18 06:13:16,023 INFO: [faust..][epoch:  3, iter:  20,000, lr:(9.141e-04,9.141e-04,)][eta: 4:55:59, time (data): 0.152 (0.028)]rfmnet: 6.0586e-02 l_total: 6.0586e-02 
2025-09-18 06:13:16,023 INFO: Saving models and training states.
2025-09-18 06:13:16,038 INFO: Start validation.
2025-09-18 06:16:44,211 INFO: Avg time: 0.0696
2025-09-18 06:16:44,350 INFO: Val auc: 0.6467
2025-09-18 06:16:44,355 INFO: Val avg error: 0.0433
2025-09-18 06:16:44,358 INFO: Best model is updated, average geodesic error: 0.0433
2025-09-18 06:17:00,207 INFO: [faust..][epoch:  3, iter:  20,100, lr:(9.141e-04,9.141e-04,)][eta: 5:07:06, time (data): 0.155 (0.028)]rfmnet: 5.4275e-02 l_total: 5.4275e-02 
2025-09-18 06:17:15,612 INFO: [faust..][epoch:  3, iter:  20,200, lr:(9.141e-04,9.141e-04,)][eta: 5:06:01, time (data): 0.154 (0.028)]rfmnet: 6.1874e-02 l_total: 6.1874e-02 
2025-09-18 06:17:30,724 INFO: [faust..][epoch:  3, iter:  20,300, lr:(9.141e-04,9.141e-04,)][eta: 5:04:57, time (data): 0.153 (0.028)]rfmnet: 5.4369e-02 l_total: 5.4369e-02 
2025-09-18 06:17:46,158 INFO: [faust..][epoch:  3, iter:  20,400, lr:(9.141e-04,9.141e-04,)][eta: 5:03:53, time (data): 0.154 (0.029)]rfmnet: 4.9637e-02 l_total: 4.9637e-02 
2025-09-18 06:18:04,282 INFO: [faust..][epoch:  3, iter:  20,500, lr:(9.141e-04,9.141e-04,)][eta: 5:03:00, time (data): 0.168 (0.029)]rfmnet: 4.7789e-02 l_total: 4.7789e-02 
2025-09-18 06:18:19,537 INFO: [faust..][epoch:  3, iter:  20,600, lr:(9.141e-04,9.141e-04,)][eta: 5:01:57, time (data): 0.152 (0.027)]rfmnet: 4.7259e-02 l_total: 4.7259e-02 
2025-09-18 06:18:34,571 INFO: [faust..][epoch:  3, iter:  20,700, lr:(9.141e-04,9.141e-04,)][eta: 5:00:54, time (data): 0.151 (0.027)]rfmnet: 4.4995e-02 l_total: 4.4995e-02 
2025-09-18 06:18:49,643 INFO: [faust..][epoch:  3, iter:  20,800, lr:(9.141e-04,9.141e-04,)][eta: 4:59:51, time (data): 0.151 (0.028)]rfmnet: 4.9400e-02 l_total: 4.9400e-02 
2025-09-18 06:19:04,804 INFO: [faust..][epoch:  3, iter:  20,900, lr:(9.141e-04,9.141e-04,)][eta: 4:58:49, time (data): 0.151 (0.028)]rfmnet: 4.4384e-02 l_total: 4.4384e-02 
2025-09-18 06:19:19,872 INFO: [faust..][epoch:  3, iter:  21,000, lr:(9.141e-04,9.141e-04,)][eta: 4:57:48, time (data): 0.151 (0.029)]rfmnet: 3.6522e-02 l_total: 3.6522e-02 
2025-09-18 06:19:34,833 INFO: [faust..][epoch:  3, iter:  21,100, lr:(9.141e-04,9.141e-04,)][eta: 4:56:46, time (data): 0.150 (0.028)]rfmnet: 4.7386e-02 l_total: 4.7386e-02 
2025-09-18 06:19:50,031 INFO: [faust..][epoch:  3, iter:  21,200, lr:(9.141e-04,9.141e-04,)][eta: 4:55:46, time (data): 0.152 (0.029)]rfmnet: 3.5741e-02 l_total: 3.5741e-02 
2025-09-18 06:20:04,927 INFO: [faust..][epoch:  3, iter:  21,300, lr:(9.141e-04,9.141e-04,)][eta: 4:54:45, time (data): 0.151 (0.028)]rfmnet: 4.2356e-02 l_total: 4.2356e-02 
2025-09-18 06:20:24,086 INFO: [faust..][epoch:  3, iter:  21,400, lr:(9.141e-04,9.141e-04,)][eta: 4:53:58, time (data): 0.194 (0.029)]rfmnet: 3.7862e-02 l_total: 3.7862e-02 
2025-09-18 06:20:39,345 INFO: [faust..][epoch:  3, iter:  21,500, lr:(9.141e-04,9.141e-04,)][eta: 4:52:59, time (data): 0.173 (0.029)]rfmnet: 3.2853e-02 l_total: 3.2853e-02 
2025-09-18 06:21:04,746 INFO: [faust..][epoch:  3, iter:  21,600, lr:(9.141e-04,9.141e-04,)][eta: 4:52:33, time (data): 0.262 (0.029)]rfmnet: 3.1950e-02 l_total: 3.1950e-02 
2025-09-18 06:21:19,813 INFO: [faust..][epoch:  3, iter:  21,700, lr:(9.141e-04,9.141e-04,)][eta: 4:51:34, time (data): 0.204 (0.029)]rfmnet: 3.2538e-02 l_total: 3.2538e-02 
2025-09-18 06:21:36,753 INFO: [faust..][epoch:  3, iter:  21,800, lr:(9.141e-04,9.141e-04,)][eta: 4:50:41, time (data): 0.171 (0.028)]rfmnet: 3.0522e-02 l_total: 3.0522e-02 
2025-09-18 06:22:02,615 INFO: [faust..][epoch:  3, iter:  21,900, lr:(9.141e-04,9.141e-04,)][eta: 4:50:16, time (data): 0.217 (0.029)]rfmnet: 3.1290e-02 l_total: 3.1290e-02 
2025-09-18 06:22:18,328 INFO: [faust..][epoch:  3, iter:  22,000, lr:(9.141e-04,9.141e-04,)][eta: 4:49:20, time (data): 0.158 (0.028)]rfmnet: 2.9148e-02 l_total: 2.9148e-02 
2025-09-18 06:22:18,328 INFO: Saving models and training states.
2025-09-18 06:22:18,342 INFO: Start validation.
2025-09-18 06:25:46,473 INFO: Avg time: 0.0637
2025-09-18 06:25:46,631 INFO: Val auc: 0.6552
2025-09-18 06:25:46,635 INFO: Val avg error: 0.0416
2025-09-18 06:25:46,640 INFO: Best model is updated, average geodesic error: 0.0416
2025-09-18 06:26:11,598 INFO: [faust..][epoch:  3, iter:  22,100, lr:(9.141e-04,9.141e-04,)][eta: 4:59:33, time (data): 0.206 (0.029)]rfmnet: 3.0311e-02 l_total: 3.0311e-02 
2025-09-18 06:26:26,793 INFO: [faust..][epoch:  3, iter:  22,200, lr:(9.141e-04,9.141e-04,)][eta: 4:58:32, time (data): 0.152 (0.029)]rfmnet: 2.7150e-02 l_total: 2.7150e-02 
2025-09-18 06:26:49,639 INFO: [faust..][epoch:  3, iter:  22,300, lr:(9.141e-04,9.141e-04,)][eta: 4:57:55, time (data): 0.192 (0.029)]rfmnet: 2.4321e-02 l_total: 2.4321e-02 
2025-09-18 06:27:05,643 INFO: [faust..][epoch:  3, iter:  22,400, lr:(9.141e-04,9.141e-04,)][eta: 4:56:57, time (data): 0.161 (0.030)]rfmnet: 2.5182e-02 l_total: 2.5182e-02 
2025-09-18 06:27:20,473 INFO: [faust..][epoch:  3, iter:  22,500, lr:(9.141e-04,9.141e-04,)][eta: 4:55:56, time (data): 0.154 (0.029)]rfmnet: 2.4820e-02 l_total: 2.4820e-02 
2025-09-18 06:27:35,341 INFO: [faust..][epoch:  3, iter:  22,600, lr:(9.141e-04,9.141e-04,)][eta: 4:54:56, time (data): 0.149 (0.028)]rfmnet: 2.5680e-02 l_total: 2.5680e-02 
2025-09-18 06:27:50,480 INFO: [faust..][epoch:  3, iter:  22,700, lr:(9.141e-04,9.141e-04,)][eta: 4:53:56, time (data): 0.150 (0.028)]rfmnet: 2.4496e-02 l_total: 2.4496e-02 
2025-09-18 06:28:05,413 INFO: [faust..][epoch:  3, iter:  22,800, lr:(9.141e-04,9.141e-04,)][eta: 4:52:57, time (data): 0.149 (0.028)]rfmnet: 2.3903e-02 l_total: 2.3903e-02 
2025-09-18 06:28:20,317 INFO: [faust..][epoch:  3, iter:  22,900, lr:(9.141e-04,9.141e-04,)][eta: 4:51:58, time (data): 0.149 (0.028)]rfmnet: 5.7816e-02 l_total: 5.7816e-02 
2025-09-18 06:28:35,156 INFO: [faust..][epoch:  3, iter:  23,000, lr:(9.141e-04,9.141e-04,)][eta: 4:50:59, time (data): 0.148 (0.028)]rfmnet: 2.1239e-02 l_total: 2.1239e-02 
2025-09-18 06:28:50,040 INFO: [faust..][epoch:  3, iter:  23,100, lr:(9.141e-04,9.141e-04,)][eta: 4:50:01, time (data): 0.149 (0.028)]rfmnet: 2.2915e-02 l_total: 2.2915e-02 
2025-09-18 06:29:04,868 INFO: [faust..][epoch:  3, iter:  23,200, lr:(9.141e-04,9.141e-04,)][eta: 4:49:02, time (data): 0.148 (0.028)]rfmnet: 2.1758e-02 l_total: 2.1758e-02 
2025-09-18 06:29:19,700 INFO: [faust..][epoch:  3, iter:  23,300, lr:(9.141e-04,9.141e-04,)][eta: 4:48:05, time (data): 0.148 (0.028)]rfmnet: 1.8942e-02 l_total: 1.8942e-02 
2025-09-18 06:29:35,123 INFO: [faust..][epoch:  3, iter:  23,400, lr:(9.141e-04,9.141e-04,)][eta: 4:47:09, time (data): 0.155 (0.028)]rfmnet: 1.8089e-02 l_total: 1.8089e-02 
2025-09-18 06:29:50,156 INFO: [faust..][epoch:  3, iter:  23,500, lr:(9.141e-04,9.141e-04,)][eta: 4:46:12, time (data): 0.153 (0.028)]rfmnet: 1.8473e-02 l_total: 1.8473e-02 
2025-09-18 06:30:05,097 INFO: [faust..][epoch:  3, iter:  23,600, lr:(9.141e-04,9.141e-04,)][eta: 4:45:16, time (data): 0.150 (0.028)]rfmnet: 1.6603e-02 l_total: 1.6603e-02 
2025-09-18 06:30:19,936 INFO: [faust..][epoch:  3, iter:  23,700, lr:(9.141e-04,9.141e-04,)][eta: 4:44:19, time (data): 0.149 (0.028)]rfmnet: 1.8777e-02 l_total: 1.8777e-02 
2025-09-18 06:30:34,784 INFO: [faust..][epoch:  3, iter:  23,800, lr:(9.141e-04,9.141e-04,)][eta: 4:43:23, time (data): 0.148 (0.028)]rfmnet: 1.6934e-02 l_total: 1.6934e-02 
2025-09-18 06:30:49,805 INFO: [faust..][epoch:  3, iter:  23,900, lr:(9.141e-04,9.141e-04,)][eta: 4:42:28, time (data): 0.149 (0.028)]rfmnet: 1.5702e-02 l_total: 1.5702e-02 
2025-09-18 06:31:04,662 INFO: [faust..][epoch:  3, iter:  24,000, lr:(9.141e-04,9.141e-04,)][eta: 4:41:33, time (data): 0.148 (0.027)]rfmnet: 1.6136e-02 l_total: 1.6136e-02 
2025-09-18 06:31:04,662 INFO: Saving models and training states.
2025-09-18 06:31:04,678 INFO: Start validation.
2025-09-18 06:34:30,387 INFO: Avg time: 0.0826
2025-09-18 06:34:30,543 INFO: Val auc: 0.6418
2025-09-18 06:34:30,548 INFO: Val avg error: 0.0443
2025-09-18 06:34:49,422 INFO: [faust..][epoch:  3, iter:  24,100, lr:(9.141e-04,9.141e-04,)][eta: 4:50:12, time (data): 0.170 (0.028)]rfmnet: 1.6316e-02 l_total: 1.6316e-02 
2025-09-18 06:35:04,820 INFO: [faust..][epoch:  3, iter:  24,200, lr:(9.141e-04,9.141e-04,)][eta: 4:49:16, time (data): 0.152 (0.027)]rfmnet: 1.3829e-02 l_total: 1.3829e-02 
2025-09-18 06:35:20,181 INFO: [faust..][epoch:  3, iter:  24,300, lr:(9.141e-04,9.141e-04,)][eta: 4:48:20, time (data): 0.153 (0.028)]rfmnet: 1.2786e-02 l_total: 1.2786e-02 
2025-09-18 06:35:35,796 INFO: [faust..][epoch:  3, iter:  24,400, lr:(9.141e-04,9.141e-04,)][eta: 4:47:24, time (data): 0.155 (0.030)]rfmnet: 1.3246e-02 l_total: 1.3246e-02 
2025-09-18 06:35:50,877 INFO: [faust..][epoch:  3, iter:  24,500, lr:(9.141e-04,9.141e-04,)][eta: 4:46:28, time (data): 0.152 (0.029)]rfmnet: 1.3168e-02 l_total: 1.3168e-02 
2025-09-18 06:36:06,039 INFO: [faust..][epoch:  3, iter:  24,600, lr:(9.141e-04,9.141e-04,)][eta: 4:45:32, time (data): 0.152 (0.029)]rfmnet: 1.2295e-02 l_total: 1.2295e-02 
2025-09-18 06:36:21,130 INFO: [faust..][epoch:  3, iter:  24,700, lr:(9.141e-04,9.141e-04,)][eta: 4:44:37, time (data): 0.152 (0.029)]rfmnet: 1.1856e-02 l_total: 1.1856e-02 
2025-09-18 06:36:36,127 INFO: [faust..][epoch:  3, iter:  24,800, lr:(9.141e-04,9.141e-04,)][eta: 4:43:41, time (data): 0.149 (0.028)]rfmnet: 1.2092e-02 l_total: 1.2092e-02 
2025-09-18 06:36:54,945 INFO: [faust..][epoch:  3, iter:  24,900, lr:(9.141e-04,9.141e-04,)][eta: 4:42:56, time (data): 0.171 (0.028)]rfmnet: 1.0963e-02 l_total: 1.0963e-02 
2025-09-18 06:37:10,065 INFO: [faust..][epoch:  3, iter:  25,000, lr:(9.141e-04,9.141e-04,)][eta: 4:42:02, time (data): 0.151 (0.028)]rfmnet: 1.1597e-02 l_total: 1.1597e-02 
2025-09-18 06:37:32,109 INFO: [faust..][epoch:  3, iter:  25,100, lr:(9.141e-04,9.141e-04,)][eta: 4:41:25, time (data): 0.191 (0.028)]rfmnet: 1.0800e-02 l_total: 1.0800e-02 
2025-09-18 06:37:47,653 INFO: [faust..][epoch:  3, iter:  25,200, lr:(9.141e-04,9.141e-04,)][eta: 4:40:32, time (data): 0.150 (0.028)]rfmnet: 1.3310e-02 l_total: 1.3310e-02 
2025-09-18 06:38:03,905 INFO: [faust..][epoch:  3, iter:  25,300, lr:(9.141e-04,9.141e-04,)][eta: 4:39:42, time (data): 0.157 (0.028)]rfmnet: 9.7170e-03 l_total: 9.7170e-03 
2025-09-18 06:38:20,157 INFO: [faust..][epoch:  3, iter:  25,400, lr:(9.141e-04,9.141e-04,)][eta: 4:38:51, time (data): 0.166 (0.029)]rfmnet: 9.2051e-03 l_total: 9.2051e-03 
2025-09-18 06:38:35,089 INFO: [faust..][epoch:  3, iter:  25,500, lr:(9.141e-04,9.141e-04,)][eta: 4:37:57, time (data): 0.157 (0.029)]rfmnet: 8.6791e-03 l_total: 8.6791e-03 
2025-09-18 06:38:49,904 INFO: [faust..][epoch:  3, iter:  25,600, lr:(9.141e-04,9.141e-04,)][eta: 4:37:04, time (data): 0.148 (0.028)]rfmnet: 9.7337e-03 l_total: 9.7337e-03 
2025-09-18 06:39:04,707 INFO: [faust..][epoch:  3, iter:  25,700, lr:(9.141e-04,9.141e-04,)][eta: 4:36:10, time (data): 0.148 (0.027)]rfmnet: 1.6468e-02 l_total: 1.6468e-02 
2025-09-18 06:39:19,530 INFO: [faust..][epoch:  3, iter:  25,800, lr:(9.141e-04,9.141e-04,)][eta: 4:35:17, time (data): 0.148 (0.028)]rfmnet: 1.1429e-02 l_total: 1.1429e-02 
2025-09-18 06:39:34,496 INFO: [faust..][epoch:  3, iter:  25,900, lr:(9.141e-04,9.141e-04,)][eta: 4:34:25, time (data): 0.149 (0.028)]rfmnet: 9.3494e-03 l_total: 9.3494e-03 
2025-09-18 06:39:49,304 INFO: [faust..][epoch:  3, iter:  26,000, lr:(9.141e-04,9.141e-04,)][eta: 4:33:33, time (data): 0.148 (0.027)]rfmnet: 9.9569e-03 l_total: 9.9569e-03 
2025-09-18 06:39:49,304 INFO: Saving models and training states.
2025-09-18 06:39:49,319 INFO: Start validation.
2025-09-18 06:43:17,526 INFO: Avg time: 0.0909
2025-09-18 06:43:17,688 INFO: Val auc: 0.6365
2025-09-18 06:43:17,693 INFO: Val avg error: 0.0458
2025-09-18 06:43:34,511 INFO: [faust..][epoch:  3, iter:  26,100, lr:(9.141e-04,9.141e-04,)][eta: 4:41:16, time (data): 0.160 (0.029)]rfmnet: 8.3015e-03 l_total: 8.3015e-03 
2025-09-18 06:43:50,232 INFO: [faust..][epoch:  3, iter:  26,200, lr:(9.141e-04,9.141e-04,)][eta: 4:40:23, time (data): 0.158 (0.030)]rfmnet: 7.7681e-03 l_total: 7.7681e-03 
2025-09-18 06:44:13,223 INFO: [faust..][epoch:  3, iter:  26,300, lr:(9.141e-04,9.141e-04,)][eta: 4:39:49, time (data): 0.200 (0.029)]rfmnet: 6.7365e-03 l_total: 6.7365e-03 
2025-09-18 06:44:28,990 INFO: [faust..][epoch:  3, iter:  26,400, lr:(9.141e-04,9.141e-04,)][eta: 4:38:57, time (data): 0.159 (0.031)]rfmnet: 7.6012e-03 l_total: 7.6012e-03 
2025-09-18 06:44:46,501 INFO: [faust..][epoch:  3, iter:  26,500, lr:(9.141e-04,9.141e-04,)][eta: 4:38:09, time (data): 0.169 (0.031)]rfmnet: 8.3404e-03 l_total: 8.3404e-03 
2025-09-18 06:45:10,939 INFO: [faust..][epoch:  3, iter:  26,600, lr:(9.141e-04,9.141e-04,)][eta: 4:37:39, time (data): 0.252 (0.029)]rfmnet: 6.8918e-03 l_total: 6.8918e-03 
2025-09-18 06:45:34,194 INFO: [faust..][epoch:  3, iter:  26,700, lr:(9.141e-04,9.141e-04,)][eta: 4:37:05, time (data): 0.240 (0.029)]rfmnet: 6.5174e-03 l_total: 6.5174e-03 
2025-09-18 06:46:05,596 INFO: [faust..][epoch:  3, iter:  26,800, lr:(9.141e-04,9.141e-04,)][eta: 4:36:51, time (data): 0.280 (0.028)]rfmnet: 6.5212e-03 l_total: 6.5212e-03 
2025-09-18 06:46:39,553 INFO: [faust..][epoch:  3, iter:  26,900, lr:(9.141e-04,9.141e-04,)][eta: 4:36:43, time (data): 0.316 (0.029)]rfmnet: 7.1030e-03 l_total: 7.1030e-03 
2025-09-18 06:47:10,061 INFO: [faust..][epoch:  3, iter:  27,000, lr:(9.141e-04,9.141e-04,)][eta: 4:36:26, time (data): 0.264 (0.030)]rfmnet: 6.2431e-03 l_total: 6.2431e-03 
2025-09-18 06:47:46,072 INFO: [faust..][epoch:  4, iter:  27,100, lr:(8.145e-04,8.145e-04,)][eta: 4:36:23, time (data): 0.322 (0.033)]rfmnet: 5.6569e-03 l_total: 5.6569e-03 
2025-09-18 06:48:14,692 INFO: [faust..][epoch:  4, iter:  27,200, lr:(8.145e-04,8.145e-04,)][eta: 4:36:01, time (data): 0.240 (0.030)]rfmnet: 5.3902e-03 l_total: 5.3902e-03 
2025-09-18 06:48:51,330 INFO: [faust..][epoch:  4, iter:  27,300, lr:(8.145e-04,8.145e-04,)][eta: 4:35:59, time (data): 0.317 (0.030)]rfmnet: 5.8438e-03 l_total: 5.8438e-03 
2025-09-18 06:49:20,373 INFO: [faust..][epoch:  4, iter:  27,400, lr:(8.145e-04,8.145e-04,)][eta: 4:35:38, time (data): 0.261 (0.029)]rfmnet: 5.5846e-03 l_total: 5.5846e-03 
2025-09-18 06:49:57,340 INFO: [faust..][epoch:  4, iter:  27,500, lr:(8.145e-04,8.145e-04,)][eta: 4:35:36, time (data): 0.327 (0.029)]rfmnet: 5.4184e-03 l_total: 5.4184e-03 
2025-09-18 06:50:19,214 INFO: [faust..][epoch:  4, iter:  27,600, lr:(8.145e-04,8.145e-04,)][eta: 4:34:59, time (data): 0.180 (0.030)]rfmnet: 6.1387e-03 l_total: 6.1387e-03 
2025-09-18 06:50:34,299 INFO: [faust..][epoch:  4, iter:  27,700, lr:(8.145e-04,8.145e-04,)][eta: 4:34:07, time (data): 0.162 (0.029)]rfmnet: 4.7422e-03 l_total: 4.7422e-03 
2025-09-18 06:50:49,349 INFO: [faust..][epoch:  4, iter:  27,800, lr:(8.145e-04,8.145e-04,)][eta: 4:33:15, time (data): 0.150 (0.029)]rfmnet: 7.0322e-03 l_total: 7.0322e-03 
2025-09-18 06:51:04,503 INFO: [faust..][epoch:  4, iter:  27,900, lr:(8.145e-04,8.145e-04,)][eta: 4:32:24, time (data): 0.151 (0.029)]rfmnet: 4.7182e-03 l_total: 4.7182e-03 
2025-09-18 06:51:19,452 INFO: [faust..][epoch:  4, iter:  28,000, lr:(8.145e-04,8.145e-04,)][eta: 4:31:32, time (data): 0.149 (0.028)]rfmnet: 4.7927e-03 l_total: 4.7927e-03 
2025-09-18 06:51:19,452 INFO: Saving models and training states.
2025-09-18 06:51:19,467 INFO: Start validation.
2025-09-18 06:54:50,544 INFO: Avg time: 0.0673
2025-09-18 06:54:50,706 INFO: Val auc: 0.6365
2025-09-18 06:54:50,710 INFO: Val avg error: 0.0454
2025-09-18 06:55:07,388 INFO: [faust..][epoch:  4, iter:  28,100, lr:(8.145e-04,8.145e-04,)][eta: 4:38:30, time (data): 0.160 (0.029)]rfmnet: 4.4403e-03 l_total: 4.4403e-03 
2025-09-18 06:55:30,740 INFO: [faust..][epoch:  4, iter:  28,200, lr:(8.145e-04,8.145e-04,)][eta: 4:37:55, time (data): 0.247 (0.031)]rfmnet: 4.3176e-03 l_total: 4.3176e-03 
2025-09-18 06:55:46,819 INFO: [faust..][epoch:  4, iter:  28,300, lr:(8.145e-04,8.145e-04,)][eta: 4:37:05, time (data): 0.193 (0.032)]rfmnet: 4.1196e-03 l_total: 4.1196e-03 
2025-09-18 06:56:09,314 INFO: [faust..][epoch:  4, iter:  28,400, lr:(8.145e-04,8.145e-04,)][eta: 4:36:28, time (data): 0.262 (0.029)]rfmnet: 4.1154e-03 l_total: 4.1154e-03 
2025-09-18 06:56:33,101 INFO: [faust..][epoch:  4, iter:  28,500, lr:(8.145e-04,8.145e-04,)][eta: 4:35:54, time (data): 0.247 (0.028)]rfmnet: 4.5790e-03 l_total: 4.5790e-03 
2025-09-18 06:57:07,188 INFO: [faust..][epoch:  4, iter:  28,600, lr:(8.145e-04,8.145e-04,)][eta: 4:35:43, time (data): 0.393 (0.030)]rfmnet: 3.4021e-03 l_total: 3.4021e-03 
2025-09-18 06:57:34,656 INFO: [faust..][epoch:  4, iter:  28,700, lr:(8.145e-04,8.145e-04,)][eta: 4:35:17, time (data): 0.318 (0.030)]rfmnet: 3.8382e-03 l_total: 3.8382e-03 
2025-09-18 06:57:49,644 INFO: [faust..][epoch:  4, iter:  28,800, lr:(8.145e-04,8.145e-04,)][eta: 4:34:25, time (data): 0.150 (0.029)]rfmnet: 3.3041e-03 l_total: 3.3041e-03 
2025-09-18 06:58:04,807 INFO: [faust..][epoch:  4, iter:  28,900, lr:(8.145e-04,8.145e-04,)][eta: 4:33:33, time (data): 0.151 (0.029)]rfmnet: 3.3642e-03 l_total: 3.3642e-03 
2025-09-18 06:58:19,819 INFO: [faust..][epoch:  4, iter:  29,000, lr:(8.145e-04,8.145e-04,)][eta: 4:32:41, time (data): 0.150 (0.028)]rfmnet: 3.2283e-03 l_total: 3.2283e-03 
2025-09-18 06:58:34,791 INFO: [faust..][epoch:  4, iter:  29,100, lr:(8.145e-04,8.145e-04,)][eta: 4:31:50, time (data): 0.150 (0.028)]rfmnet: 3.0268e-03 l_total: 3.0268e-03 
2025-09-18 06:58:49,891 INFO: [faust..][epoch:  4, iter:  29,200, lr:(8.145e-04,8.145e-04,)][eta: 4:30:59, time (data): 0.151 (0.030)]rfmnet: 3.1664e-03 l_total: 3.1664e-03 
2025-09-18 06:59:04,958 INFO: [faust..][epoch:  4, iter:  29,300, lr:(8.145e-04,8.145e-04,)][eta: 4:30:08, time (data): 0.151 (0.029)]rfmnet: 3.0478e-03 l_total: 3.0478e-03 
2025-09-18 06:59:19,975 INFO: [faust..][epoch:  4, iter:  29,400, lr:(8.145e-04,8.145e-04,)][eta: 4:29:17, time (data): 0.150 (0.028)]rfmnet: 3.0010e-03 l_total: 3.0010e-03 
2025-09-18 06:59:35,275 INFO: [faust..][epoch:  4, iter:  29,500, lr:(8.145e-04,8.145e-04,)][eta: 4:28:27, time (data): 0.152 (0.030)]rfmnet: 3.3966e-03 l_total: 3.3966e-03 
2025-09-18 06:59:50,344 INFO: [faust..][epoch:  4, iter:  29,600, lr:(8.145e-04,8.145e-04,)][eta: 4:27:37, time (data): 0.151 (0.029)]rfmnet: 2.9520e-03 l_total: 2.9520e-03 
2025-09-18 07:00:05,569 INFO: [faust..][epoch:  4, iter:  29,700, lr:(8.145e-04,8.145e-04,)][eta: 4:26:47, time (data): 0.152 (0.029)]rfmnet: 2.5108e-03 l_total: 2.5108e-03 
2025-09-18 07:00:20,614 INFO: [faust..][epoch:  4, iter:  29,800, lr:(8.145e-04,8.145e-04,)][eta: 4:25:57, time (data): 0.151 (0.029)]rfmnet: 2.9833e-03 l_total: 2.9833e-03 
2025-09-18 07:00:35,778 INFO: [faust..][epoch:  4, iter:  29,900, lr:(8.145e-04,8.145e-04,)][eta: 4:25:08, time (data): 0.151 (0.029)]rfmnet: 3.0919e-03 l_total: 3.0919e-03 
2025-09-18 07:00:50,772 INFO: [faust..][epoch:  4, iter:  30,000, lr:(8.145e-04,8.145e-04,)][eta: 4:24:19, time (data): 0.151 (0.029)]rfmnet: 2.5898e-03 l_total: 2.5898e-03 
2025-09-18 07:00:50,772 INFO: Saving models and training states.
2025-09-18 07:00:50,787 INFO: Start validation.
2025-09-18 07:04:24,038 INFO: Avg time: 0.1076
2025-09-18 07:04:24,200 INFO: Val auc: 0.6355
2025-09-18 07:04:24,204 INFO: Val avg error: 0.0450
2025-09-18 07:04:41,284 INFO: [faust..][epoch:  4, iter:  30,100, lr:(8.145e-04,8.145e-04,)][eta: 4:30:38, time (data): 0.164 (0.029)]rfmnet: 2.6568e-03 l_total: 2.6568e-03 
2025-09-18 07:04:56,918 INFO: [faust..][epoch:  4, iter:  30,200, lr:(8.145e-04,8.145e-04,)][eta: 4:29:49, time (data): 0.152 (0.028)]rfmnet: 2.5839e-03 l_total: 2.5839e-03 
2025-09-18 07:05:12,073 INFO: [faust..][epoch:  4, iter:  30,300, lr:(8.145e-04,8.145e-04,)][eta: 4:28:58, time (data): 0.152 (0.028)]rfmnet: 2.3152e-03 l_total: 2.3152e-03 
2025-09-18 07:05:27,545 INFO: [faust..][epoch:  4, iter:  30,400, lr:(8.145e-04,8.145e-04,)][eta: 4:28:08, time (data): 0.152 (0.029)]rfmnet: 2.3125e-03 l_total: 2.3125e-03 
2025-09-18 07:05:42,677 INFO: [faust..][epoch:  4, iter:  30,500, lr:(8.145e-04,8.145e-04,)][eta: 4:27:18, time (data): 0.151 (0.029)]rfmnet: 2.2829e-03 l_total: 2.2829e-03 
2025-09-18 07:05:57,914 INFO: [faust..][epoch:  4, iter:  30,600, lr:(8.145e-04,8.145e-04,)][eta: 4:26:28, time (data): 0.152 (0.029)]rfmnet: 2.0386e-03 l_total: 2.0386e-03 
2025-09-18 07:06:13,040 INFO: [faust..][epoch:  4, iter:  30,700, lr:(8.145e-04,8.145e-04,)][eta: 4:25:39, time (data): 0.151 (0.029)]rfmnet: 2.0637e-03 l_total: 2.0637e-03 
2025-09-18 07:06:28,228 INFO: [faust..][epoch:  4, iter:  30,800, lr:(8.145e-04,8.145e-04,)][eta: 4:24:49, time (data): 0.151 (0.029)]rfmnet: 2.1332e-03 l_total: 2.1332e-03 
2025-09-18 07:06:43,336 INFO: [faust..][epoch:  4, iter:  30,900, lr:(8.145e-04,8.145e-04,)][eta: 4:24:00, time (data): 0.151 (0.029)]rfmnet: 1.8116e-03 l_total: 1.8116e-03 
2025-09-18 07:06:58,430 INFO: [faust..][epoch:  4, iter:  31,000, lr:(8.145e-04,8.145e-04,)][eta: 4:23:11, time (data): 0.150 (0.028)]rfmnet: 1.7369e-03 l_total: 1.7369e-03 
2025-09-18 07:07:13,616 INFO: [faust..][epoch:  4, iter:  31,100, lr:(8.145e-04,8.145e-04,)][eta: 4:22:22, time (data): 0.151 (0.029)]rfmnet: 1.8363e-03 l_total: 1.8363e-03 
2025-09-18 07:07:28,901 INFO: [faust..][epoch:  4, iter:  31,200, lr:(8.145e-04,8.145e-04,)][eta: 4:21:34, time (data): 0.150 (0.028)]rfmnet: 2.2381e-03 l_total: 2.2381e-03 
2025-09-18 07:07:44,100 INFO: [faust..][epoch:  4, iter:  31,300, lr:(8.145e-04,8.145e-04,)][eta: 4:20:46, time (data): 0.151 (0.029)]rfmnet: 1.7664e-03 l_total: 1.7664e-03 
2025-09-18 07:07:59,242 INFO: [faust..][epoch:  4, iter:  31,400, lr:(8.145e-04,8.145e-04,)][eta: 4:19:58, time (data): 0.152 (0.029)]rfmnet: 1.5554e-03 l_total: 1.5554e-03 
2025-09-18 07:08:14,380 INFO: [faust..][epoch:  4, iter:  31,500, lr:(8.145e-04,8.145e-04,)][eta: 4:19:10, time (data): 0.152 (0.029)]rfmnet: 1.4750e-03 l_total: 1.4750e-03 
2025-09-18 07:08:29,510 INFO: [faust..][epoch:  4, iter:  31,600, lr:(8.145e-04,8.145e-04,)][eta: 4:18:22, time (data): 0.151 (0.029)]rfmnet: 1.6305e-03 l_total: 1.6305e-03 
2025-09-18 07:08:44,678 INFO: [faust..][epoch:  4, iter:  31,700, lr:(8.145e-04,8.145e-04,)][eta: 4:17:35, time (data): 0.152 (0.028)]rfmnet: 1.5472e-03 l_total: 1.5472e-03 
2025-09-18 07:08:59,739 INFO: [faust..][epoch:  4, iter:  31,800, lr:(8.145e-04,8.145e-04,)][eta: 4:16:47, time (data): 0.151 (0.029)]rfmnet: 1.4604e-03 l_total: 1.4604e-03 
2025-09-18 07:09:15,145 INFO: [faust..][epoch:  4, iter:  31,900, lr:(8.145e-04,8.145e-04,)][eta: 4:16:01, time (data): 0.153 (0.030)]rfmnet: 1.2066e-03 l_total: 1.2066e-03 
2025-09-18 07:09:30,281 INFO: [faust..][epoch:  4, iter:  32,000, lr:(8.145e-04,8.145e-04,)][eta: 4:15:14, time (data): 0.151 (0.029)]rfmnet: 1.4235e-03 l_total: 1.4235e-03 
2025-09-18 07:09:30,281 INFO: Saving models and training states.
2025-09-18 07:09:30,298 INFO: Start validation.
2025-09-18 07:13:03,087 INFO: Avg time: 0.0723
2025-09-18 07:13:03,237 INFO: Val auc: 0.6396
2025-09-18 07:13:03,241 INFO: Val avg error: 0.0445
2025-09-18 07:13:19,668 INFO: [faust..][epoch:  4, iter:  32,100, lr:(8.145e-04,8.145e-04,)][eta: 4:20:53, time (data): 0.160 (0.029)]rfmnet: 1.2570e-03 l_total: 1.2570e-03 
2025-09-18 07:13:34,975 INFO: [faust..][epoch:  4, iter:  32,200, lr:(8.145e-04,8.145e-04,)][eta: 4:20:05, time (data): 0.153 (0.029)]rfmnet: 1.5787e-03 l_total: 1.5787e-03 
2025-09-18 07:13:50,754 INFO: [faust..][epoch:  4, iter:  32,300, lr:(8.145e-04,8.145e-04,)][eta: 4:19:18, time (data): 0.156 (0.029)]rfmnet: 1.2985e-03 l_total: 1.2985e-03 
2025-09-18 07:14:05,931 INFO: [faust..][epoch:  4, iter:  32,400, lr:(8.145e-04,8.145e-04,)][eta: 4:18:30, time (data): 0.152 (0.029)]rfmnet: 1.1036e-03 l_total: 1.1036e-03 
2025-09-18 07:14:21,281 INFO: [faust..][epoch:  4, iter:  32,500, lr:(8.145e-04,8.145e-04,)][eta: 4:17:43, time (data): 0.153 (0.029)]rfmnet: 1.3119e-03 l_total: 1.3119e-03 
2025-09-18 07:14:36,374 INFO: [faust..][epoch:  4, iter:  32,600, lr:(8.145e-04,8.145e-04,)][eta: 4:16:55, time (data): 0.150 (0.028)]rfmnet: 1.1885e-03 l_total: 1.1885e-03 
2025-09-18 07:14:51,494 INFO: [faust..][epoch:  4, iter:  32,700, lr:(8.145e-04,8.145e-04,)][eta: 4:16:08, time (data): 0.151 (0.028)]rfmnet: 1.1228e-03 l_total: 1.1228e-03 
2025-09-18 07:15:06,578 INFO: [faust..][epoch:  4, iter:  32,800, lr:(8.145e-04,8.145e-04,)][eta: 4:15:21, time (data): 0.150 (0.029)]rfmnet: 1.1290e-03 l_total: 1.1290e-03 
2025-09-18 07:15:21,696 INFO: [faust..][epoch:  4, iter:  32,900, lr:(8.145e-04,8.145e-04,)][eta: 4:14:34, time (data): 0.151 (0.029)]rfmnet: 1.0325e-03 l_total: 1.0325e-03 
2025-09-18 07:15:36,849 INFO: [faust..][epoch:  4, iter:  33,000, lr:(8.145e-04,8.145e-04,)][eta: 4:13:47, time (data): 0.152 (0.028)]rfmnet: 1.0389e-03 l_total: 1.0389e-03 
2025-09-18 07:15:52,095 INFO: [faust..][epoch:  4, iter:  33,100, lr:(8.145e-04,8.145e-04,)][eta: 4:13:00, time (data): 0.152 (0.028)]rfmnet: 1.0806e-03 l_total: 1.0806e-03 
2025-09-18 07:16:07,237 INFO: [faust..][epoch:  4, iter:  33,200, lr:(8.145e-04,8.145e-04,)][eta: 4:12:14, time (data): 0.152 (0.029)]rfmnet: 1.0179e-03 l_total: 1.0179e-03 
2025-09-18 07:16:22,373 INFO: [faust..][epoch:  4, iter:  33,300, lr:(8.145e-04,8.145e-04,)][eta: 4:11:28, time (data): 0.151 (0.029)]rfmnet: 9.1860e-04 l_total: 9.1860e-04 
2025-09-18 07:16:37,526 INFO: [faust..][epoch:  4, iter:  33,400, lr:(8.145e-04,8.145e-04,)][eta: 4:10:42, time (data): 0.152 (0.029)]rfmnet: 8.2465e-04 l_total: 8.2465e-04 
2025-09-18 07:16:52,613 INFO: [faust..][epoch:  4, iter:  33,500, lr:(8.145e-04,8.145e-04,)][eta: 4:09:56, time (data): 0.151 (0.029)]rfmnet: 8.9871e-04 l_total: 8.9871e-04 
2025-09-18 07:17:07,899 INFO: [faust..][epoch:  4, iter:  33,600, lr:(8.145e-04,8.145e-04,)][eta: 4:09:10, time (data): 0.153 (0.028)]rfmnet: 9.1727e-04 l_total: 9.1727e-04 
2025-09-18 07:17:23,206 INFO: [faust..][epoch:  4, iter:  33,700, lr:(8.145e-04,8.145e-04,)][eta: 4:08:25, time (data): 0.153 (0.029)]rfmnet: 8.7556e-04 l_total: 8.7556e-04 
2025-09-18 07:17:38,558 INFO: [faust..][epoch:  4, iter:  33,800, lr:(8.145e-04,8.145e-04,)][eta: 4:07:40, time (data): 0.154 (0.030)]rfmnet: 9.4437e-04 l_total: 9.4437e-04 
2025-09-18 07:17:53,872 INFO: [faust..][epoch:  4, iter:  33,900, lr:(8.145e-04,8.145e-04,)][eta: 4:06:55, time (data): 0.153 (0.029)]rfmnet: 7.0540e-04 l_total: 7.0540e-04 
2025-09-18 07:18:09,331 INFO: [faust..][epoch:  4, iter:  34,000, lr:(8.145e-04,8.145e-04,)][eta: 4:06:11, time (data): 0.155 (0.030)]rfmnet: 6.9323e-04 l_total: 6.9323e-04 
2025-09-18 07:18:09,331 INFO: Saving models and training states.
2025-09-18 07:18:09,348 INFO: Start validation.
2025-09-18 07:21:41,569 INFO: Avg time: 0.0778
2025-09-18 07:21:41,722 INFO: Val auc: 0.6378
2025-09-18 07:21:41,726 INFO: Val avg error: 0.0449
2025-09-18 07:21:58,143 INFO: [faust..][epoch:  4, iter:  34,100, lr:(8.145e-04,8.145e-04,)][eta: 4:11:16, time (data): 0.161 (0.029)]rfmnet: 8.4176e-04 l_total: 8.4176e-04 
2025-09-18 07:22:13,490 INFO: [faust..][epoch:  4, iter:  34,200, lr:(8.145e-04,8.145e-04,)][eta: 4:10:30, time (data): 0.152 (0.028)]rfmnet: 7.1653e-04 l_total: 7.1653e-04 
2025-09-18 07:22:29,199 INFO: [faust..][epoch:  4, iter:  34,300, lr:(8.145e-04,8.145e-04,)][eta: 4:09:45, time (data): 0.156 (0.029)]rfmnet: 2.5647e-03 l_total: 2.5647e-03 
2025-09-18 07:22:44,780 INFO: [faust..][epoch:  4, iter:  34,400, lr:(8.145e-04,8.145e-04,)][eta: 4:09:00, time (data): 0.155 (0.030)]rfmnet: 2.0714e-03 l_total: 2.0714e-03 
2025-09-18 07:23:00,142 INFO: [faust..][epoch:  4, iter:  34,500, lr:(8.145e-04,8.145e-04,)][eta: 4:08:15, time (data): 0.154 (0.029)]rfmnet: 1.7127e-03 l_total: 1.7127e-03 
2025-09-18 07:23:15,287 INFO: [faust..][epoch:  4, iter:  34,600, lr:(8.145e-04,8.145e-04,)][eta: 4:07:29, time (data): 0.153 (0.028)]rfmnet: 1.3781e-03 l_total: 1.3781e-03 
2025-09-18 07:23:30,486 INFO: [faust..][epoch:  4, iter:  34,700, lr:(8.145e-04,8.145e-04,)][eta: 4:06:44, time (data): 0.152 (0.029)]rfmnet: 1.4477e-03 l_total: 1.4477e-03 
2025-09-18 07:23:45,634 INFO: [faust..][epoch:  4, iter:  34,800, lr:(8.145e-04,8.145e-04,)][eta: 4:05:59, time (data): 0.150 (0.029)]rfmnet: 1.0582e-03 l_total: 1.0582e-03 
2025-09-18 07:24:00,787 INFO: [faust..][epoch:  4, iter:  34,900, lr:(8.145e-04,8.145e-04,)][eta: 4:05:14, time (data): 0.151 (0.029)]rfmnet: 1.1587e-03 l_total: 1.1587e-03 
2025-09-18 07:24:16,081 INFO: [faust..][epoch:  4, iter:  35,000, lr:(8.145e-04,8.145e-04,)][eta: 4:04:29, time (data): 0.153 (0.029)]rfmnet: 1.6387e-03 l_total: 1.6387e-03 
2025-09-18 07:24:31,269 INFO: [faust..][epoch:  4, iter:  35,100, lr:(8.145e-04,8.145e-04,)][eta: 4:03:44, time (data): 0.152 (0.029)]rfmnet: 1.2931e-03 l_total: 1.2931e-03 
2025-09-18 07:24:46,543 INFO: [faust..][epoch:  4, iter:  35,200, lr:(8.145e-04,8.145e-04,)][eta: 4:03:00, time (data): 0.156 (0.029)]rfmnet: 1.1987e-03 l_total: 1.1987e-03 
2025-09-18 07:25:01,750 INFO: [faust..][epoch:  4, iter:  35,300, lr:(8.145e-04,8.145e-04,)][eta: 4:02:16, time (data): 0.153 (0.029)]rfmnet: 9.4050e-04 l_total: 9.4050e-04 
2025-09-18 07:25:16,849 INFO: [faust..][epoch:  4, iter:  35,400, lr:(8.145e-04,8.145e-04,)][eta: 4:01:32, time (data): 0.151 (0.028)]rfmnet: 1.1712e-03 l_total: 1.1712e-03 
2025-09-18 07:25:31,988 INFO: [faust..][epoch:  4, iter:  35,500, lr:(8.145e-04,8.145e-04,)][eta: 4:00:48, time (data): 0.151 (0.029)]rfmnet: 8.4788e-04 l_total: 8.4788e-04 
2025-09-18 07:25:47,205 INFO: [faust..][epoch:  4, iter:  35,600, lr:(8.145e-04,8.145e-04,)][eta: 4:00:04, time (data): 0.153 (0.029)]rfmnet: 6.8589e-04 l_total: 6.8589e-04 
2025-09-18 07:26:02,517 INFO: [faust..][epoch:  4, iter:  35,700, lr:(8.145e-04,8.145e-04,)][eta: 3:59:20, time (data): 0.153 (0.029)]rfmnet: 7.2520e-04 l_total: 7.2520e-04 
2025-09-18 07:26:17,968 INFO: [faust..][epoch:  4, iter:  35,800, lr:(8.145e-04,8.145e-04,)][eta: 3:58:37, time (data): 0.156 (0.028)]rfmnet: 7.3617e-04 l_total: 7.3617e-04 
2025-09-18 07:26:33,012 INFO: [faust..][epoch:  4, iter:  35,900, lr:(8.145e-04,8.145e-04,)][eta: 3:57:54, time (data): 0.152 (0.029)]rfmnet: 6.6915e-04 l_total: 6.6915e-04 
2025-09-18 07:26:48,272 INFO: [faust..][epoch:  4, iter:  36,000, lr:(8.145e-04,8.145e-04,)][eta: 3:57:11, time (data): 0.153 (0.029)]rfmnet: 6.1860e-04 l_total: 6.1860e-04 
2025-09-18 07:26:48,272 INFO: Saving models and training states.
2025-09-18 07:26:48,288 INFO: Start validation.
2025-09-18 07:30:22,023 INFO: Avg time: 0.0877
2025-09-18 07:30:22,188 INFO: Val auc: 0.4936
2025-09-18 07:30:22,193 INFO: Val avg error: 0.1692
2025-09-18 07:30:39,726 INFO: [faust..][epoch:  5, iter:  36,100, lr:(6.891e-04,6.891e-04,)][eta: 4:01:51, time (data): 0.171 (0.033)]rfmnet: 9.1807e-04 l_total: 9.1807e-04 
2025-09-18 07:30:55,194 INFO: [faust..][epoch:  5, iter:  36,200, lr:(6.891e-04,6.891e-04,)][eta: 4:01:07, time (data): 0.154 (0.028)]rfmnet: 5.7811e-04 l_total: 5.7811e-04 
2025-09-18 07:31:10,885 INFO: [faust..][epoch:  5, iter:  36,300, lr:(6.891e-04,6.891e-04,)][eta: 4:00:23, time (data): 0.156 (0.030)]rfmnet: 5.2821e-04 l_total: 5.2821e-04 
2025-09-18 07:31:26,214 INFO: [faust..][epoch:  5, iter:  36,400, lr:(6.891e-04,6.891e-04,)][eta: 3:59:39, time (data): 0.154 (0.029)]rfmnet: 5.2407e-04 l_total: 5.2407e-04 
2025-09-18 07:31:41,493 INFO: [faust..][epoch:  5, iter:  36,500, lr:(6.891e-04,6.891e-04,)][eta: 3:58:56, time (data): 0.153 (0.029)]rfmnet: 7.7618e-04 l_total: 7.7618e-04 
2025-09-18 07:31:56,868 INFO: [faust..][epoch:  5, iter:  36,600, lr:(6.891e-04,6.891e-04,)][eta: 3:58:12, time (data): 0.153 (0.029)]rfmnet: 8.5482e-04 l_total: 8.5482e-04 
2025-09-18 07:32:12,371 INFO: [faust..][epoch:  5, iter:  36,700, lr:(6.891e-04,6.891e-04,)][eta: 3:57:29, time (data): 0.155 (0.030)]rfmnet: 5.8198e-04 l_total: 5.8198e-04 
2025-09-18 07:32:27,729 INFO: [faust..][epoch:  5, iter:  36,800, lr:(6.891e-04,6.891e-04,)][eta: 3:56:46, time (data): 0.152 (0.028)]rfmnet: 4.4067e-04 l_total: 4.4067e-04 
2025-09-18 07:32:43,054 INFO: [faust..][epoch:  5, iter:  36,900, lr:(6.891e-04,6.891e-04,)][eta: 3:56:03, time (data): 0.153 (0.029)]rfmnet: 4.5352e-04 l_total: 4.5352e-04 
2025-09-18 07:32:58,515 INFO: [faust..][epoch:  5, iter:  37,000, lr:(6.891e-04,6.891e-04,)][eta: 3:55:20, time (data): 0.159 (0.030)]rfmnet: 4.5998e-04 l_total: 4.5998e-04 
2025-09-18 07:33:14,096 INFO: [faust..][epoch:  5, iter:  37,100, lr:(6.891e-04,6.891e-04,)][eta: 3:54:38, time (data): 0.156 (0.030)]rfmnet: 4.2438e-04 l_total: 4.2438e-04 
2025-09-18 07:33:29,608 INFO: [faust..][epoch:  5, iter:  37,200, lr:(6.891e-04,6.891e-04,)][eta: 3:53:55, time (data): 0.152 (0.030)]rfmnet: 4.3270e-04 l_total: 4.3270e-04 
2025-09-18 07:33:44,960 INFO: [faust..][epoch:  5, iter:  37,300, lr:(6.891e-04,6.891e-04,)][eta: 3:53:13, time (data): 0.153 (0.029)]rfmnet: 3.5617e-04 l_total: 3.5617e-04 
2025-09-18 07:34:00,207 INFO: [faust..][epoch:  5, iter:  37,400, lr:(6.891e-04,6.891e-04,)][eta: 3:52:30, time (data): 0.150 (0.028)]rfmnet: 3.7759e-04 l_total: 3.7759e-04 
2025-09-18 07:34:15,531 INFO: [faust..][epoch:  5, iter:  37,500, lr:(6.891e-04,6.891e-04,)][eta: 3:51:48, time (data): 0.153 (0.029)]rfmnet: 3.7680e-04 l_total: 3.7680e-04 
2025-09-18 07:34:30,922 INFO: [faust..][epoch:  5, iter:  37,600, lr:(6.891e-04,6.891e-04,)][eta: 3:51:06, time (data): 0.150 (0.028)]rfmnet: 3.4759e-04 l_total: 3.4759e-04 
2025-09-18 07:34:46,298 INFO: [faust..][epoch:  5, iter:  37,700, lr:(6.891e-04,6.891e-04,)][eta: 3:50:24, time (data): 0.153 (0.029)]rfmnet: 3.1217e-04 l_total: 3.1217e-04 
2025-09-18 07:35:01,735 INFO: [faust..][epoch:  5, iter:  37,800, lr:(6.891e-04,6.891e-04,)][eta: 3:49:43, time (data): 0.150 (0.028)]rfmnet: 3.0564e-04 l_total: 3.0564e-04 
2025-09-18 07:35:17,158 INFO: [faust..][epoch:  5, iter:  37,900, lr:(6.891e-04,6.891e-04,)][eta: 3:49:01, time (data): 0.154 (0.029)]rfmnet: 5.4901e-04 l_total: 5.4901e-04 
2025-09-18 07:35:32,379 INFO: [faust..][epoch:  5, iter:  38,000, lr:(6.891e-04,6.891e-04,)][eta: 3:48:20, time (data): 0.151 (0.028)]rfmnet: 2.9035e-04 l_total: 2.9035e-04 
2025-09-18 07:35:32,380 INFO: Saving models and training states.
2025-09-18 07:35:32,394 INFO: Start validation.
2025-09-18 07:39:04,255 INFO: Avg time: 0.0907
2025-09-18 07:39:04,411 INFO: Val auc: 0.3537
2025-09-18 07:39:04,416 INFO: Val avg error: 0.2985
2025-09-18 07:39:21,027 INFO: [faust..][epoch:  5, iter:  38,100, lr:(6.891e-04,6.891e-04,)][eta: 3:52:29, time (data): 0.164 (0.029)]rfmnet: 4.4753e-04 l_total: 4.4753e-04 
2025-09-18 07:39:36,648 INFO: [faust..][epoch:  5, iter:  38,200, lr:(6.891e-04,6.891e-04,)][eta: 3:51:47, time (data): 0.155 (0.028)]rfmnet: 2.8503e-04 l_total: 2.8503e-04 
2025-09-18 07:39:52,179 INFO: [faust..][epoch:  5, iter:  38,300, lr:(6.891e-04,6.891e-04,)][eta: 3:51:05, time (data): 0.155 (0.029)]rfmnet: 5.0091e-04 l_total: 5.0091e-04 
2025-09-18 07:40:07,770 INFO: [faust..][epoch:  5, iter:  38,400, lr:(6.891e-04,6.891e-04,)][eta: 3:50:23, time (data): 0.150 (0.028)]rfmnet: 3.4750e-04 l_total: 3.4750e-04 
2025-09-18 07:40:23,264 INFO: [faust..][epoch:  5, iter:  38,500, lr:(6.891e-04,6.891e-04,)][eta: 3:49:41, time (data): 0.155 (0.030)]rfmnet: 2.6834e-04 l_total: 2.6834e-04 
2025-09-18 07:40:38,365 INFO: [faust..][epoch:  5, iter:  38,600, lr:(6.891e-04,6.891e-04,)][eta: 3:48:59, time (data): 0.150 (0.028)]rfmnet: 2.5508e-04 l_total: 2.5508e-04 
2025-09-18 07:40:53,717 INFO: [faust..][epoch:  5, iter:  38,700, lr:(6.891e-04,6.891e-04,)][eta: 3:48:17, time (data): 0.153 (0.029)]rfmnet: 2.7925e-04 l_total: 2.7925e-04 
2025-09-18 07:41:08,918 INFO: [faust..][epoch:  5, iter:  38,800, lr:(6.891e-04,6.891e-04,)][eta: 3:47:35, time (data): 0.155 (0.028)]rfmnet: 2.8517e-04 l_total: 2.8517e-04 
2025-09-18 07:41:24,242 INFO: [faust..][epoch:  5, iter:  38,900, lr:(6.891e-04,6.891e-04,)][eta: 3:46:53, time (data): 0.153 (0.030)]rfmnet: 2.4507e-04 l_total: 2.4507e-04 
2025-09-18 07:41:39,772 INFO: [faust..][epoch:  5, iter:  39,000, lr:(6.891e-04,6.891e-04,)][eta: 3:46:12, time (data): 0.176 (0.030)]rfmnet: 3.4264e-04 l_total: 3.4264e-04 
2025-09-18 07:41:54,938 INFO: [faust..][epoch:  5, iter:  39,100, lr:(6.891e-04,6.891e-04,)][eta: 3:45:31, time (data): 0.153 (0.029)]rfmnet: 2.2741e-04 l_total: 2.2741e-04 
2025-09-18 07:42:10,247 INFO: [faust..][epoch:  5, iter:  39,200, lr:(6.891e-04,6.891e-04,)][eta: 3:44:50, time (data): 0.154 (0.029)]rfmnet: 2.2882e-04 l_total: 2.2882e-04 
2025-09-18 07:42:25,738 INFO: [faust..][epoch:  5, iter:  39,300, lr:(6.891e-04,6.891e-04,)][eta: 3:44:09, time (data): 0.155 (0.029)]rfmnet: 3.8932e-04 l_total: 3.8932e-04 
2025-09-18 07:42:40,825 INFO: [faust..][epoch:  5, iter:  39,400, lr:(6.891e-04,6.891e-04,)][eta: 3:43:28, time (data): 0.148 (0.028)]rfmnet: 2.3461e-04 l_total: 2.3461e-04 
2025-09-18 07:42:56,320 INFO: [faust..][epoch:  5, iter:  39,500, lr:(6.891e-04,6.891e-04,)][eta: 3:42:47, time (data): 0.155 (0.030)]rfmnet: 2.2541e-04 l_total: 2.2541e-04 
2025-09-18 07:43:11,607 INFO: [faust..][epoch:  5, iter:  39,600, lr:(6.891e-04,6.891e-04,)][eta: 3:42:06, time (data): 0.147 (0.028)]rfmnet: 3.0497e-04 l_total: 3.0497e-04 
2025-09-18 07:43:26,760 INFO: [faust..][epoch:  5, iter:  39,700, lr:(6.891e-04,6.891e-04,)][eta: 3:41:26, time (data): 0.151 (0.029)]rfmnet: 2.0530e-04 l_total: 2.0530e-04 
2025-09-18 07:43:42,186 INFO: [faust..][epoch:  5, iter:  39,800, lr:(6.891e-04,6.891e-04,)][eta: 3:40:45, time (data): 0.147 (0.028)]rfmnet: 1.8201e-04 l_total: 1.8201e-04 
2025-09-18 07:43:57,533 INFO: [faust..][epoch:  5, iter:  39,900, lr:(6.891e-04,6.891e-04,)][eta: 3:40:05, time (data): 0.153 (0.030)]rfmnet: 2.1583e-04 l_total: 2.1583e-04 
2025-09-18 07:44:12,889 INFO: [faust..][epoch:  5, iter:  40,000, lr:(6.891e-04,6.891e-04,)][eta: 3:39:25, time (data): 0.151 (0.032)]rfmnet: 2.7950e-04 l_total: 2.7950e-04 
2025-09-18 07:44:12,889 INFO: Saving models and training states.
2025-09-18 07:44:12,906 INFO: Start validation.
2025-09-18 07:47:44,676 INFO: Avg time: 0.0991
2025-09-18 07:47:44,835 INFO: Val auc: 0.4026
2025-09-18 07:47:44,840 INFO: Val avg error: 0.2381
2025-09-18 07:48:02,197 INFO: [faust..][epoch:  5, iter:  40,100, lr:(6.891e-04,6.891e-04,)][eta: 3:43:11, time (data): 0.173 (0.029)]rfmnet: 2.0752e-04 l_total: 2.0752e-04 
2025-09-18 07:48:17,924 INFO: [faust..][epoch:  5, iter:  40,200, lr:(6.891e-04,6.891e-04,)][eta: 3:42:31, time (data): 0.165 (0.029)]rfmnet: 2.9650e-04 l_total: 2.9650e-04 
2025-09-18 07:48:33,177 INFO: [faust..][epoch:  5, iter:  40,300, lr:(6.891e-04,6.891e-04,)][eta: 3:41:50, time (data): 0.153 (0.029)]rfmnet: 2.1463e-04 l_total: 2.1463e-04 
2025-09-18 07:48:48,470 INFO: [faust..][epoch:  5, iter:  40,400, lr:(6.891e-04,6.891e-04,)][eta: 3:41:09, time (data): 0.153 (0.029)]rfmnet: 1.7008e-04 l_total: 1.7008e-04 
2025-09-18 07:49:03,718 INFO: [faust..][epoch:  5, iter:  40,500, lr:(6.891e-04,6.891e-04,)][eta: 3:40:28, time (data): 0.152 (0.029)]rfmnet: 1.8066e-04 l_total: 1.8066e-04 
2025-09-18 07:49:18,825 INFO: [faust..][epoch:  5, iter:  40,600, lr:(6.891e-04,6.891e-04,)][eta: 3:39:47, time (data): 0.152 (0.029)]rfmnet: 1.6041e-04 l_total: 1.6041e-04 
2025-09-18 07:49:34,076 INFO: [faust..][epoch:  5, iter:  40,700, lr:(6.891e-04,6.891e-04,)][eta: 3:39:07, time (data): 0.152 (0.029)]rfmnet: 1.3962e-04 l_total: 1.3962e-04 
2025-09-18 07:49:49,193 INFO: [faust..][epoch:  5, iter:  40,800, lr:(6.891e-04,6.891e-04,)][eta: 3:38:26, time (data): 0.152 (0.029)]rfmnet: 1.3531e-04 l_total: 1.3531e-04 
2025-09-18 07:50:04,327 INFO: [faust..][epoch:  5, iter:  40,900, lr:(6.891e-04,6.891e-04,)][eta: 3:37:45, time (data): 0.151 (0.029)]rfmnet: 1.7140e-04 l_total: 1.7140e-04 
2025-09-18 07:50:19,588 INFO: [faust..][epoch:  5, iter:  41,000, lr:(6.891e-04,6.891e-04,)][eta: 3:37:05, time (data): 0.152 (0.029)]rfmnet: 2.2011e-04 l_total: 2.2011e-04 
2025-09-18 07:50:34,906 INFO: [faust..][epoch:  5, iter:  41,100, lr:(6.891e-04,6.891e-04,)][eta: 3:36:25, time (data): 0.153 (0.029)]rfmnet: 1.3197e-04 l_total: 1.3197e-04 
2025-09-18 07:50:50,262 INFO: [faust..][epoch:  5, iter:  41,200, lr:(6.891e-04,6.891e-04,)][eta: 3:35:46, time (data): 0.153 (0.029)]rfmnet: 1.2203e-04 l_total: 1.2203e-04 
2025-09-18 07:51:05,470 INFO: [faust..][epoch:  5, iter:  41,300, lr:(6.891e-04,6.891e-04,)][eta: 3:35:06, time (data): 0.152 (0.029)]rfmnet: 1.1778e-04 l_total: 1.1778e-04 
2025-09-18 07:51:20,574 INFO: [faust..][epoch:  5, iter:  41,400, lr:(6.891e-04,6.891e-04,)][eta: 3:34:26, time (data): 0.152 (0.029)]rfmnet: 1.1337e-04 l_total: 1.1337e-04 
2025-09-18 07:51:35,750 INFO: [faust..][epoch:  5, iter:  41,500, lr:(6.891e-04,6.891e-04,)][eta: 3:33:46, time (data): 0.152 (0.029)]rfmnet: 1.0700e-04 l_total: 1.0700e-04 
2025-09-18 07:51:50,995 INFO: [faust..][epoch:  5, iter:  41,600, lr:(6.891e-04,6.891e-04,)][eta: 3:33:07, time (data): 0.152 (0.029)]rfmnet: 1.0308e-04 l_total: 1.0308e-04 
2025-09-18 07:52:06,173 INFO: [faust..][epoch:  5, iter:  41,700, lr:(6.891e-04,6.891e-04,)][eta: 3:32:27, time (data): 0.151 (0.029)]rfmnet: 1.0029e-04 l_total: 1.0029e-04 
2025-09-18 07:52:21,459 INFO: [faust..][epoch:  5, iter:  41,800, lr:(6.891e-04,6.891e-04,)][eta: 3:31:48, time (data): 0.152 (0.029)]rfmnet: 1.0663e-04 l_total: 1.0663e-04 
2025-09-18 07:52:36,553 INFO: [faust..][epoch:  5, iter:  41,900, lr:(6.891e-04,6.891e-04,)][eta: 3:31:09, time (data): 0.151 (0.029)]rfmnet: 9.3189e-05 l_total: 9.3189e-05 
2025-09-18 07:52:51,730 INFO: [faust..][epoch:  5, iter:  42,000, lr:(6.891e-04,6.891e-04,)][eta: 3:30:30, time (data): 0.151 (0.029)]rfmnet: 1.8885e-04 l_total: 1.8885e-04 
2025-09-18 07:52:51,731 INFO: Saving models and training states.
2025-09-18 07:52:51,746 INFO: Start validation.
2025-09-18 07:56:26,697 INFO: Avg time: 0.0798
2025-09-18 07:56:26,854 INFO: Val auc: 0.3911
2025-09-18 07:56:26,859 INFO: Val avg error: 0.2707
2025-09-18 07:56:43,821 INFO: [faust..][epoch:  5, iter:  42,100, lr:(6.891e-04,6.891e-04,)][eta: 3:33:58, time (data): 0.167 (0.029)]rfmnet: 1.0582e-04 l_total: 1.0582e-04 
2025-09-18 07:56:59,563 INFO: [faust..][epoch:  5, iter:  42,200, lr:(6.891e-04,6.891e-04,)][eta: 3:33:18, time (data): 0.162 (0.029)]rfmnet: 1.0523e-04 l_total: 1.0523e-04 
2025-09-18 07:57:14,914 INFO: [faust..][epoch:  5, iter:  42,300, lr:(6.891e-04,6.891e-04,)][eta: 3:32:39, time (data): 0.154 (0.029)]rfmnet: 1.3533e-04 l_total: 1.3533e-04 
2025-09-18 07:57:30,365 INFO: [faust..][epoch:  5, iter:  42,400, lr:(6.891e-04,6.891e-04,)][eta: 3:31:59, time (data): 0.154 (0.029)]rfmnet: 1.0096e-04 l_total: 1.0096e-04 
2025-09-18 07:57:45,707 INFO: [faust..][epoch:  5, iter:  42,500, lr:(6.891e-04,6.891e-04,)][eta: 3:31:20, time (data): 0.154 (0.029)]rfmnet: 7.8912e-05 l_total: 7.8912e-05 
2025-09-18 07:58:00,864 INFO: [faust..][epoch:  5, iter:  42,600, lr:(6.891e-04,6.891e-04,)][eta: 3:30:40, time (data): 0.153 (0.029)]rfmnet: 8.9729e-05 l_total: 8.9729e-05 
2025-09-18 07:58:15,906 INFO: [faust..][epoch:  5, iter:  42,700, lr:(6.891e-04,6.891e-04,)][eta: 3:30:01, time (data): 0.151 (0.028)]rfmnet: 7.5031e-05 l_total: 7.5031e-05 
2025-09-18 07:58:31,096 INFO: [faust..][epoch:  5, iter:  42,800, lr:(6.891e-04,6.891e-04,)][eta: 3:29:21, time (data): 0.151 (0.028)]rfmnet: 7.3613e-05 l_total: 7.3613e-05 
2025-09-18 07:58:46,273 INFO: [faust..][epoch:  5, iter:  42,900, lr:(6.891e-04,6.891e-04,)][eta: 3:28:42, time (data): 0.152 (0.028)]rfmnet: 7.5624e-05 l_total: 7.5624e-05 
2025-09-18 07:59:01,529 INFO: [faust..][epoch:  5, iter:  43,000, lr:(6.891e-04,6.891e-04,)][eta: 3:28:03, time (data): 0.152 (0.029)]rfmnet: 1.1789e-04 l_total: 1.1789e-04 
2025-09-18 07:59:16,499 INFO: [faust..][epoch:  5, iter:  43,100, lr:(6.891e-04,6.891e-04,)][eta: 3:27:24, time (data): 0.149 (0.028)]rfmnet: 7.0849e-05 l_total: 7.0849e-05 
2025-09-18 07:59:31,667 INFO: [faust..][epoch:  5, iter:  43,200, lr:(6.891e-04,6.891e-04,)][eta: 3:26:45, time (data): 0.151 (0.029)]rfmnet: 7.2049e-05 l_total: 7.2049e-05 
2025-09-18 07:59:46,848 INFO: [faust..][epoch:  5, iter:  43,300, lr:(6.891e-04,6.891e-04,)][eta: 3:26:07, time (data): 0.152 (0.029)]rfmnet: 6.6092e-05 l_total: 6.6092e-05 
2025-09-18 08:00:01,844 INFO: [faust..][epoch:  5, iter:  43,400, lr:(6.891e-04,6.891e-04,)][eta: 3:25:28, time (data): 0.151 (0.029)]rfmnet: 6.0426e-05 l_total: 6.0426e-05 
2025-09-18 08:00:17,056 INFO: [faust..][epoch:  5, iter:  43,500, lr:(6.891e-04,6.891e-04,)][eta: 3:24:49, time (data): 0.152 (0.029)]rfmnet: 6.2830e-05 l_total: 6.2830e-05 
2025-09-18 08:00:32,181 INFO: [faust..][epoch:  5, iter:  43,600, lr:(6.891e-04,6.891e-04,)][eta: 3:24:11, time (data): 0.152 (0.029)]rfmnet: 6.6208e-05 l_total: 6.6208e-05 
2025-09-18 08:00:47,295 INFO: [faust..][epoch:  5, iter:  43,700, lr:(6.891e-04,6.891e-04,)][eta: 3:23:32, time (data): 0.152 (0.028)]rfmnet: 6.2145e-05 l_total: 6.2145e-05 
2025-09-18 08:01:02,473 INFO: [faust..][epoch:  5, iter:  43,800, lr:(6.891e-04,6.891e-04,)][eta: 3:22:54, time (data): 0.152 (0.029)]rfmnet: 8.4461e-05 l_total: 8.4461e-05 
2025-09-18 08:01:17,685 INFO: [faust..][epoch:  5, iter:  43,900, lr:(6.891e-04,6.891e-04,)][eta: 3:22:16, time (data): 0.150 (0.029)]rfmnet: 5.6690e-05 l_total: 5.6690e-05 
2025-09-18 08:01:32,736 INFO: [faust..][epoch:  5, iter:  44,000, lr:(6.891e-04,6.891e-04,)][eta: 3:21:38, time (data): 0.150 (0.029)]rfmnet: 5.8041e-05 l_total: 5.8041e-05 
2025-09-18 08:01:32,737 INFO: Saving models and training states.
2025-09-18 08:01:32,752 INFO: Start validation.
2025-09-18 08:05:05,718 INFO: Avg time: 0.1141
2025-09-18 08:05:05,875 INFO: Val auc: 0.5140
2025-09-18 08:05:05,881 INFO: Val avg error: 0.1475
2025-09-18 08:05:22,490 INFO: [faust..][epoch:  5, iter:  44,100, lr:(6.891e-04,6.891e-04,)][eta: 3:24:44, time (data): 0.157 (0.028)]rfmnet: 9.0284e-05 l_total: 9.0284e-05 
2025-09-18 08:05:38,058 INFO: [faust..][epoch:  5, iter:  44,200, lr:(6.891e-04,6.891e-04,)][eta: 3:24:05, time (data): 0.156 (0.029)]rfmnet: 5.7875e-05 l_total: 5.7875e-05 
2025-09-18 08:05:53,391 INFO: [faust..][epoch:  5, iter:  44,300, lr:(6.891e-04,6.891e-04,)][eta: 3:23:27, time (data): 0.153 (0.029)]rfmnet: 5.1543e-05 l_total: 5.1543e-05 
2025-09-18 08:06:08,733 INFO: [faust..][epoch:  5, iter:  44,400, lr:(6.891e-04,6.891e-04,)][eta: 3:22:48, time (data): 0.153 (0.029)]rfmnet: 5.1946e-05 l_total: 5.1946e-05 
2025-09-18 08:06:23,879 INFO: [faust..][epoch:  5, iter:  44,500, lr:(6.891e-04,6.891e-04,)][eta: 3:22:10, time (data): 0.151 (0.029)]rfmnet: 4.4087e-05 l_total: 4.4087e-05 
2025-09-18 08:06:39,085 INFO: [faust..][epoch:  5, iter:  44,600, lr:(6.891e-04,6.891e-04,)][eta: 3:21:32, time (data): 0.152 (0.029)]rfmnet: 4.6828e-05 l_total: 4.6828e-05 
2025-09-18 08:06:54,300 INFO: [faust..][epoch:  5, iter:  44,700, lr:(6.891e-04,6.891e-04,)][eta: 3:20:53, time (data): 0.152 (0.028)]rfmnet: 4.8485e-05 l_total: 4.8485e-05 
2025-09-18 08:07:09,498 INFO: [faust..][epoch:  5, iter:  44,800, lr:(6.891e-04,6.891e-04,)][eta: 3:20:15, time (data): 0.152 (0.028)]rfmnet: 4.3425e-05 l_total: 4.3425e-05 
2025-09-18 08:07:24,664 INFO: [faust..][epoch:  5, iter:  44,900, lr:(6.891e-04,6.891e-04,)][eta: 3:19:37, time (data): 0.151 (0.029)]rfmnet: 7.0039e-05 l_total: 7.0039e-05 
2025-09-18 08:07:39,895 INFO: [faust..][epoch:  5, iter:  45,000, lr:(6.891e-04,6.891e-04,)][eta: 3:18:59, time (data): 0.152 (0.029)]rfmnet: 3.8281e-05 l_total: 3.8281e-05 
2025-09-18 08:07:55,843 INFO: [faust..][epoch:  6, iter:  45,100, lr:(5.500e-04,5.500e-04,)][eta: 3:18:22, time (data): 0.153 (0.029)]rfmnet: 4.0131e-05 l_total: 4.0131e-05 
2025-09-18 08:08:11,124 INFO: [faust..][epoch:  6, iter:  45,200, lr:(5.500e-04,5.500e-04,)][eta: 3:17:45, time (data): 0.153 (0.029)]rfmnet: 3.8074e-05 l_total: 3.8074e-05 
2025-09-18 08:08:26,404 INFO: [faust..][epoch:  6, iter:  45,300, lr:(5.500e-04,5.500e-04,)][eta: 3:17:07, time (data): 0.153 (0.030)]rfmnet: 3.9922e-05 l_total: 3.9922e-05 
2025-09-18 08:08:41,676 INFO: [faust..][epoch:  6, iter:  45,400, lr:(5.500e-04,5.500e-04,)][eta: 3:16:30, time (data): 0.153 (0.029)]rfmnet: 3.4273e-05 l_total: 3.4273e-05 
2025-09-18 08:08:57,004 INFO: [faust..][epoch:  6, iter:  45,500, lr:(5.500e-04,5.500e-04,)][eta: 3:15:52, time (data): 0.153 (0.028)]rfmnet: 3.7330e-05 l_total: 3.7330e-05 
2025-09-18 08:09:12,240 INFO: [faust..][epoch:  6, iter:  45,600, lr:(5.500e-04,5.500e-04,)][eta: 3:15:15, time (data): 0.152 (0.029)]rfmnet: 3.5154e-05 l_total: 3.5154e-05 
2025-09-18 08:09:27,320 INFO: [faust..][epoch:  6, iter:  45,700, lr:(5.500e-04,5.500e-04,)][eta: 3:14:38, time (data): 0.151 (0.029)]rfmnet: 5.7558e-05 l_total: 5.7558e-05 
2025-09-18 08:09:42,375 INFO: [faust..][epoch:  6, iter:  45,800, lr:(5.500e-04,5.500e-04,)][eta: 3:14:01, time (data): 0.151 (0.029)]rfmnet: 3.3851e-05 l_total: 3.3851e-05 
2025-09-18 08:09:57,818 INFO: [faust..][epoch:  6, iter:  45,900, lr:(5.500e-04,5.500e-04,)][eta: 3:13:24, time (data): 0.155 (0.029)]rfmnet: 3.1938e-05 l_total: 3.1938e-05 
2025-09-18 08:10:12,943 INFO: [faust..][epoch:  6, iter:  46,000, lr:(5.500e-04,5.500e-04,)][eta: 3:12:47, time (data): 0.153 (0.029)]rfmnet: 3.0172e-05 l_total: 3.0172e-05 
2025-09-18 08:10:12,943 INFO: Saving models and training states.
2025-09-18 08:10:12,959 INFO: Start validation.
2025-09-18 08:13:47,551 INFO: Avg time: 0.0642
2025-09-18 08:13:47,692 INFO: Val auc: 0.4207
2025-09-18 08:13:47,697 INFO: Val avg error: 0.2253
2025-09-18 08:14:04,377 INFO: [faust..][epoch:  6, iter:  46,100, lr:(5.500e-04,5.500e-04,)][eta: 3:15:36, time (data): 0.159 (0.029)]rfmnet: 3.3916e-05 l_total: 3.3916e-05 
2025-09-18 08:14:19,568 INFO: [faust..][epoch:  6, iter:  46,200, lr:(5.500e-04,5.500e-04,)][eta: 3:14:58, time (data): 0.155 (0.029)]rfmnet: 3.0366e-05 l_total: 3.0366e-05 
2025-09-18 08:14:34,917 INFO: [faust..][epoch:  6, iter:  46,300, lr:(5.500e-04,5.500e-04,)][eta: 3:14:21, time (data): 0.154 (0.030)]rfmnet: 3.0149e-05 l_total: 3.0149e-05 
2025-09-18 08:14:50,374 INFO: [faust..][epoch:  6, iter:  46,400, lr:(5.500e-04,5.500e-04,)][eta: 3:13:44, time (data): 0.154 (0.030)]rfmnet: 3.0348e-05 l_total: 3.0348e-05 
2025-09-18 08:15:05,711 INFO: [faust..][epoch:  6, iter:  46,500, lr:(5.500e-04,5.500e-04,)][eta: 3:13:06, time (data): 0.152 (0.029)]rfmnet: 3.4209e-05 l_total: 3.4209e-05 
2025-09-18 08:15:21,065 INFO: [faust..][epoch:  6, iter:  46,600, lr:(5.500e-04,5.500e-04,)][eta: 3:12:29, time (data): 0.153 (0.029)]rfmnet: 5.8122e-05 l_total: 5.8122e-05 
2025-09-18 08:15:36,270 INFO: [faust..][epoch:  6, iter:  46,700, lr:(5.500e-04,5.500e-04,)][eta: 3:11:52, time (data): 0.151 (0.029)]rfmnet: 2.7900e-05 l_total: 2.7900e-05 
2025-09-18 08:15:51,281 INFO: [faust..][epoch:  6, iter:  46,800, lr:(5.500e-04,5.500e-04,)][eta: 3:11:15, time (data): 0.151 (0.029)]rfmnet: 2.7897e-05 l_total: 2.7897e-05 
2025-09-18 08:16:06,438 INFO: [faust..][epoch:  6, iter:  46,900, lr:(5.500e-04,5.500e-04,)][eta: 3:10:38, time (data): 0.152 (0.029)]rfmnet: 2.8273e-05 l_total: 2.8273e-05 
2025-09-18 08:16:22,115 INFO: [faust..][epoch:  6, iter:  47,000, lr:(5.500e-04,5.500e-04,)][eta: 3:10:01, time (data): 0.155 (0.030)]rfmnet: 2.4826e-05 l_total: 2.4826e-05 
2025-09-18 08:16:37,318 INFO: [faust..][epoch:  6, iter:  47,100, lr:(5.500e-04,5.500e-04,)][eta: 3:09:24, time (data): 0.152 (0.030)]rfmnet: 4.0484e-05 l_total: 4.0484e-05 
2025-09-18 08:16:52,671 INFO: [faust..][epoch:  6, iter:  47,200, lr:(5.500e-04,5.500e-04,)][eta: 3:08:48, time (data): 0.153 (0.029)]rfmnet: 3.1793e-05 l_total: 3.1793e-05 
2025-09-18 08:17:07,954 INFO: [faust..][epoch:  6, iter:  47,300, lr:(5.500e-04,5.500e-04,)][eta: 3:08:11, time (data): 0.150 (0.029)]rfmnet: 2.7227e-05 l_total: 2.7227e-05 
2025-09-18 08:17:23,340 INFO: [faust..][epoch:  6, iter:  47,400, lr:(5.500e-04,5.500e-04,)][eta: 3:07:35, time (data): 0.152 (0.029)]rfmnet: 2.3784e-05 l_total: 2.3784e-05 
2025-09-18 08:17:38,526 INFO: [faust..][epoch:  6, iter:  47,500, lr:(5.500e-04,5.500e-04,)][eta: 3:06:58, time (data): 0.151 (0.028)]rfmnet: 2.3927e-05 l_total: 2.3927e-05 
2025-09-18 08:17:53,751 INFO: [faust..][epoch:  6, iter:  47,600, lr:(5.500e-04,5.500e-04,)][eta: 3:06:22, time (data): 0.152 (0.028)]rfmnet: 2.4304e-05 l_total: 2.4304e-05 
2025-09-18 08:18:09,095 INFO: [faust..][epoch:  6, iter:  47,700, lr:(5.500e-04,5.500e-04,)][eta: 3:05:46, time (data): 0.154 (0.029)]rfmnet: 2.6250e-05 l_total: 2.6250e-05 
2025-09-18 08:18:24,288 INFO: [faust..][epoch:  6, iter:  47,800, lr:(5.500e-04,5.500e-04,)][eta: 3:05:10, time (data): 0.153 (0.029)]rfmnet: 2.0669e-05 l_total: 2.0669e-05 
2025-09-18 08:18:39,506 INFO: [faust..][epoch:  6, iter:  47,900, lr:(5.500e-04,5.500e-04,)][eta: 3:04:34, time (data): 0.152 (0.029)]rfmnet: 2.0949e-05 l_total: 2.0949e-05 
2025-09-18 08:18:54,609 INFO: [faust..][epoch:  6, iter:  48,000, lr:(5.500e-04,5.500e-04,)][eta: 3:03:58, time (data): 0.151 (0.029)]rfmnet: 2.0978e-05 l_total: 2.0978e-05 
2025-09-18 08:18:54,609 INFO: Saving models and training states.
2025-09-18 08:18:54,625 INFO: Start validation.
2025-09-18 08:22:27,896 INFO: Avg time: 0.1148
2025-09-18 08:22:28,057 INFO: Val auc: 0.5122
2025-09-18 08:22:28,062 INFO: Val avg error: 0.1452
2025-09-18 08:22:44,544 INFO: [faust..][epoch:  6, iter:  48,100, lr:(5.500e-04,5.500e-04,)][eta: 3:06:29, time (data): 0.156 (0.030)]rfmnet: 1.9773e-05 l_total: 1.9773e-05 
2025-09-18 08:23:00,238 INFO: [faust..][epoch:  6, iter:  48,200, lr:(5.500e-04,5.500e-04,)][eta: 3:05:52, time (data): 0.157 (0.030)]rfmnet: 2.1979e-05 l_total: 2.1979e-05 
2025-09-18 08:23:15,541 INFO: [faust..][epoch:  6, iter:  48,300, lr:(5.500e-04,5.500e-04,)][eta: 3:05:16, time (data): 0.154 (0.030)]rfmnet: 2.2776e-05 l_total: 2.2776e-05 
2025-09-18 08:23:30,950 INFO: [faust..][epoch:  6, iter:  48,400, lr:(5.500e-04,5.500e-04,)][eta: 3:04:40, time (data): 0.154 (0.029)]rfmnet: 3.3982e-05 l_total: 3.3982e-05 
2025-09-18 08:23:46,166 INFO: [faust..][epoch:  6, iter:  48,500, lr:(5.500e-04,5.500e-04,)][eta: 3:04:03, time (data): 0.153 (0.029)]rfmnet: 3.9385e-05 l_total: 3.9385e-05 
2025-09-18 08:24:01,296 INFO: [faust..][epoch:  6, iter:  48,600, lr:(5.500e-04,5.500e-04,)][eta: 3:03:27, time (data): 0.152 (0.029)]rfmnet: 1.9868e-05 l_total: 1.9868e-05 
2025-09-18 08:24:16,337 INFO: [faust..][epoch:  6, iter:  48,700, lr:(5.500e-04,5.500e-04,)][eta: 3:02:50, time (data): 0.151 (0.028)]rfmnet: 3.4121e-05 l_total: 3.4121e-05 
2025-09-18 08:24:31,438 INFO: [faust..][epoch:  6, iter:  48,800, lr:(5.500e-04,5.500e-04,)][eta: 3:02:14, time (data): 0.151 (0.029)]rfmnet: 1.6346e-05 l_total: 1.6346e-05 
2025-09-18 08:24:46,581 INFO: [faust..][epoch:  6, iter:  48,900, lr:(5.500e-04,5.500e-04,)][eta: 3:01:38, time (data): 0.153 (0.029)]rfmnet: 1.6972e-05 l_total: 1.6972e-05 
2025-09-18 08:25:01,667 INFO: [faust..][epoch:  6, iter:  49,000, lr:(5.500e-04,5.500e-04,)][eta: 3:01:02, time (data): 0.151 (0.029)]rfmnet: 1.6441e-05 l_total: 1.6441e-05 
2025-09-18 08:25:17,003 INFO: [faust..][epoch:  6, iter:  49,100, lr:(5.500e-04,5.500e-04,)][eta: 3:00:26, time (data): 0.152 (0.029)]rfmnet: 1.7293e-05 l_total: 1.7293e-05 
2025-09-18 08:25:32,137 INFO: [faust..][epoch:  6, iter:  49,200, lr:(5.500e-04,5.500e-04,)][eta: 2:59:50, time (data): 0.152 (0.028)]rfmnet: 1.6102e-05 l_total: 1.6102e-05 
2025-09-18 08:25:47,355 INFO: [faust..][epoch:  6, iter:  49,300, lr:(5.500e-04,5.500e-04,)][eta: 2:59:15, time (data): 0.151 (0.028)]rfmnet: 1.5967e-05 l_total: 1.5967e-05 
2025-09-18 08:26:02,448 INFO: [faust..][epoch:  6, iter:  49,400, lr:(5.500e-04,5.500e-04,)][eta: 2:58:39, time (data): 0.151 (0.028)]rfmnet: 1.7379e-05 l_total: 1.7379e-05 
2025-09-18 08:26:17,463 INFO: [faust..][epoch:  6, iter:  49,500, lr:(5.500e-04,5.500e-04,)][eta: 2:58:03, time (data): 0.150 (0.028)]rfmnet: 1.4492e-05 l_total: 1.4492e-05 
2025-09-18 08:26:32,571 INFO: [faust..][epoch:  6, iter:  49,600, lr:(5.500e-04,5.500e-04,)][eta: 2:57:28, time (data): 0.151 (0.028)]rfmnet: 1.7607e-05 l_total: 1.7607e-05 
2025-09-18 08:26:47,720 INFO: [faust..][epoch:  6, iter:  49,700, lr:(5.500e-04,5.500e-04,)][eta: 2:56:52, time (data): 0.151 (0.028)]rfmnet: 1.5749e-05 l_total: 1.5749e-05 
2025-09-18 08:27:02,884 INFO: [faust..][epoch:  6, iter:  49,800, lr:(5.500e-04,5.500e-04,)][eta: 2:56:17, time (data): 0.151 (0.028)]rfmnet: 1.7065e-05 l_total: 1.7065e-05 
2025-09-18 08:27:18,042 INFO: [faust..][epoch:  6, iter:  49,900, lr:(5.500e-04,5.500e-04,)][eta: 2:55:42, time (data): 0.151 (0.028)]rfmnet: 1.8037e-05 l_total: 1.8037e-05 
2025-09-18 08:27:33,234 INFO: [faust..][epoch:  6, iter:  50,000, lr:(5.500e-04,5.500e-04,)][eta: 2:55:07, time (data): 0.151 (0.029)]rfmnet: 1.2588e-05 l_total: 1.2588e-05 
2025-09-18 08:27:33,234 INFO: Saving models and training states.
2025-09-18 08:27:33,249 INFO: Start validation.
2025-09-18 08:31:06,505 INFO: Avg time: 0.0955
2025-09-18 08:31:06,667 INFO: Val auc: 0.4022
2025-09-18 08:31:06,673 INFO: Val avg error: 0.2400
2025-09-18 08:31:23,221 INFO: [faust..][epoch:  6, iter:  50,100, lr:(5.500e-04,5.500e-04,)][eta: 2:57:23, time (data): 0.155 (0.028)]rfmnet: 2.5656e-05 l_total: 2.5656e-05 
2025-09-18 08:31:38,579 INFO: [faust..][epoch:  6, iter:  50,200, lr:(5.500e-04,5.500e-04,)][eta: 2:56:47, time (data): 0.154 (0.029)]rfmnet: 1.3014e-05 l_total: 1.3014e-05 
2025-09-18 08:31:53,997 INFO: [faust..][epoch:  6, iter:  50,300, lr:(5.500e-04,5.500e-04,)][eta: 2:56:11, time (data): 0.154 (0.029)]rfmnet: 1.2394e-05 l_total: 1.2394e-05 
2025-09-18 08:32:09,064 INFO: [faust..][epoch:  6, iter:  50,400, lr:(5.500e-04,5.500e-04,)][eta: 2:55:36, time (data): 0.152 (0.029)]rfmnet: 1.2319e-05 l_total: 1.2319e-05 
2025-09-18 08:32:24,245 INFO: [faust..][epoch:  6, iter:  50,500, lr:(5.500e-04,5.500e-04,)][eta: 2:55:00, time (data): 0.153 (0.029)]rfmnet: 1.3390e-05 l_total: 1.3390e-05 
2025-09-18 08:32:39,244 INFO: [faust..][epoch:  6, iter:  50,600, lr:(5.500e-04,5.500e-04,)][eta: 2:54:25, time (data): 0.151 (0.028)]rfmnet: 1.4312e-05 l_total: 1.4312e-05 
2025-09-18 08:32:54,507 INFO: [faust..][epoch:  6, iter:  50,700, lr:(5.500e-04,5.500e-04,)][eta: 2:53:49, time (data): 0.153 (0.029)]rfmnet: 1.9644e-05 l_total: 1.9644e-05 
2025-09-18 08:33:09,758 INFO: [faust..][epoch:  6, iter:  50,800, lr:(5.500e-04,5.500e-04,)][eta: 2:53:14, time (data): 0.153 (0.029)]rfmnet: 9.6607e-06 l_total: 9.6607e-06 
2025-09-18 08:33:25,312 INFO: [faust..][epoch:  6, iter:  50,900, lr:(5.500e-04,5.500e-04,)][eta: 2:52:39, time (data): 0.155 (0.029)]rfmnet: 2.1333e-05 l_total: 2.1333e-05 
2025-09-18 08:33:40,481 INFO: [faust..][epoch:  6, iter:  51,000, lr:(5.500e-04,5.500e-04,)][eta: 2:52:04, time (data): 0.153 (0.029)]rfmnet: 2.1369e-05 l_total: 2.1369e-05 
2025-09-18 08:33:55,486 INFO: [faust..][epoch:  6, iter:  51,100, lr:(5.500e-04,5.500e-04,)][eta: 2:51:29, time (data): 0.150 (0.029)]rfmnet: 1.0145e-05 l_total: 1.0145e-05 
2025-09-18 08:34:10,933 INFO: [faust..][epoch:  6, iter:  51,200, lr:(5.500e-04,5.500e-04,)][eta: 2:50:54, time (data): 0.153 (0.029)]rfmnet: 9.8196e-06 l_total: 9.8196e-06 
2025-09-18 08:34:26,145 INFO: [faust..][epoch:  6, iter:  51,300, lr:(5.500e-04,5.500e-04,)][eta: 2:50:19, time (data): 0.154 (0.030)]rfmnet: 1.0597e-05 l_total: 1.0597e-05 
2025-09-18 08:34:41,354 INFO: [faust..][epoch:  6, iter:  51,400, lr:(5.500e-04,5.500e-04,)][eta: 2:49:44, time (data): 0.153 (0.029)]rfmnet: 9.9367e-06 l_total: 9.9367e-06 
2025-09-18 08:34:56,607 INFO: [faust..][epoch:  6, iter:  51,500, lr:(5.500e-04,5.500e-04,)][eta: 2:49:10, time (data): 0.152 (0.028)]rfmnet: 8.9992e-06 l_total: 8.9992e-06 
2025-09-18 08:35:11,967 INFO: [faust..][epoch:  6, iter:  51,600, lr:(5.500e-04,5.500e-04,)][eta: 2:48:35, time (data): 0.153 (0.029)]rfmnet: 9.3242e-06 l_total: 9.3242e-06 
2025-09-18 08:35:27,144 INFO: [faust..][epoch:  6, iter:  51,700, lr:(5.500e-04,5.500e-04,)][eta: 2:48:00, time (data): 0.152 (0.029)]rfmnet: 9.1277e-06 l_total: 9.1277e-06 
2025-09-18 08:35:42,169 INFO: [faust..][epoch:  6, iter:  51,800, lr:(5.500e-04,5.500e-04,)][eta: 2:47:26, time (data): 0.151 (0.029)]rfmnet: 8.6010e-06 l_total: 8.6010e-06 
2025-09-18 08:35:57,308 INFO: [faust..][epoch:  6, iter:  51,900, lr:(5.500e-04,5.500e-04,)][eta: 2:46:51, time (data): 0.152 (0.029)]rfmnet: 1.0253e-05 l_total: 1.0253e-05 
2025-09-18 08:36:12,410 INFO: [faust..][epoch:  6, iter:  52,000, lr:(5.500e-04,5.500e-04,)][eta: 2:46:17, time (data): 0.151 (0.029)]rfmnet: 8.0253e-06 l_total: 8.0253e-06 
2025-09-18 08:36:12,410 INFO: Saving models and training states.
2025-09-18 08:36:12,424 INFO: Start validation.
2025-09-18 08:39:44,555 INFO: Avg time: 0.1157
2025-09-18 08:39:44,707 INFO: Val auc: 0.4333
2025-09-18 08:39:44,711 INFO: Val avg error: 0.2181
2025-09-18 08:40:01,091 INFO: [faust..][epoch:  6, iter:  52,100, lr:(5.500e-04,5.500e-04,)][eta: 2:48:18, time (data): 0.159 (0.028)]rfmnet: 7.6163e-06 l_total: 7.6163e-06 
2025-09-18 08:40:16,723 INFO: [faust..][epoch:  6, iter:  52,200, lr:(5.500e-04,5.500e-04,)][eta: 2:47:43, time (data): 0.157 (0.029)]rfmnet: 7.5004e-06 l_total: 7.5004e-06 
2025-09-18 08:40:32,094 INFO: [faust..][epoch:  6, iter:  52,300, lr:(5.500e-04,5.500e-04,)][eta: 2:47:09, time (data): 0.154 (0.029)]rfmnet: 7.3064e-06 l_total: 7.3064e-06 
2025-09-18 08:40:47,099 INFO: [faust..][epoch:  6, iter:  52,400, lr:(5.500e-04,5.500e-04,)][eta: 2:46:34, time (data): 0.151 (0.029)]rfmnet: 7.6248e-06 l_total: 7.6248e-06 
2025-09-18 08:41:02,506 INFO: [faust..][epoch:  6, iter:  52,500, lr:(5.500e-04,5.500e-04,)][eta: 2:45:59, time (data): 0.153 (0.029)]rfmnet: 7.5118e-06 l_total: 7.5118e-06 
2025-09-18 08:41:17,793 INFO: [faust..][epoch:  6, iter:  52,600, lr:(5.500e-04,5.500e-04,)][eta: 2:45:25, time (data): 0.153 (0.029)]rfmnet: 7.5069e-06 l_total: 7.5069e-06 
2025-09-18 08:41:33,326 INFO: [faust..][epoch:  6, iter:  52,700, lr:(5.500e-04,5.500e-04,)][eta: 2:44:50, time (data): 0.159 (0.031)]rfmnet: 6.4759e-06 l_total: 6.4759e-06 
2025-09-18 08:41:48,502 INFO: [faust..][epoch:  6, iter:  52,800, lr:(5.500e-04,5.500e-04,)][eta: 2:44:16, time (data): 0.154 (0.029)]rfmnet: 6.5408e-06 l_total: 6.5408e-06 
2025-09-18 08:42:04,056 INFO: [faust..][epoch:  6, iter:  52,900, lr:(5.500e-04,5.500e-04,)][eta: 2:43:42, time (data): 0.158 (0.031)]rfmnet: 7.6875e-06 l_total: 7.6875e-06 
2025-09-18 08:42:19,275 INFO: [faust..][epoch:  6, iter:  53,000, lr:(5.500e-04,5.500e-04,)][eta: 2:43:07, time (data): 0.154 (0.030)]rfmnet: 6.9076e-06 l_total: 6.9076e-06 
2025-09-18 08:42:34,530 INFO: [faust..][epoch:  6, iter:  53,100, lr:(5.500e-04,5.500e-04,)][eta: 2:42:33, time (data): 0.150 (0.028)]rfmnet: 1.2701e-05 l_total: 1.2701e-05 
2025-09-18 08:42:49,917 INFO: [faust..][epoch:  6, iter:  53,200, lr:(5.500e-04,5.500e-04,)][eta: 2:41:59, time (data): 0.153 (0.029)]rfmnet: 7.6004e-06 l_total: 7.6004e-06 
2025-09-18 08:43:05,176 INFO: [faust..][epoch:  6, iter:  53,300, lr:(5.500e-04,5.500e-04,)][eta: 2:41:25, time (data): 0.152 (0.029)]rfmnet: 1.1647e-05 l_total: 1.1647e-05 
2025-09-18 08:43:20,401 INFO: [faust..][epoch:  6, iter:  53,400, lr:(5.500e-04,5.500e-04,)][eta: 2:40:51, time (data): 0.152 (0.029)]rfmnet: 6.2534e-06 l_total: 6.2534e-06 
2025-09-18 08:43:35,689 INFO: [faust..][epoch:  6, iter:  53,500, lr:(5.500e-04,5.500e-04,)][eta: 2:40:17, time (data): 0.152 (0.029)]rfmnet: 5.8538e-06 l_total: 5.8538e-06 
2025-09-18 08:43:51,275 INFO: [faust..][epoch:  6, iter:  53,600, lr:(5.500e-04,5.500e-04,)][eta: 2:39:43, time (data): 0.155 (0.030)]rfmnet: 9.1509e-06 l_total: 9.1509e-06 
2025-09-18 08:44:06,281 INFO: [faust..][epoch:  6, iter:  53,700, lr:(5.500e-04,5.500e-04,)][eta: 2:39:09, time (data): 0.151 (0.029)]rfmnet: 5.9334e-06 l_total: 5.9334e-06 
2025-09-18 08:44:21,574 INFO: [faust..][epoch:  6, iter:  53,800, lr:(5.500e-04,5.500e-04,)][eta: 2:38:36, time (data): 0.152 (0.029)]rfmnet: 1.0116e-05 l_total: 1.0116e-05 
2025-09-18 08:44:36,617 INFO: [faust..][epoch:  6, iter:  53,900, lr:(5.500e-04,5.500e-04,)][eta: 2:38:02, time (data): 0.150 (0.028)]rfmnet: 8.1970e-06 l_total: 8.1970e-06 
2025-09-18 08:44:51,642 INFO: [faust..][epoch:  6, iter:  54,000, lr:(5.500e-04,5.500e-04,)][eta: 2:37:28, time (data): 0.150 (0.029)]rfmnet: 5.5074e-06 l_total: 5.5074e-06 
2025-09-18 08:44:51,642 INFO: Saving models and training states.
2025-09-18 08:44:51,657 INFO: Start validation.
2025-09-18 08:48:25,150 INFO: Avg time: 0.1472
2025-09-18 08:48:25,303 INFO: Val auc: 0.4158
2025-09-18 08:48:25,307 INFO: Val avg error: 0.2339
2025-09-18 08:48:42,450 INFO: [faust..][epoch:  7, iter:  54,100, lr:(4.109e-04,4.109e-04,)][eta: 2:39:18, time (data): 0.160 (0.029)]rfmnet: 5.9691e-06 l_total: 5.9691e-06 
2025-09-18 08:48:57,899 INFO: [faust..][epoch:  7, iter:  54,200, lr:(4.109e-04,4.109e-04,)][eta: 2:38:44, time (data): 0.156 (0.029)]rfmnet: 5.6510e-06 l_total: 5.6510e-06 
2025-09-18 08:49:13,425 INFO: [faust..][epoch:  7, iter:  54,300, lr:(4.109e-04,4.109e-04,)][eta: 2:38:10, time (data): 0.159 (0.029)]rfmnet: 4.9432e-06 l_total: 4.9432e-06 
2025-09-18 08:49:28,793 INFO: [faust..][epoch:  7, iter:  54,400, lr:(4.109e-04,4.109e-04,)][eta: 2:37:36, time (data): 0.155 (0.029)]rfmnet: 5.1847e-06 l_total: 5.1847e-06 
2025-09-18 08:49:43,869 INFO: [faust..][epoch:  7, iter:  54,500, lr:(4.109e-04,4.109e-04,)][eta: 2:37:02, time (data): 0.150 (0.028)]rfmnet: 5.0799e-06 l_total: 5.0799e-06 
2025-09-18 08:49:59,154 INFO: [faust..][epoch:  7, iter:  54,600, lr:(4.109e-04,4.109e-04,)][eta: 2:36:28, time (data): 0.152 (0.029)]rfmnet: 4.9749e-06 l_total: 4.9749e-06 
2025-09-18 08:50:14,374 INFO: [faust..][epoch:  7, iter:  54,700, lr:(4.109e-04,4.109e-04,)][eta: 2:35:54, time (data): 0.150 (0.028)]rfmnet: 4.9496e-06 l_total: 4.9496e-06 
2025-09-18 08:50:29,748 INFO: [faust..][epoch:  7, iter:  54,800, lr:(4.109e-04,4.109e-04,)][eta: 2:35:20, time (data): 0.153 (0.029)]rfmnet: 4.6045e-06 l_total: 4.6045e-06 
2025-09-18 08:50:45,094 INFO: [faust..][epoch:  7, iter:  54,900, lr:(4.109e-04,4.109e-04,)][eta: 2:34:47, time (data): 0.155 (0.029)]rfmnet: 4.7687e-06 l_total: 4.7687e-06 
2025-09-18 08:51:00,554 INFO: [faust..][epoch:  7, iter:  55,000, lr:(4.109e-04,4.109e-04,)][eta: 2:34:13, time (data): 0.155 (0.029)]rfmnet: 4.8906e-06 l_total: 4.8906e-06 
2025-09-18 08:51:15,828 INFO: [faust..][epoch:  7, iter:  55,100, lr:(4.109e-04,4.109e-04,)][eta: 2:33:40, time (data): 0.154 (0.029)]rfmnet: 4.5307e-06 l_total: 4.5307e-06 
2025-09-18 08:51:31,139 INFO: [faust..][epoch:  7, iter:  55,200, lr:(4.109e-04,4.109e-04,)][eta: 2:33:07, time (data): 0.153 (0.029)]rfmnet: 4.7763e-06 l_total: 4.7763e-06 
2025-09-18 08:51:46,299 INFO: [faust..][epoch:  7, iter:  55,300, lr:(4.109e-04,4.109e-04,)][eta: 2:32:33, time (data): 0.154 (0.030)]rfmnet: 4.2372e-06 l_total: 4.2372e-06 
2025-09-18 08:52:01,551 INFO: [faust..][epoch:  7, iter:  55,400, lr:(4.109e-04,4.109e-04,)][eta: 2:32:00, time (data): 0.153 (0.030)]rfmnet: 3.9373e-06 l_total: 3.9373e-06 
2025-09-18 08:52:16,718 INFO: [faust..][epoch:  7, iter:  55,500, lr:(4.109e-04,4.109e-04,)][eta: 2:31:26, time (data): 0.154 (0.028)]rfmnet: 4.0389e-06 l_total: 4.0389e-06 
2025-09-18 08:52:31,940 INFO: [faust..][epoch:  7, iter:  55,600, lr:(4.109e-04,4.109e-04,)][eta: 2:30:53, time (data): 0.153 (0.029)]rfmnet: 4.1678e-06 l_total: 4.1678e-06 
2025-09-18 08:52:46,976 INFO: [faust..][epoch:  7, iter:  55,700, lr:(4.109e-04,4.109e-04,)][eta: 2:30:20, time (data): 0.152 (0.029)]rfmnet: 4.1738e-06 l_total: 4.1738e-06 
2025-09-18 08:53:02,234 INFO: [faust..][epoch:  7, iter:  55,800, lr:(4.109e-04,4.109e-04,)][eta: 2:29:47, time (data): 0.152 (0.029)]rfmnet: 6.9935e-06 l_total: 6.9935e-06 
2025-09-18 08:53:17,419 INFO: [faust..][epoch:  7, iter:  55,900, lr:(4.109e-04,4.109e-04,)][eta: 2:29:14, time (data): 0.151 (0.028)]rfmnet: 3.9693e-06 l_total: 3.9693e-06 
2025-09-18 08:53:32,519 INFO: [faust..][epoch:  7, iter:  56,000, lr:(4.109e-04,4.109e-04,)][eta: 2:28:41, time (data): 0.151 (0.028)]rfmnet: 4.0844e-06 l_total: 4.0844e-06 
2025-09-18 08:53:32,519 INFO: Saving models and training states.
2025-09-18 08:53:32,534 INFO: Start validation.
2025-09-18 08:57:02,776 INFO: Avg time: 0.0631
2025-09-18 08:57:02,931 INFO: Val auc: 0.3522
2025-09-18 08:57:02,933 INFO: Val avg error: 0.2889
2025-09-18 08:57:19,172 INFO: [faust..][epoch:  7, iter:  56,100, lr:(4.109e-04,4.109e-04,)][eta: 2:30:16, time (data): 0.154 (0.029)]rfmnet: 3.9911e-06 l_total: 3.9911e-06 
2025-09-18 08:57:34,948 INFO: [faust..][epoch:  7, iter:  56,200, lr:(4.109e-04,4.109e-04,)][eta: 2:29:43, time (data): 0.157 (0.030)]rfmnet: 3.6189e-06 l_total: 3.6189e-06 
2025-09-18 08:57:50,276 INFO: [faust..][epoch:  7, iter:  56,300, lr:(4.109e-04,4.109e-04,)][eta: 2:29:09, time (data): 0.151 (0.028)]rfmnet: 3.9807e-06 l_total: 3.9807e-06 
2025-09-18 08:58:05,685 INFO: [faust..][epoch:  7, iter:  56,400, lr:(4.109e-04,4.109e-04,)][eta: 2:28:36, time (data): 0.153 (0.029)]rfmnet: 3.3472e-06 l_total: 3.3472e-06 
2025-09-18 08:58:20,884 INFO: [faust..][epoch:  7, iter:  56,500, lr:(4.109e-04,4.109e-04,)][eta: 2:28:03, time (data): 0.150 (0.028)]rfmnet: 5.2531e-06 l_total: 5.2531e-06 
2025-09-18 08:58:36,036 INFO: [faust..][epoch:  7, iter:  56,600, lr:(4.109e-04,4.109e-04,)][eta: 2:27:30, time (data): 0.151 (0.029)]rfmnet: 4.0145e-06 l_total: 4.0145e-06 
2025-09-18 08:58:51,286 INFO: [faust..][epoch:  7, iter:  56,700, lr:(4.109e-04,4.109e-04,)][eta: 2:26:57, time (data): 0.154 (0.029)]rfmnet: 3.6212e-06 l_total: 3.6212e-06 
2025-09-18 08:59:06,444 INFO: [faust..][epoch:  7, iter:  56,800, lr:(4.109e-04,4.109e-04,)][eta: 2:26:24, time (data): 0.152 (0.029)]rfmnet: 3.6154e-06 l_total: 3.6154e-06 
2025-09-18 08:59:21,648 INFO: [faust..][epoch:  7, iter:  56,900, lr:(4.109e-04,4.109e-04,)][eta: 2:25:51, time (data): 0.154 (0.030)]rfmnet: 3.9278e-06 l_total: 3.9278e-06 
2025-09-18 08:59:37,105 INFO: [faust..][epoch:  7, iter:  57,000, lr:(4.109e-04,4.109e-04,)][eta: 2:25:18, time (data): 0.154 (0.029)]rfmnet: 6.9550e-06 l_total: 6.9550e-06 
2025-09-18 08:59:52,408 INFO: [faust..][epoch:  7, iter:  57,100, lr:(4.109e-04,4.109e-04,)][eta: 2:24:45, time (data): 0.160 (0.028)]rfmnet: 7.6788e-06 l_total: 7.6788e-06 
2025-09-18 09:00:07,761 INFO: [faust..][epoch:  7, iter:  57,200, lr:(4.109e-04,4.109e-04,)][eta: 2:24:12, time (data): 0.154 (0.029)]rfmnet: 3.1394e-06 l_total: 3.1394e-06 
2025-09-18 09:00:23,140 INFO: [faust..][epoch:  7, iter:  57,300, lr:(4.109e-04,4.109e-04,)][eta: 2:23:40, time (data): 0.156 (0.029)]rfmnet: 6.0279e-06 l_total: 6.0279e-06 
2025-09-18 09:00:38,645 INFO: [faust..][epoch:  7, iter:  57,400, lr:(4.109e-04,4.109e-04,)][eta: 2:23:07, time (data): 0.155 (0.030)]rfmnet: 3.1666e-06 l_total: 3.1666e-06 
2025-09-18 09:00:53,838 INFO: [faust..][epoch:  7, iter:  57,500, lr:(4.109e-04,4.109e-04,)][eta: 2:22:34, time (data): 0.148 (0.028)]rfmnet: 3.2328e-06 l_total: 3.2328e-06 
2025-09-18 09:01:09,107 INFO: [faust..][epoch:  7, iter:  57,600, lr:(4.109e-04,4.109e-04,)][eta: 2:22:02, time (data): 0.152 (0.029)]rfmnet: 3.1297e-06 l_total: 3.1297e-06 
2025-09-18 09:01:24,248 INFO: [faust..][epoch:  7, iter:  57,700, lr:(4.109e-04,4.109e-04,)][eta: 2:21:29, time (data): 0.152 (0.029)]rfmnet: 5.4557e-06 l_total: 5.4557e-06 
2025-09-18 09:01:39,527 INFO: [faust..][epoch:  7, iter:  57,800, lr:(4.109e-04,4.109e-04,)][eta: 2:20:57, time (data): 0.153 (0.029)]rfmnet: 2.9232e-06 l_total: 2.9232e-06 
2025-09-18 09:01:54,695 INFO: [faust..][epoch:  7, iter:  57,900, lr:(4.109e-04,4.109e-04,)][eta: 2:20:25, time (data): 0.152 (0.029)]rfmnet: 3.3310e-06 l_total: 3.3310e-06 
2025-09-18 09:02:10,128 INFO: [faust..][epoch:  7, iter:  58,000, lr:(4.109e-04,4.109e-04,)][eta: 2:19:52, time (data): 0.154 (0.029)]rfmnet: 2.8614e-06 l_total: 2.8614e-06 
2025-09-18 09:02:10,128 INFO: Saving models and training states.
2025-09-18 09:02:10,143 INFO: Start validation.
2025-09-18 09:05:39,786 INFO: Avg time: 0.0990
2025-09-18 09:05:39,944 INFO: Val auc: 0.4173
2025-09-18 09:05:39,948 INFO: Val avg error: 0.2407
2025-09-18 09:05:56,913 INFO: [faust..][epoch:  7, iter:  58,100, lr:(4.109e-04,4.109e-04,)][eta: 2:21:16, time (data): 0.165 (0.029)]rfmnet: 2.8874e-06 l_total: 2.8874e-06 
2025-09-18 09:06:12,515 INFO: [faust..][epoch:  7, iter:  58,200, lr:(4.109e-04,4.109e-04,)][eta: 2:20:44, time (data): 0.157 (0.029)]rfmnet: 2.9064e-06 l_total: 2.9064e-06 
2025-09-18 09:06:27,708 INFO: [faust..][epoch:  7, iter:  58,300, lr:(4.109e-04,4.109e-04,)][eta: 2:20:11, time (data): 0.150 (0.029)]rfmnet: 3.0149e-06 l_total: 3.0149e-06 
2025-09-18 09:06:42,807 INFO: [faust..][epoch:  7, iter:  58,400, lr:(4.109e-04,4.109e-04,)][eta: 2:19:38, time (data): 0.151 (0.028)]rfmnet: 2.6725e-06 l_total: 2.6725e-06 
2025-09-18 09:06:58,362 INFO: [faust..][epoch:  7, iter:  58,500, lr:(4.109e-04,4.109e-04,)][eta: 2:19:06, time (data): 0.155 (0.030)]rfmnet: 3.8758e-06 l_total: 3.8758e-06 
2025-09-18 09:07:13,489 INFO: [faust..][epoch:  7, iter:  58,600, lr:(4.109e-04,4.109e-04,)][eta: 2:18:33, time (data): 0.152 (0.028)]rfmnet: 2.7422e-06 l_total: 2.7422e-06 
2025-09-18 09:07:28,909 INFO: [faust..][epoch:  7, iter:  58,700, lr:(4.109e-04,4.109e-04,)][eta: 2:18:01, time (data): 0.154 (0.029)]rfmnet: 2.5802e-06 l_total: 2.5802e-06 
2025-09-18 09:07:44,233 INFO: [faust..][epoch:  7, iter:  58,800, lr:(4.109e-04,4.109e-04,)][eta: 2:17:29, time (data): 0.153 (0.029)]rfmnet: 2.5447e-06 l_total: 2.5447e-06 
2025-09-18 09:07:59,413 INFO: [faust..][epoch:  7, iter:  58,900, lr:(4.109e-04,4.109e-04,)][eta: 2:16:56, time (data): 0.149 (0.028)]rfmnet: 2.3884e-06 l_total: 2.3884e-06 
2025-09-18 09:08:14,745 INFO: [faust..][epoch:  7, iter:  59,000, lr:(4.109e-04,4.109e-04,)][eta: 2:16:24, time (data): 0.153 (0.029)]rfmnet: 2.5424e-06 l_total: 2.5424e-06 
2025-09-18 09:08:30,482 INFO: [faust..][epoch:  7, iter:  59,100, lr:(4.109e-04,4.109e-04,)][eta: 2:15:52, time (data): 0.152 (0.028)]rfmnet: 4.9084e-06 l_total: 4.9084e-06 
2025-09-18 09:08:45,693 INFO: [faust..][epoch:  7, iter:  59,200, lr:(4.109e-04,4.109e-04,)][eta: 2:15:20, time (data): 0.152 (0.029)]rfmnet: 2.3362e-06 l_total: 2.3362e-06 
2025-09-18 09:09:01,090 INFO: [faust..][epoch:  7, iter:  59,300, lr:(4.109e-04,4.109e-04,)][eta: 2:14:48, time (data): 0.152 (0.028)]rfmnet: 2.4399e-06 l_total: 2.4399e-06 
2025-09-18 09:09:16,401 INFO: [faust..][epoch:  7, iter:  59,400, lr:(4.109e-04,4.109e-04,)][eta: 2:14:16, time (data): 0.153 (0.029)]rfmnet: 2.3708e-06 l_total: 2.3708e-06 
2025-09-18 09:09:31,706 INFO: [faust..][epoch:  7, iter:  59,500, lr:(4.109e-04,4.109e-04,)][eta: 2:13:44, time (data): 0.152 (0.028)]rfmnet: 4.4571e-06 l_total: 4.4571e-06 
2025-09-18 09:09:46,917 INFO: [faust..][epoch:  7, iter:  59,600, lr:(4.109e-04,4.109e-04,)][eta: 2:13:12, time (data): 0.152 (0.028)]rfmnet: 2.3352e-06 l_total: 2.3352e-06 
2025-09-18 09:10:02,254 INFO: [faust..][epoch:  7, iter:  59,700, lr:(4.109e-04,4.109e-04,)][eta: 2:12:40, time (data): 0.156 (0.028)]rfmnet: 2.3400e-06 l_total: 2.3400e-06 
2025-09-18 09:10:17,657 INFO: [faust..][epoch:  7, iter:  59,800, lr:(4.109e-04,4.109e-04,)][eta: 2:12:08, time (data): 0.154 (0.030)]rfmnet: 2.3354e-06 l_total: 2.3354e-06 
2025-09-18 09:10:32,921 INFO: [faust..][epoch:  7, iter:  59,900, lr:(4.109e-04,4.109e-04,)][eta: 2:11:36, time (data): 0.151 (0.032)]rfmnet: 2.2468e-06 l_total: 2.2468e-06 
2025-09-18 09:10:48,042 INFO: [faust..][epoch:  7, iter:  60,000, lr:(4.109e-04,4.109e-04,)][eta: 2:11:05, time (data): 0.151 (0.029)]rfmnet: 2.0183e-06 l_total: 2.0183e-06 
2025-09-18 09:10:48,042 INFO: Saving models and training states.
2025-09-18 09:10:48,058 INFO: Start validation.
2025-09-18 09:14:16,561 INFO: Avg time: 0.0911
2025-09-18 09:14:16,727 INFO: Val auc: 0.3253
2025-09-18 09:14:16,736 INFO: Val avg error: 0.3241
2025-09-18 09:14:33,042 INFO: [faust..][epoch:  7, iter:  60,100, lr:(4.109e-04,4.109e-04,)][eta: 2:12:17, time (data): 0.146 (0.028)]rfmnet: 5.1053e-06 l_total: 5.1053e-06 
2025-09-18 09:14:48,816 INFO: [faust..][epoch:  7, iter:  60,200, lr:(4.109e-04,4.109e-04,)][eta: 2:11:46, time (data): 0.158 (0.030)]rfmnet: 3.1888e-06 l_total: 3.1888e-06 
2025-09-18 09:15:04,483 INFO: [faust..][epoch:  7, iter:  60,300, lr:(4.109e-04,4.109e-04,)][eta: 2:11:14, time (data): 0.157 (0.030)]rfmnet: 2.2523e-06 l_total: 2.2523e-06 
2025-09-18 09:15:19,710 INFO: [faust..][epoch:  7, iter:  60,400, lr:(4.109e-04,4.109e-04,)][eta: 2:10:42, time (data): 0.152 (0.028)]rfmnet: 2.1559e-06 l_total: 2.1559e-06 
2025-09-18 09:15:35,136 INFO: [faust..][epoch:  7, iter:  60,500, lr:(4.109e-04,4.109e-04,)][eta: 2:10:10, time (data): 0.153 (0.028)]rfmnet: 1.9745e-06 l_total: 1.9745e-06 
2025-09-18 09:15:50,454 INFO: [faust..][epoch:  7, iter:  60,600, lr:(4.109e-04,4.109e-04,)][eta: 2:09:38, time (data): 0.153 (0.029)]rfmnet: 2.0443e-06 l_total: 2.0443e-06 
2025-09-18 09:16:05,985 INFO: [faust..][epoch:  7, iter:  60,700, lr:(4.109e-04,4.109e-04,)][eta: 2:09:06, time (data): 0.154 (0.029)]rfmnet: 1.6996e-06 l_total: 1.6996e-06 
2025-09-18 09:16:24,613 INFO: [faust..][epoch:  7, iter:  60,800, lr:(4.109e-04,4.109e-04,)][eta: 2:08:36, time (data): 0.187 (0.028)]rfmnet: 1.9379e-06 l_total: 1.9379e-06 
2025-09-18 09:16:45,499 INFO: [faust..][epoch:  7, iter:  60,900, lr:(4.109e-04,4.109e-04,)][eta: 2:08:07, time (data): 0.198 (0.029)]rfmnet: 1.8106e-06 l_total: 1.8106e-06 
2025-09-18 09:17:06,267 INFO: [faust..][epoch:  7, iter:  61,000, lr:(4.109e-04,4.109e-04,)][eta: 2:07:38, time (data): 0.208 (0.029)]rfmnet: 1.8093e-06 l_total: 1.8093e-06 
2025-09-18 09:17:26,954 INFO: [faust..][epoch:  7, iter:  61,100, lr:(4.109e-04,4.109e-04,)][eta: 2:07:09, time (data): 0.207 (0.029)]rfmnet: 1.7686e-06 l_total: 1.7686e-06 
2025-09-18 09:17:47,911 INFO: [faust..][epoch:  7, iter:  61,200, lr:(4.109e-04,4.109e-04,)][eta: 2:06:40, time (data): 0.210 (0.029)]rfmnet: 1.8215e-06 l_total: 1.8215e-06 
2025-09-18 09:18:08,672 INFO: [faust..][epoch:  7, iter:  61,300, lr:(4.109e-04,4.109e-04,)][eta: 2:06:11, time (data): 0.209 (0.029)]rfmnet: 1.6781e-06 l_total: 1.6781e-06 
2025-09-18 09:18:25,227 INFO: [faust..][epoch:  7, iter:  61,400, lr:(4.109e-04,4.109e-04,)][eta: 2:05:40, time (data): 0.163 (0.029)]rfmnet: 1.7619e-06 l_total: 1.7619e-06 
2025-09-18 09:18:40,398 INFO: [faust..][epoch:  7, iter:  61,500, lr:(4.109e-04,4.109e-04,)][eta: 2:05:08, time (data): 0.157 (0.029)]rfmnet: 1.6255e-06 l_total: 1.6255e-06 
2025-09-18 09:18:55,577 INFO: [faust..][epoch:  7, iter:  61,600, lr:(4.109e-04,4.109e-04,)][eta: 2:04:37, time (data): 0.152 (0.028)]rfmnet: 2.2417e-06 l_total: 2.2417e-06 
2025-09-18 09:19:10,743 INFO: [faust..][epoch:  7, iter:  61,700, lr:(4.109e-04,4.109e-04,)][eta: 2:04:05, time (data): 0.152 (0.029)]rfmnet: 1.7947e-06 l_total: 1.7947e-06 
2025-09-18 09:19:25,929 INFO: [faust..][epoch:  7, iter:  61,800, lr:(4.109e-04,4.109e-04,)][eta: 2:03:34, time (data): 0.152 (0.029)]rfmnet: 3.2965e-06 l_total: 3.2965e-06 
2025-09-18 09:19:41,215 INFO: [faust..][epoch:  7, iter:  61,900, lr:(4.109e-04,4.109e-04,)][eta: 2:03:03, time (data): 0.152 (0.029)]rfmnet: 3.9866e-06 l_total: 3.9866e-06 
2025-09-18 09:19:56,524 INFO: [faust..][epoch:  7, iter:  62,000, lr:(4.109e-04,4.109e-04,)][eta: 2:02:31, time (data): 0.153 (0.029)]rfmnet: 1.7727e-06 l_total: 1.7727e-06 
2025-09-18 09:19:56,525 INFO: Saving models and training states.
2025-09-18 09:19:56,539 INFO: Start validation.
2025-09-18 09:23:26,099 INFO: Avg time: 0.0898
2025-09-18 09:23:26,249 INFO: Val auc: 0.3259
2025-09-18 09:23:26,253 INFO: Val avg error: 0.3007
2025-09-18 09:23:47,087 INFO: [faust..][epoch:  7, iter:  62,100, lr:(4.109e-04,4.109e-04,)][eta: 2:03:37, time (data): 0.182 (0.029)]rfmnet: 2.2453e-06 l_total: 2.2453e-06 
2025-09-18 09:24:02,977 INFO: [faust..][epoch:  7, iter:  62,200, lr:(4.109e-04,4.109e-04,)][eta: 2:03:06, time (data): 0.154 (0.029)]rfmnet: 2.4656e-06 l_total: 2.4656e-06 
2025-09-18 09:24:18,001 INFO: [faust..][epoch:  7, iter:  62,300, lr:(4.109e-04,4.109e-04,)][eta: 2:02:34, time (data): 0.152 (0.028)]rfmnet: 1.6435e-06 l_total: 1.6435e-06 
2025-09-18 09:24:33,076 INFO: [faust..][epoch:  7, iter:  62,400, lr:(4.109e-04,4.109e-04,)][eta: 2:02:02, time (data): 0.151 (0.028)]rfmnet: 3.4190e-06 l_total: 3.4190e-06 
2025-09-18 09:24:48,193 INFO: [faust..][epoch:  7, iter:  62,500, lr:(4.109e-04,4.109e-04,)][eta: 2:01:31, time (data): 0.151 (0.028)]rfmnet: 1.5602e-06 l_total: 1.5602e-06 
2025-09-18 09:25:03,449 INFO: [faust..][epoch:  7, iter:  62,600, lr:(4.109e-04,4.109e-04,)][eta: 2:00:59, time (data): 0.153 (0.029)]rfmnet: 3.9933e-06 l_total: 3.9933e-06 
2025-09-18 09:25:18,593 INFO: [faust..][epoch:  7, iter:  62,700, lr:(4.109e-04,4.109e-04,)][eta: 2:00:28, time (data): 0.152 (0.029)]rfmnet: 1.5743e-06 l_total: 1.5743e-06 
2025-09-18 09:25:33,836 INFO: [faust..][epoch:  7, iter:  62,800, lr:(4.109e-04,4.109e-04,)][eta: 1:59:57, time (data): 0.153 (0.029)]rfmnet: 1.5198e-06 l_total: 1.5198e-06 
2025-09-18 09:25:48,909 INFO: [faust..][epoch:  7, iter:  62,900, lr:(4.109e-04,4.109e-04,)][eta: 1:59:25, time (data): 0.152 (0.029)]rfmnet: 1.6553e-06 l_total: 1.6553e-06 
2025-09-18 09:26:04,070 INFO: [faust..][epoch:  7, iter:  63,000, lr:(4.109e-04,4.109e-04,)][eta: 1:58:54, time (data): 0.151 (0.029)]rfmnet: 1.4629e-06 l_total: 1.4629e-06 
2025-09-18 09:26:19,710 INFO: [faust..][epoch:  8, iter:  63,100, lr:(2.855e-04,2.855e-04,)][eta: 1:58:23, time (data): 0.154 (0.032)]rfmnet: 1.3850e-06 l_total: 1.3850e-06 
2025-09-18 09:26:34,788 INFO: [faust..][epoch:  8, iter:  63,200, lr:(2.855e-04,2.855e-04,)][eta: 1:57:52, time (data): 0.151 (0.029)]rfmnet: 1.4251e-06 l_total: 1.4251e-06 
2025-09-18 09:26:49,883 INFO: [faust..][epoch:  8, iter:  63,300, lr:(2.855e-04,2.855e-04,)][eta: 1:57:21, time (data): 0.151 (0.028)]rfmnet: 1.3878e-06 l_total: 1.3878e-06 
2025-09-18 09:27:05,161 INFO: [faust..][epoch:  8, iter:  63,400, lr:(2.855e-04,2.855e-04,)][eta: 1:56:50, time (data): 0.153 (0.029)]rfmnet: 1.4145e-06 l_total: 1.4145e-06 
2025-09-18 09:27:20,251 INFO: [faust..][epoch:  8, iter:  63,500, lr:(2.855e-04,2.855e-04,)][eta: 1:56:19, time (data): 0.152 (0.029)]rfmnet: 2.9719e-06 l_total: 2.9719e-06 
2025-09-18 09:27:35,484 INFO: [faust..][epoch:  8, iter:  63,600, lr:(2.855e-04,2.855e-04,)][eta: 1:55:48, time (data): 0.152 (0.029)]rfmnet: 1.6592e-06 l_total: 1.6592e-06 
2025-09-18 09:27:50,581 INFO: [faust..][epoch:  8, iter:  63,700, lr:(2.855e-04,2.855e-04,)][eta: 1:55:17, time (data): 0.151 (0.029)]rfmnet: 1.3763e-06 l_total: 1.3763e-06 
2025-09-18 09:28:05,859 INFO: [faust..][epoch:  8, iter:  63,800, lr:(2.855e-04,2.855e-04,)][eta: 1:54:46, time (data): 0.153 (0.030)]rfmnet: 1.3154e-06 l_total: 1.3154e-06 
2025-09-18 09:28:20,944 INFO: [faust..][epoch:  8, iter:  63,900, lr:(2.855e-04,2.855e-04,)][eta: 1:54:15, time (data): 0.152 (0.029)]rfmnet: 1.4390e-06 l_total: 1.4390e-06 
2025-09-18 09:28:36,074 INFO: [faust..][epoch:  8, iter:  64,000, lr:(2.855e-04,2.855e-04,)][eta: 1:53:44, time (data): 0.151 (0.029)]rfmnet: 1.6012e-06 l_total: 1.6012e-06 
2025-09-18 09:28:36,074 INFO: Saving models and training states.
2025-09-18 09:28:36,089 INFO: Start validation.
2025-09-18 09:32:08,980 INFO: Avg time: 0.0724
2025-09-18 09:32:09,141 INFO: Val auc: 0.4079
2025-09-18 09:32:09,145 INFO: Val avg error: 0.2436
2025-09-18 09:32:25,863 INFO: [faust..][epoch:  8, iter:  64,100, lr:(2.855e-04,2.855e-04,)][eta: 1:54:40, time (data): 0.160 (0.029)]rfmnet: 2.3162e-06 l_total: 2.3162e-06 
2025-09-18 09:32:41,185 INFO: [faust..][epoch:  8, iter:  64,200, lr:(2.855e-04,2.855e-04,)][eta: 1:54:09, time (data): 0.153 (0.028)]rfmnet: 1.3482e-06 l_total: 1.3482e-06 
2025-09-18 09:32:56,512 INFO: [faust..][epoch:  8, iter:  64,300, lr:(2.855e-04,2.855e-04,)][eta: 1:53:38, time (data): 0.153 (0.028)]rfmnet: 2.1603e-06 l_total: 2.1603e-06 
2025-09-18 09:33:12,187 INFO: [faust..][epoch:  8, iter:  64,400, lr:(2.855e-04,2.855e-04,)][eta: 1:53:07, time (data): 0.158 (0.030)]rfmnet: 1.2747e-06 l_total: 1.2747e-06 
2025-09-18 09:33:27,418 INFO: [faust..][epoch:  8, iter:  64,500, lr:(2.855e-04,2.855e-04,)][eta: 1:52:36, time (data): 0.155 (0.029)]rfmnet: 1.3094e-06 l_total: 1.3094e-06 
2025-09-18 09:33:42,556 INFO: [faust..][epoch:  8, iter:  64,600, lr:(2.855e-04,2.855e-04,)][eta: 1:52:05, time (data): 0.151 (0.029)]rfmnet: 2.1845e-06 l_total: 2.1845e-06 
2025-09-18 09:33:57,726 INFO: [faust..][epoch:  8, iter:  64,700, lr:(2.855e-04,2.855e-04,)][eta: 1:51:35, time (data): 0.152 (0.029)]rfmnet: 1.3644e-06 l_total: 1.3644e-06 
2025-09-18 09:34:13,001 INFO: [faust..][epoch:  8, iter:  64,800, lr:(2.855e-04,2.855e-04,)][eta: 1:51:04, time (data): 0.152 (0.029)]rfmnet: 1.2259e-06 l_total: 1.2259e-06 
2025-09-18 09:34:28,316 INFO: [faust..][epoch:  8, iter:  64,900, lr:(2.855e-04,2.855e-04,)][eta: 1:50:33, time (data): 0.153 (0.029)]rfmnet: 1.7268e-06 l_total: 1.7268e-06 
2025-09-18 09:34:43,554 INFO: [faust..][epoch:  8, iter:  65,000, lr:(2.855e-04,2.855e-04,)][eta: 1:50:02, time (data): 0.152 (0.029)]rfmnet: 1.7635e-06 l_total: 1.7635e-06 
2025-09-18 09:34:58,907 INFO: [faust..][epoch:  8, iter:  65,100, lr:(2.855e-04,2.855e-04,)][eta: 1:49:32, time (data): 0.153 (0.029)]rfmnet: 1.1350e-06 l_total: 1.1350e-06 
2025-09-18 09:35:14,308 INFO: [faust..][epoch:  8, iter:  65,200, lr:(2.855e-04,2.855e-04,)][eta: 1:49:01, time (data): 0.155 (0.029)]rfmnet: 1.0907e-06 l_total: 1.0907e-06 
2025-09-18 09:35:29,798 INFO: [faust..][epoch:  8, iter:  65,300, lr:(2.855e-04,2.855e-04,)][eta: 1:48:31, time (data): 0.155 (0.029)]rfmnet: 1.1048e-06 l_total: 1.1048e-06 
2025-09-18 09:35:44,942 INFO: [faust..][epoch:  8, iter:  65,400, lr:(2.855e-04,2.855e-04,)][eta: 1:48:00, time (data): 0.152 (0.029)]rfmnet: 1.1155e-06 l_total: 1.1155e-06 
2025-09-18 09:36:00,460 INFO: [faust..][epoch:  8, iter:  65,500, lr:(2.855e-04,2.855e-04,)][eta: 1:47:30, time (data): 0.154 (0.029)]rfmnet: 1.1010e-06 l_total: 1.1010e-06 
2025-09-18 09:36:15,609 INFO: [faust..][epoch:  8, iter:  65,600, lr:(2.855e-04,2.855e-04,)][eta: 1:46:59, time (data): 0.151 (0.029)]rfmnet: 1.2094e-06 l_total: 1.2094e-06 
2025-09-18 09:36:21,753 INFO: Keyboard interrupt. Save model and exit...
