2025-08-19 12:07:34,077 INFO: 
Version Information: 
	Python: 3.8.20
	PyTorch: 2.0.0+cu118
	TorchVision: 0.15.0+cu118
2025-08-19 12:07:34,077 INFO: 
  name: dt4d
  backend: dp
  type: SpatialLearningBasisModel
  num_gpu: 1
  gpu_idx: 7
  manual_seed: 1234
  non-isometric: True
  partial: False
  save_filter: True
  path:[
    resume_state: None
    experiments_root: /mnt/zj-gpfs/home/luofeifan/shape_correspondence/LearnableBasisFMaps_main/experiments/dt4d
    models: /mnt/zj-gpfs/home/luofeifan/shape_correspondence/LearnableBasisFMaps_main/experiments/dt4d/models
    log: /mnt/zj-gpfs/home/luofeifan/shape_correspondence/LearnableBasisFMaps_main/experiments/dt4d/log
  ]
  datasets:[
    train_dataset1:[
      name: DT4DIntraTrain
      type: PairDT4DDataset
      phase: train
      data_root: ../data/DT4D_r/
      inter_class: False
      return_evecs: True
      return_faces: True
      num_evecs: 200
      return_corr: False
      return_dist: False
    ]
    train_dataset2:[
      name: DT4DInterTrain
      type: PairDT4DDataset
      phase: train
      data_root: ../data/DT4D_r/
      inter_class: True
      return_evecs: True
      return_faces: True
      num_evecs: 200
      return_corr: False
      return_dist: False
    ]
    test_dataset:[
      name: DT4DTest
      type: PairDT4DDataset
      phase: test
      data_root: ../data/DT4D_r/
      inter_class: True
      return_evecs: True
      return_faces: True
      num_evecs: 200
      return_corr: True
      return_dist: True
    ]
    batch_size: 1
    num_worker: 16
  ]
  networks:[
    feature_extractor:[
      type: DiffusionNet
      in_channels: 16
      out_channels: 128
      cache_dir: ../data/DT4D_r/diffusion
      input_type: hks
    ]
    permutation:[
      type: Similarity
      tau: 0.07
    ]
    basisconv:[
      type: EigenBasis_Fliters
    ]
  ]
  train:[
    total_epochs: 10
    optims:[
      feature_extractor:[
        type: Adam
        lr: 0.001
      ]
      basisconv:[
        type: Adam
        lr: 0.001
      ]
    ]
    schedulers:[
      feature_extractor:[
        type: CosineAnnealingLR
        eta_min: 0.0001
        T_max: 10
      ]
      basisconv:[
        type: CosineAnnealingLR
        eta_min: 0.0001
        T_max: 10
      ]
    ]
    losses:[
      rfmnet_loss:[
        type: RfmnetLoss
        loss_weight: 1.0
      ]
    ]
  ]
  val:[
    val_freq: 4000
    metrics:[
      geo_error:[
        type: calculate_geodesic_error
      ]
      plot_pck:[
        type: plot_pck
      ]
    ]
  ]
  logger:[
    print_freq: 100
    save_checkpoint_freq: 4000
  ]
  is_train: True
  dist: False
  rank: 0
  world_size: 1
  root_path: /mnt/zj-gpfs/home/luofeifan/shape_correspondence/LearnableBasisFMaps_main

2025-08-19 12:07:34,208 INFO: Dataset [PairDT4DDataset]-[DT4DIntraTrain] is built.
2025-08-19 12:07:34,237 INFO: Dataset [PairDT4DDataset]-[DT4DInterTrain] is built.
2025-08-19 12:07:34,250 INFO: Dataset [PairDT4DDataset]-[DT4DTest] is built.
2025-08-19 12:07:34,250 INFO: Training statistics:
	Number of train images: 8879
	Dataset enlarge ratio: 1
	Batch size: 1
	World size (gpu number): 1
	Require iter number per epoch: 8879
	Total epochs: 10; iters: 88790.
2025-08-19 12:07:34,251 INFO: Validation statistics:
	Number of val images: 1200
2025-08-19 12:07:34,260 INFO: Network [DiffusionNet] is created.
2025-08-19 12:07:34,260 INFO: Network [Similarity] is created.
2025-08-19 12:07:34,261 INFO: Network [EigenBasis_Fliters] is created.
2025-08-19 12:07:35,257 INFO: Network: DiffusionNet, with parameters: 479,488
2025-08-19 12:07:35,257 INFO: Network: Similarity, with parameters: 0
2025-08-19 12:07:35,257 INFO: Network: EigenBasis_Fliters, with parameters: 200
2025-08-19 12:07:35,257 INFO: Metric [function] is created.
2025-08-19 12:07:35,257 INFO: Metric [function] is created.
2025-08-19 12:07:35,258 INFO: Network permutation has no param to optimize. Ignore it.
2025-08-19 12:07:35,258 INFO: Loss [RfmnetLoss] is created.
2025-08-19 12:07:35,262 INFO: Model [SpatialLearningBasisModel] is created.
2025-08-19 12:07:35,263 INFO: Start training from epoch: 0, iter: 0
2025-08-19 12:12:12,572 INFO: [dt4d..][epoch:  1, iter:     100, lr:(1.000e-03,1.000e-03,)][eta: 2 days, 18:15:28, time (data): 2.773 (0.165)]rfmnet: 2.8279e+03 l_total: 2.8279e+03 
2025-08-19 12:16:33,680 INFO: [dt4d..][epoch:  1, iter:     200, lr:(1.000e-03,1.000e-03,)][eta: 2 days, 17:13:24, time (data): 2.692 (0.150)]rfmnet: 2.6366e+03 l_total: 2.6366e+03 
2025-08-19 12:21:11,983 INFO: [dt4d..][epoch:  1, iter:     300, lr:(1.000e-03,1.000e-03,)][eta: 2 days, 18:13:55, time (data): 2.773 (0.145)]rfmnet: 2.4555e+03 l_total: 2.4555e+03 
2025-08-19 12:25:35,271 INFO: [dt4d..][epoch:  1, iter:     400, lr:(1.000e-03,1.000e-03,)][eta: 2 days, 17:46:47, time (data): 2.703 (0.142)]rfmnet: 2.1069e+03 l_total: 2.1069e+03 
2025-08-19 12:31:01,635 INFO: [dt4d..][epoch:  1, iter:     500, lr:(1.000e-03,1.000e-03,)][eta: 2 days, 20:33:59, time (data): 3.254 (0.166)]rfmnet: 1.8002e+03 l_total: 1.8002e+03 
2025-08-19 12:36:13,068 INFO: [dt4d..][epoch:  1, iter:     600, lr:(1.000e-03,1.000e-03,)][eta: 2 days, 21:47:13, time (data): 3.183 (0.166)]rfmnet: 1.7919e+03 l_total: 1.7919e+03 
2025-08-19 12:40:15,712 INFO: [dt4d..][epoch:  1, iter:     700, lr:(1.000e-03,1.000e-03,)][eta: 2 days, 20:14:01, time (data): 2.432 (0.142)]rfmnet: 1.4781e+03 l_total: 1.4781e+03 
2025-08-19 12:45:33,757 INFO: [dt4d..][epoch:  1, iter:     800, lr:(1.000e-03,1.000e-03,)][eta: 2 days, 21:21:07, time (data): 2.812 (0.147)]rfmnet: 1.3231e+03 l_total: 1.3231e+03 
2025-08-19 12:49:40,654 INFO: [dt4d..][epoch:  1, iter:     900, lr:(1.000e-03,1.000e-03,)][eta: 2 days, 20:16:28, time (data): 2.424 (0.136)]rfmnet: 1.3197e+03 l_total: 1.3197e+03 
2025-08-19 12:54:32,941 INFO: [dt4d..][epoch:  1, iter:   1,000, lr:(1.000e-03,1.000e-03,)][eta: 2 days, 20:30:16, time (data): 2.678 (0.147)]rfmnet: 1.1121e+03 l_total: 1.1121e+03 
2025-08-19 12:58:18,862 INFO: [dt4d..][epoch:  1, iter:   1,100, lr:(1.000e-03,1.000e-03,)][eta: 2 days, 19:12:35, time (data): 2.254 (0.143)]rfmnet: 9.3122e+02 l_total: 9.3122e+02 
2025-08-19 13:02:38,943 INFO: [dt4d..][epoch:  1, iter:   1,200, lr:(1.000e-03,1.000e-03,)][eta: 2 days, 18:48:43, time (data): 2.432 (0.148)]rfmnet: 7.5689e+02 l_total: 7.5689e+02 
2025-08-19 13:07:11,079 INFO: [dt4d..][epoch:  1, iter:   1,300, lr:(1.000e-03,1.000e-03,)][eta: 2 days, 18:41:23, time (data): 2.739 (0.154)]rfmnet: 8.8967e+02 l_total: 8.8967e+02 
2025-08-19 13:11:37,083 INFO: [dt4d..][epoch:  1, iter:   1,400, lr:(1.000e-03,1.000e-03,)][eta: 2 days, 18:28:04, time (data): 2.698 (0.159)]rfmnet: 6.1527e+02 l_total: 6.1527e+02 
2025-08-19 13:16:04,969 INFO: [dt4d..][epoch:  1, iter:   1,500, lr:(1.000e-03,1.000e-03,)][eta: 2 days, 18:17:45, time (data): 2.678 (0.148)]rfmnet: 6.8602e+02 l_total: 6.8602e+02 
2025-08-19 13:20:25,744 INFO: [dt4d..][epoch:  1, iter:   1,600, lr:(1.000e-03,1.000e-03,)][eta: 2 days, 18:01:43, time (data): 2.642 (0.150)]rfmnet: 5.9153e+02 l_total: 5.9153e+02 
2025-08-19 13:24:42,717 INFO: [dt4d..][epoch:  1, iter:   1,700, lr:(1.000e-03,1.000e-03,)][eta: 2 days, 17:43:49, time (data): 2.555 (0.154)]rfmnet: 5.7886e+02 l_total: 5.7886e+02 
2025-08-19 13:28:51,976 INFO: [dt4d..][epoch:  1, iter:   1,800, lr:(1.000e-03,1.000e-03,)][eta: 2 days, 17:21:13, time (data): 2.523 (0.154)]rfmnet: 5.2741e+02 l_total: 5.2741e+02 
2025-08-19 13:33:07,743 INFO: [dt4d..][epoch:  1, iter:   1,900, lr:(1.000e-03,1.000e-03,)][eta: 2 days, 17:05:31, time (data): 2.495 (0.158)]rfmnet: 4.5311e+02 l_total: 4.5311e+02 
2025-08-19 13:37:26,577 INFO: [dt4d..][epoch:  1, iter:   2,000, lr:(1.000e-03,1.000e-03,)][eta: 2 days, 16:53:10, time (data): 2.544 (0.146)]rfmnet: 4.4694e+02 l_total: 4.4694e+02 
2025-08-19 13:41:37,869 INFO: [dt4d..][epoch:  1, iter:   2,100, lr:(1.000e-03,1.000e-03,)][eta: 2 days, 16:36:24, time (data): 2.398 (0.152)]rfmnet: 3.0797e+02 l_total: 3.0797e+02 
2025-08-19 13:45:21,254 INFO: [dt4d..][epoch:  1, iter:   2,200, lr:(1.000e-03,1.000e-03,)][eta: 2 days, 16:02:29, time (data): 2.311 (0.141)]rfmnet: 3.5375e+02 l_total: 3.5375e+02 
2025-08-19 13:49:41,079 INFO: [dt4d..][epoch:  1, iter:   2,300, lr:(1.000e-03,1.000e-03,)][eta: 2 days, 15:54:01, time (data): 2.619 (0.163)]rfmnet: 3.8977e+02 l_total: 3.8977e+02 
2025-08-19 13:54:04,441 INFO: [dt4d..][epoch:  1, iter:   2,400, lr:(1.000e-03,1.000e-03,)][eta: 2 days, 15:48:01, time (data): 2.627 (0.155)]rfmnet: 2.7853e+02 l_total: 2.7853e+02 
2025-08-19 13:58:30,269 INFO: [dt4d..][epoch:  1, iter:   2,500, lr:(1.000e-03,1.000e-03,)][eta: 2 days, 15:43:33, time (data): 2.561 (0.142)]rfmnet: 2.8765e+02 l_total: 2.8765e+02 
2025-08-19 14:02:19,157 INFO: [dt4d..][epoch:  1, iter:   2,600, lr:(1.000e-03,1.000e-03,)][eta: 2 days, 15:18:42, time (data): 2.416 (0.142)]rfmnet: 2.4087e+02 l_total: 2.4087e+02 
2025-08-19 14:07:33,593 INFO: [dt4d..][epoch:  1, iter:   2,700, lr:(1.000e-03,1.000e-03,)][eta: 2 days, 15:40:51, time (data): 3.164 (0.167)]rfmnet: 2.4440e+02 l_total: 2.4440e+02 
2025-08-19 14:12:57,167 INFO: [dt4d..][epoch:  1, iter:   2,800, lr:(1.000e-03,1.000e-03,)][eta: 2 days, 16:05:43, time (data): 3.202 (0.175)]rfmnet: 1.9164e+02 l_total: 1.9164e+02 
2025-08-19 14:16:50,625 INFO: [dt4d..][epoch:  1, iter:   2,900, lr:(1.000e-03,1.000e-03,)][eta: 2 days, 15:44:02, time (data): 2.156 (0.124)]rfmnet: 2.0630e+02 l_total: 2.0630e+02 
2025-08-19 14:21:45,343 INFO: [dt4d..][epoch:  1, iter:   3,000, lr:(1.000e-03,1.000e-03,)][eta: 2 days, 15:52:43, time (data): 2.581 (0.156)]rfmnet: 1.5991e+02 l_total: 1.5991e+02 
2025-08-19 14:25:23,639 INFO: [dt4d..][epoch:  1, iter:   3,100, lr:(1.000e-03,1.000e-03,)][eta: 2 days, 15:25:20, time (data): 2.068 (0.146)]rfmnet: 1.9094e+02 l_total: 1.9094e+02 
2025-08-19 14:29:51,359 INFO: [dt4d..][epoch:  1, iter:   3,200, lr:(1.000e-03,1.000e-03,)][eta: 2 days, 15:21:28, time (data): 2.397 (0.162)]rfmnet: 1.7590e+02 l_total: 1.7590e+02 
2025-08-19 14:33:52,168 INFO: [dt4d..][epoch:  1, iter:   3,300, lr:(1.000e-03,1.000e-03,)][eta: 2 days, 15:05:56, time (data): 2.398 (0.153)]rfmnet: 1.5532e+02 l_total: 1.5532e+02 
2025-08-19 14:38:25,038 INFO: [dt4d..][epoch:  1, iter:   3,400, lr:(1.000e-03,1.000e-03,)][eta: 2 days, 15:04:30, time (data): 2.578 (0.167)]rfmnet: 1.6105e+02 l_total: 1.6105e+02 
2025-08-19 14:42:51,840 INFO: [dt4d..][epoch:  1, iter:   3,500, lr:(1.000e-03,1.000e-03,)][eta: 2 days, 15:00:26, time (data): 2.538 (0.169)]rfmnet: 1.2220e+02 l_total: 1.2220e+02 
2025-08-19 14:47:46,492 INFO: [dt4d..][epoch:  1, iter:   3,600, lr:(1.000e-03,1.000e-03,)][eta: 2 days, 15:07:19, time (data): 2.761 (0.174)]rfmnet: 8.4729e+01 l_total: 8.4729e+01 
2025-08-19 14:51:28,260 INFO: [dt4d..][epoch:  1, iter:   3,700, lr:(1.000e-03,1.000e-03,)][eta: 2 days, 14:45:38, time (data): 2.154 (0.152)]rfmnet: 1.1581e+02 l_total: 1.1581e+02 
2025-08-19 14:56:03,669 INFO: [dt4d..][epoch:  1, iter:   3,800, lr:(1.000e-03,1.000e-03,)][eta: 2 days, 14:44:53, time (data): 2.484 (0.164)]rfmnet: 9.0160e+01 l_total: 9.0160e+01 
2025-08-19 15:00:33,454 INFO: [dt4d..][epoch:  1, iter:   3,900, lr:(1.000e-03,1.000e-03,)][eta: 2 days, 14:41:54, time (data): 2.599 (0.169)]rfmnet: 9.9585e+01 l_total: 9.9585e+01 
2025-08-19 15:04:24,463 INFO: [dt4d..][epoch:  1, iter:   4,000, lr:(1.000e-03,1.000e-03,)][eta: 2 days, 14:25:09, time (data): 2.439 (0.163)]rfmnet: 8.2930e+01 l_total: 8.2930e+01 
2025-08-19 15:04:24,464 INFO: Saving models and training states.
2025-08-19 15:04:24,540 INFO: Start validation.
2025-08-19 16:07:43,354 INFO: Avg time: 2.3584
2025-08-19 16:07:45,774 INFO: Val auc: 0.6481
2025-08-19 16:07:45,834 INFO: Val avg error: 0.0416
2025-08-19 16:07:45,840 INFO: Best model is updated, average geodesic error: 0.0416
2025-08-19 16:12:18,950 INFO: [dt4d..][epoch:  1, iter:   4,100, lr:(1.000e-03,1.000e-03,)][eta: 3 days, 12:11:53, time (data): 2.579 (0.176)]rfmnet: 7.4819e+01 l_total: 7.4819e+01 
2025-08-19 16:16:26,658 INFO: [dt4d..][epoch:  1, iter:   4,200, lr:(1.000e-03,1.000e-03,)][eta: 3 days, 11:28:56, time (data): 2.522 (0.169)]rfmnet: 7.2278e+01 l_total: 7.2278e+01 
2025-08-19 16:21:20,434 INFO: [dt4d..][epoch:  1, iter:   4,300, lr:(1.000e-03,1.000e-03,)][eta: 3 days, 11:02:52, time (data): 2.947 (0.193)]rfmnet: 8.0962e+01 l_total: 8.0962e+01 
2025-08-19 16:25:37,908 INFO: [dt4d..][epoch:  1, iter:   4,400, lr:(1.000e-03,1.000e-03,)][eta: 3 days, 10:26:10, time (data): 2.739 (0.170)]rfmnet: 6.3846e+01 l_total: 6.3846e+01 
2025-08-19 16:30:27,339 INFO: [dt4d..][epoch:  1, iter:   4,500, lr:(1.000e-03,1.000e-03,)][eta: 3 days, 10:00:53, time (data): 2.885 (0.177)]rfmnet: 6.8251e+01 l_total: 6.8251e+01 
2025-08-19 16:34:37,342 INFO: [dt4d..][epoch:  1, iter:   4,600, lr:(1.000e-03,1.000e-03,)][eta: 3 days, 9:24:27, time (data): 2.669 (0.169)]rfmnet: 4.6180e+01 l_total: 4.6180e+01 
2025-08-19 16:39:27,971 INFO: [dt4d..][epoch:  1, iter:   4,700, lr:(1.000e-03,1.000e-03,)][eta: 3 days, 9:01:31, time (data): 2.890 (0.181)]rfmnet: 6.5769e+01 l_total: 6.5769e+01 
2025-08-19 16:43:38,898 INFO: [dt4d..][epoch:  1, iter:   4,800, lr:(1.000e-03,1.000e-03,)][eta: 3 days, 8:27:46, time (data): 2.675 (0.164)]rfmnet: 4.3238e+01 l_total: 4.3238e+01 
2025-08-19 16:48:12,398 INFO: [dt4d..][epoch:  1, iter:   4,900, lr:(1.000e-03,1.000e-03,)][eta: 3 days, 8:01:39, time (data): 2.769 (0.170)]rfmnet: 5.4085e+01 l_total: 5.4085e+01 
2025-08-19 16:52:13,060 INFO: [dt4d..][epoch:  1, iter:   5,000, lr:(1.000e-03,1.000e-03,)][eta: 3 days, 7:27:14, time (data): 2.563 (0.156)]rfmnet: 4.0337e+01 l_total: 4.0337e+01 
2025-08-19 16:56:56,046 INFO: [dt4d..][epoch:  1, iter:   5,100, lr:(1.000e-03,1.000e-03,)][eta: 3 days, 7:05:34, time (data): 3.075 (0.194)]rfmnet: 3.5877e+01 l_total: 3.5877e+01 
2025-08-19 17:00:51,564 INFO: [dt4d..][epoch:  1, iter:   5,200, lr:(1.000e-03,1.000e-03,)][eta: 3 days, 6:31:51, time (data): 2.664 (0.171)]rfmnet: 3.4208e+01 l_total: 3.4208e+01 
2025-08-19 17:05:21,337 INFO: [dt4d..][epoch:  1, iter:   5,300, lr:(1.000e-03,1.000e-03,)][eta: 3 days, 6:08:15, time (data): 2.823 (0.176)]rfmnet: 3.2021e+01 l_total: 3.2021e+01 
2025-08-19 17:10:03,926 INFO: [dt4d..][epoch:  1, iter:   5,400, lr:(1.000e-03,1.000e-03,)][eta: 3 days, 5:48:39, time (data): 2.825 (0.172)]rfmnet: 3.1051e+01 l_total: 3.1051e+01 
2025-08-19 17:13:45,058 INFO: [dt4d..][epoch:  1, iter:   5,500, lr:(1.000e-03,1.000e-03,)][eta: 3 days, 5:14:05, time (data): 2.292 (0.145)]rfmnet: 2.7906e+01 l_total: 2.7906e+01 
2025-08-19 17:18:25,090 INFO: [dt4d..][epoch:  1, iter:   5,600, lr:(1.000e-03,1.000e-03,)][eta: 3 days, 4:55:12, time (data): 2.586 (0.162)]rfmnet: 2.7632e+01 l_total: 2.7632e+01 
2025-08-19 17:22:50,231 INFO: [dt4d..][epoch:  1, iter:   5,700, lr:(1.000e-03,1.000e-03,)][eta: 3 days, 4:33:12, time (data): 2.733 (0.162)]rfmnet: 2.7107e+01 l_total: 2.7107e+01 
2025-08-19 17:27:50,853 INFO: [dt4d..][epoch:  1, iter:   5,800, lr:(1.000e-03,1.000e-03,)][eta: 3 days, 4:20:16, time (data): 2.892 (0.172)]rfmnet: 2.1735e+01 l_total: 2.1735e+01 
2025-08-19 17:32:57,287 INFO: [dt4d..][epoch:  1, iter:   5,900, lr:(1.000e-03,1.000e-03,)][eta: 3 days, 4:08:58, time (data): 3.026 (0.187)]rfmnet: 1.8088e+01 l_total: 1.8088e+01 
2025-08-19 17:37:01,355 INFO: [dt4d..][epoch:  1, iter:   6,000, lr:(1.000e-03,1.000e-03,)][eta: 3 days, 3:43:32, time (data): 2.684 (0.175)]rfmnet: 1.8058e+01 l_total: 1.8058e+01 
2025-08-19 17:41:09,753 INFO: [dt4d..][epoch:  1, iter:   6,100, lr:(1.000e-03,1.000e-03,)][eta: 3 days, 3:19:46, time (data): 2.634 (0.163)]rfmnet: 1.9336e+01 l_total: 1.9336e+01 
2025-08-19 17:45:37,971 INFO: [dt4d..][epoch:  1, iter:   6,200, lr:(1.000e-03,1.000e-03,)][eta: 3 days, 3:01:02, time (data): 2.662 (0.167)]rfmnet: 1.6377e+01 l_total: 1.6377e+01 
2025-08-19 17:50:02,634 INFO: [dt4d..][epoch:  1, iter:   6,300, lr:(1.000e-03,1.000e-03,)][eta: 3 days, 2:41:59, time (data): 2.785 (0.171)]rfmnet: 1.7047e+01 l_total: 1.7047e+01 
2025-08-19 17:54:27,332 INFO: [dt4d..][epoch:  1, iter:   6,400, lr:(1.000e-03,1.000e-03,)][eta: 3 days, 2:23:24, time (data): 2.703 (0.171)]rfmnet: 1.4869e+01 l_total: 1.4869e+01 
2025-08-19 17:58:47,002 INFO: [dt4d..][epoch:  1, iter:   6,500, lr:(1.000e-03,1.000e-03,)][eta: 3 days, 2:04:12, time (data): 2.585 (0.169)]rfmnet: 1.0875e+01 l_total: 1.0875e+01 
2025-08-19 18:03:37,237 INFO: [dt4d..][epoch:  1, iter:   6,600, lr:(1.000e-03,1.000e-03,)][eta: 3 days, 1:51:47, time (data): 2.774 (0.175)]rfmnet: 1.3855e+01 l_total: 1.3855e+01 
2025-08-19 18:07:09,153 INFO: [dt4d..][epoch:  1, iter:   6,700, lr:(1.000e-03,1.000e-03,)][eta: 3 days, 1:23:36, time (data): 2.005 (0.143)]rfmnet: 1.4990e+01 l_total: 1.4990e+01 
2025-08-19 18:11:40,077 INFO: [dt4d..][epoch:  1, iter:   6,800, lr:(1.000e-03,1.000e-03,)][eta: 3 days, 1:08:00, time (data): 2.427 (0.163)]rfmnet: 1.0209e+01 l_total: 1.0209e+01 
2025-08-19 18:15:41,407 INFO: [dt4d..][epoch:  1, iter:   6,900, lr:(1.000e-03,1.000e-03,)][eta: 3 days, 0:46:52, time (data): 2.253 (0.145)]rfmnet: 1.2997e+01 l_total: 1.2997e+01 
2025-08-19 18:20:40,861 INFO: [dt4d..][epoch:  1, iter:   7,000, lr:(1.000e-03,1.000e-03,)][eta: 3 days, 0:37:32, time (data): 2.700 (0.164)]rfmnet: 8.8228e+00 l_total: 8.8228e+00 
2025-08-19 18:24:18,800 INFO: [dt4d..][epoch:  1, iter:   7,100, lr:(1.000e-03,1.000e-03,)][eta: 3 days, 0:12:42, time (data): 1.972 (0.147)]rfmnet: 7.9619e+00 l_total: 7.9619e+00 
2025-08-19 18:28:41,592 INFO: [dt4d..][epoch:  1, iter:   7,200, lr:(1.000e-03,1.000e-03,)][eta: 2 days, 23:56:56, time (data): 2.369 (0.167)]rfmnet: 1.2026e+01 l_total: 1.2026e+01 
2025-08-19 18:32:54,766 INFO: [dt4d..][epoch:  1, iter:   7,300, lr:(1.000e-03,1.000e-03,)][eta: 2 days, 23:39:41, time (data): 2.435 (0.162)]rfmnet: 8.2833e+00 l_total: 8.2833e+00 
2025-08-19 18:37:11,039 INFO: [dt4d..][epoch:  1, iter:   7,400, lr:(1.000e-03,1.000e-03,)][eta: 2 days, 23:23:21, time (data): 2.513 (0.164)]rfmnet: 6.1050e+00 l_total: 6.1050e+00 
2025-08-19 18:41:36,304 INFO: [dt4d..][epoch:  1, iter:   7,500, lr:(1.000e-03,1.000e-03,)][eta: 2 days, 23:08:58, time (data): 2.455 (0.154)]rfmnet: 5.4209e+00 l_total: 5.4209e+00 
2025-08-19 18:45:20,430 INFO: [dt4d..][epoch:  1, iter:   7,600, lr:(1.000e-03,1.000e-03,)][eta: 2 days, 22:47:31, time (data): 2.323 (0.153)]rfmnet: 7.0197e+00 l_total: 7.0197e+00 
2025-08-19 18:50:15,899 INFO: [dt4d..][epoch:  1, iter:   7,700, lr:(1.000e-03,1.000e-03,)][eta: 2 days, 22:39:03, time (data): 2.828 (0.162)]rfmnet: 4.7519e+00 l_total: 4.7519e+00 
2025-08-19 18:54:26,846 INFO: [dt4d..][epoch:  1, iter:   7,800, lr:(1.000e-03,1.000e-03,)][eta: 2 days, 22:22:59, time (data): 2.631 (0.166)]rfmnet: 4.2518e+00 l_total: 4.2518e+00 
2025-08-19 18:58:21,856 INFO: [dt4d..][epoch:  1, iter:   7,900, lr:(1.000e-03,1.000e-03,)][eta: 2 days, 22:04:29, time (data): 1.962 (0.154)]rfmnet: 4.4078e+00 l_total: 4.4078e+00 
2025-08-19 19:02:05,336 INFO: [dt4d..][epoch:  1, iter:   8,000, lr:(1.000e-03,1.000e-03,)][eta: 2 days, 21:44:24, time (data): 2.131 (0.149)]rfmnet: 3.9772e+00 l_total: 3.9772e+00 
2025-08-19 19:02:05,336 INFO: Saving models and training states.
2025-08-19 19:02:05,358 INFO: Start validation.
2025-08-19 20:06:04,248 INFO: Avg time: 2.4742
2025-08-19 20:06:06,667 INFO: Val auc: 0.6693
2025-08-19 20:06:06,671 INFO: Val avg error: 0.0378
2025-08-19 20:06:06,675 INFO: Best model is updated, average geodesic error: 0.0378
2025-08-19 20:10:46,586 INFO: [dt4d..][epoch:  1, iter:   8,100, lr:(1.000e-03,1.000e-03,)][eta: 3 days, 8:11:47, time (data): 2.587 (0.179)]rfmnet: 4.5552e+00 l_total: 4.5552e+00 
2025-08-19 20:14:56,035 INFO: [dt4d..][epoch:  1, iter:   8,200, lr:(1.000e-03,1.000e-03,)][eta: 3 days, 7:48:05, time (data): 2.529 (0.159)]rfmnet: 3.7341e+00 l_total: 3.7341e+00 
2025-08-19 20:19:48,456 INFO: [dt4d..][epoch:  1, iter:   8,300, lr:(1.000e-03,1.000e-03,)][eta: 3 days, 7:31:47, time (data): 2.620 (0.183)]rfmnet: 3.9009e+00 l_total: 3.9009e+00 
2025-08-19 20:23:26,896 INFO: [dt4d..][epoch:  1, iter:   8,400, lr:(1.000e-03,1.000e-03,)][eta: 3 days, 7:03:58, time (data): 2.346 (0.159)]rfmnet: 4.1161e+00 l_total: 4.1161e+00 
2025-08-19 20:28:19,539 INFO: [dt4d..][epoch:  1, iter:   8,500, lr:(1.000e-03,1.000e-03,)][eta: 3 days, 6:48:24, time (data): 3.044 (0.181)]rfmnet: 3.1451e+00 l_total: 3.1451e+00 
2025-08-19 20:32:49,286 INFO: [dt4d..][epoch:  1, iter:   8,600, lr:(1.000e-03,1.000e-03,)][eta: 3 days, 6:29:31, time (data): 2.825 (0.177)]rfmnet: 3.4088e+00 l_total: 3.4088e+00 
2025-08-19 20:37:36,008 INFO: [dt4d..][epoch:  1, iter:   8,700, lr:(1.000e-03,1.000e-03,)][eta: 3 days, 6:13:34, time (data): 2.947 (0.196)]rfmnet: 4.7002e+00 l_total: 4.7002e+00 
2025-08-19 20:41:29,996 INFO: [dt4d..][epoch:  1, iter:   8,800, lr:(1.000e-03,1.000e-03,)][eta: 3 days, 5:49:53, time (data): 2.560 (0.168)]rfmnet: 2.6757e+00 l_total: 2.6757e+00 
2025-08-19 20:45:37,507 INFO: [dt4d..][epoch:  2, iter:   8,900, lr:(9.780e-04,9.780e-04,)][eta: 3 days, 5:28:41, time (data): 2.674 (0.219)]rfmnet: 2.6961e+00 l_total: 2.6961e+00 
2025-08-19 20:50:21,039 INFO: [dt4d..][epoch:  2, iter:   9,000, lr:(9.780e-04,9.780e-04,)][eta: 3 days, 5:13:10, time (data): 2.778 (0.187)]rfmnet: 3.9234e+00 l_total: 3.9234e+00 
2025-08-19 20:55:02,535 INFO: [dt4d..][epoch:  2, iter:   9,100, lr:(9.780e-04,9.780e-04,)][eta: 3 days, 4:57:36, time (data): 2.574 (0.172)]rfmnet: 3.2538e+00 l_total: 3.2538e+00 
2025-08-19 20:59:13,615 INFO: [dt4d..][epoch:  2, iter:   9,200, lr:(9.780e-04,9.780e-04,)][eta: 3 days, 4:37:52, time (data): 2.533 (0.154)]rfmnet: 2.5649e+00 l_total: 2.5649e+00 
2025-08-19 21:03:59,133 INFO: [dt4d..][epoch:  2, iter:   9,300, lr:(9.780e-04,9.780e-04,)][eta: 3 days, 4:23:24, time (data): 2.805 (0.162)]rfmnet: 3.7361e+00 l_total: 3.7361e+00 
2025-08-19 21:08:01,701 INFO: [dt4d..][epoch:  2, iter:   9,400, lr:(9.780e-04,9.780e-04,)][eta: 3 days, 4:03:04, time (data): 2.559 (0.154)]rfmnet: 2.3953e+00 l_total: 2.3953e+00 
2025-08-19 21:12:28,255 INFO: [dt4d..][epoch:  2, iter:   9,500, lr:(9.780e-04,9.780e-04,)][eta: 3 days, 3:46:26, time (data): 2.659 (0.157)]rfmnet: 2.1933e+00 l_total: 2.1933e+00 
2025-08-19 21:16:19,544 INFO: [dt4d..][epoch:  2, iter:   9,600, lr:(9.780e-04,9.780e-04,)][eta: 3 days, 3:25:12, time (data): 2.433 (0.147)]rfmnet: 2.0196e+00 l_total: 2.0196e+00 
2025-08-19 21:20:59,397 INFO: [dt4d..][epoch:  2, iter:   9,700, lr:(9.780e-04,9.780e-04,)][eta: 3 days, 3:10:55, time (data): 3.129 (0.187)]rfmnet: 2.3434e+00 l_total: 2.3434e+00 
2025-08-19 21:25:02,027 INFO: [dt4d..][epoch:  2, iter:   9,800, lr:(9.780e-04,9.780e-04,)][eta: 3 days, 2:51:51, time (data): 2.667 (0.161)]rfmnet: 2.9202e+00 l_total: 2.9202e+00 
2025-08-19 21:29:30,076 INFO: [dt4d..][epoch:  2, iter:   9,900, lr:(9.780e-04,9.780e-04,)][eta: 3 days, 2:36:27, time (data): 2.948 (0.181)]rfmnet: 1.6457e+00 l_total: 1.6457e+00 
2025-08-19 21:33:46,054 INFO: [dt4d..][epoch:  2, iter:  10,000, lr:(9.780e-04,9.780e-04,)][eta: 3 days, 2:19:41, time (data): 2.691 (0.169)]rfmnet: 2.6510e+00 l_total: 2.6510e+00 
2025-08-19 21:38:08,855 INFO: [dt4d..][epoch:  2, iter:  10,100, lr:(9.780e-04,9.780e-04,)][eta: 3 days, 2:04:03, time (data): 2.892 (0.168)]rfmnet: 1.7457e+00 l_total: 1.7457e+00 
2025-08-19 21:42:17,179 INFO: [dt4d..][epoch:  2, iter:  10,200, lr:(9.780e-04,9.780e-04,)][eta: 3 days, 1:46:46, time (data): 2.619 (0.162)]rfmnet: 1.4698e+00 l_total: 1.4698e+00 
2025-08-19 21:46:34,285 INFO: [dt4d..][epoch:  2, iter:  10,300, lr:(9.780e-04,9.780e-04,)][eta: 3 days, 1:30:52, time (data): 3.031 (0.173)]rfmnet: 1.6791e+00 l_total: 1.6791e+00 
2025-08-19 21:50:59,373 INFO: [dt4d..][epoch:  2, iter:  10,400, lr:(9.780e-04,9.780e-04,)][eta: 3 days, 1:16:12, time (data): 2.776 (0.165)]rfmnet: 2.1537e+00 l_total: 2.1537e+00 
2025-08-19 21:55:03,800 INFO: [dt4d..][epoch:  2, iter:  10,500, lr:(9.780e-04,9.780e-04,)][eta: 3 days, 0:59:09, time (data): 2.557 (0.149)]rfmnet: 1.4684e+00 l_total: 1.4684e+00 
2025-08-19 21:59:44,534 INFO: [dt4d..][epoch:  2, iter:  10,600, lr:(9.780e-04,9.780e-04,)][eta: 3 days, 0:46:48, time (data): 2.726 (0.164)]rfmnet: 1.3207e+00 l_total: 1.3207e+00 
2025-08-19 22:03:37,660 INFO: [dt4d..][epoch:  2, iter:  10,700, lr:(9.780e-04,9.780e-04,)][eta: 3 days, 0:28:49, time (data): 2.606 (0.163)]rfmnet: 2.0416e+00 l_total: 2.0416e+00 
2025-08-19 22:08:23,235 INFO: [dt4d..][epoch:  2, iter:  10,800, lr:(9.780e-04,9.780e-04,)][eta: 3 days, 0:17:24, time (data): 2.776 (0.174)]rfmnet: 1.6443e+00 l_total: 1.6443e+00 
2025-08-19 22:12:22,737 INFO: [dt4d..][epoch:  2, iter:  10,900, lr:(9.780e-04,9.780e-04,)][eta: 3 days, 0:00:38, time (data): 2.452 (0.137)]rfmnet: 1.1622e+00 l_total: 1.1622e+00 
2025-08-19 22:17:00,475 INFO: [dt4d..][epoch:  2, iter:  11,000, lr:(9.780e-04,9.780e-04,)][eta: 2 days, 23:48:35, time (data): 2.675 (0.164)]rfmnet: 1.2229e+00 l_total: 1.2229e+00 
2025-08-19 22:20:50,071 INFO: [dt4d..][epoch:  2, iter:  11,100, lr:(9.780e-04,9.780e-04,)][eta: 2 days, 23:31:04, time (data): 2.217 (0.129)]rfmnet: 1.3064e+00 l_total: 1.3064e+00 
2025-08-19 22:25:40,154 INFO: [dt4d..][epoch:  2, iter:  11,200, lr:(9.780e-04,9.780e-04,)][eta: 2 days, 23:20:46, time (data): 2.689 (0.157)]rfmnet: 1.2196e+00 l_total: 1.2196e+00 
2025-08-19 22:29:58,879 INFO: [dt4d..][epoch:  2, iter:  11,300, lr:(9.780e-04,9.780e-04,)][eta: 2 days, 23:06:59, time (data): 2.280 (0.155)]rfmnet: 1.1816e+00 l_total: 1.1816e+00 
2025-08-19 22:34:10,832 INFO: [dt4d..][epoch:  2, iter:  11,400, lr:(9.780e-04,9.780e-04,)][eta: 2 days, 22:52:36, time (data): 2.446 (0.154)]rfmnet: 1.1921e+00 l_total: 1.1921e+00 
2025-08-19 22:38:19,657 INFO: [dt4d..][epoch:  2, iter:  11,500, lr:(9.780e-04,9.780e-04,)][eta: 2 days, 22:38:03, time (data): 2.516 (0.134)]rfmnet: 1.0204e+00 l_total: 1.0204e+00 
2025-08-19 22:43:08,633 INFO: [dt4d..][epoch:  2, iter:  11,600, lr:(9.780e-04,9.780e-04,)][eta: 2 days, 22:28:08, time (data): 2.777 (0.159)]rfmnet: 1.4230e+00 l_total: 1.4230e+00 
2025-08-19 22:47:02,756 INFO: [dt4d..][epoch:  2, iter:  11,700, lr:(9.780e-04,9.780e-04,)][eta: 2 days, 22:12:16, time (data): 2.117 (0.146)]rfmnet: 1.0055e+00 l_total: 1.0055e+00 
2025-08-19 22:51:35,719 INFO: [dt4d..][epoch:  2, iter:  11,800, lr:(9.780e-04,9.780e-04,)][eta: 2 days, 22:00:50, time (data): 2.548 (0.163)]rfmnet: 1.3781e+00 l_total: 1.3781e+00 
2025-08-19 22:55:30,340 INFO: [dt4d..][epoch:  2, iter:  11,900, lr:(9.780e-04,9.780e-04,)][eta: 2 days, 21:45:24, time (data): 2.232 (0.145)]rfmnet: 9.4898e-01 l_total: 9.4898e-01 
2025-08-19 22:59:49,774 INFO: [dt4d..][epoch:  2, iter:  12,000, lr:(9.780e-04,9.780e-04,)][eta: 2 days, 21:32:47, time (data): 2.489 (0.149)]rfmnet: 9.2785e-01 l_total: 9.2785e-01 
2025-08-19 22:59:49,774 INFO: Saving models and training states.
2025-08-19 22:59:49,853 INFO: Start validation.
2025-08-20 00:02:06,796 INFO: Avg time: 2.4482
2025-08-20 00:02:09,184 INFO: Val auc: 0.6701
2025-08-20 00:02:09,228 INFO: Val avg error: 0.0376
2025-08-20 00:02:09,236 INFO: Best model is updated, average geodesic error: 0.0376
2025-08-20 00:07:23,862 INFO: [dt4d..][epoch:  2, iter:  12,100, lr:(9.780e-04,9.780e-04,)][eta: 3 days, 4:01:07, time (data): 2.971 (0.172)]rfmnet: 7.1500e-01 l_total: 7.1500e-01 
2025-08-20 00:12:16,381 INFO: [dt4d..][epoch:  2, iter:  12,200, lr:(9.780e-04,9.780e-04,)][eta: 3 days, 3:48:27, time (data): 2.938 (0.176)]rfmnet: 1.0712e+00 l_total: 1.0712e+00 
2025-08-20 00:15:35,928 INFO: [dt4d..][epoch:  2, iter:  12,300, lr:(9.780e-04,9.780e-04,)][eta: 3 days, 3:26:15, time (data): 2.456 (0.129)]rfmnet: 1.1814e+00 l_total: 1.1814e+00 
2025-08-20 00:20:14,341 INFO: [dt4d..][epoch:  2, iter:  12,400, lr:(9.780e-04,9.780e-04,)][eta: 3 days, 3:12:28, time (data): 2.692 (0.160)]rfmnet: 8.5617e-01 l_total: 8.5617e-01 
2025-08-20 00:24:18,246 INFO: [dt4d..][epoch:  2, iter:  12,500, lr:(9.780e-04,9.780e-04,)][eta: 3 days, 2:55:19, time (data): 2.225 (0.153)]rfmnet: 7.8062e-01 l_total: 7.8062e-01 
2025-08-20 00:28:39,990 INFO: [dt4d..][epoch:  2, iter:  12,600, lr:(9.780e-04,9.780e-04,)][eta: 3 days, 2:40:11, time (data): 2.509 (0.158)]rfmnet: 8.6400e-01 l_total: 8.6400e-01 
2025-08-20 00:32:52,865 INFO: [dt4d..][epoch:  2, iter:  12,700, lr:(9.780e-04,9.780e-04,)][eta: 3 days, 2:24:19, time (data): 2.133 (0.140)]rfmnet: 6.3959e-01 l_total: 6.3959e-01 
2025-08-20 00:37:02,828 INFO: [dt4d..][epoch:  2, iter:  12,800, lr:(9.780e-04,9.780e-04,)][eta: 3 days, 2:08:21, time (data): 2.400 (0.145)]rfmnet: 6.9252e-01 l_total: 6.9252e-01 
2025-08-20 00:41:16,530 INFO: [dt4d..][epoch:  2, iter:  12,900, lr:(9.780e-04,9.780e-04,)][eta: 3 days, 1:52:56, time (data): 2.118 (0.142)]rfmnet: 6.5926e-01 l_total: 6.5926e-01 
2025-08-20 00:45:12,973 INFO: [dt4d..][epoch:  2, iter:  13,000, lr:(9.780e-04,9.780e-04,)][eta: 3 days, 1:36:01, time (data): 2.299 (0.150)]rfmnet: 7.1882e-01 l_total: 7.1882e-01 
2025-08-20 00:49:52,328 INFO: [dt4d..][epoch:  2, iter:  13,100, lr:(9.780e-04,9.780e-04,)][eta: 3 days, 1:23:26, time (data): 2.672 (0.179)]rfmnet: 7.2476e-01 l_total: 7.2476e-01 
2025-08-20 00:53:10,658 INFO: [dt4d..][epoch:  2, iter:  13,200, lr:(9.780e-04,9.780e-04,)][eta: 3 days, 1:03:13, time (data): 2.162 (0.150)]rfmnet: 7.0554e-01 l_total: 7.0554e-01 
2025-08-20 00:57:42,365 INFO: [dt4d..][epoch:  2, iter:  13,300, lr:(9.780e-04,9.780e-04,)][eta: 3 days, 0:50:13, time (data): 2.738 (0.168)]rfmnet: 6.2810e-01 l_total: 6.2810e-01 
2025-08-20 01:01:21,326 INFO: [dt4d..][epoch:  2, iter:  13,400, lr:(9.780e-04,9.780e-04,)][eta: 3 days, 0:32:23, time (data): 2.329 (0.150)]rfmnet: 4.4813e-01 l_total: 4.4813e-01 
2025-08-20 01:05:47,678 INFO: [dt4d..][epoch:  2, iter:  13,500, lr:(9.780e-04,9.780e-04,)][eta: 3 days, 0:19:10, time (data): 2.854 (0.156)]rfmnet: 5.9250e-01 l_total: 5.9250e-01 
2025-08-20 01:09:47,968 INFO: [dt4d..][epoch:  2, iter:  13,600, lr:(9.780e-04,9.780e-04,)][eta: 3 days, 0:03:41, time (data): 2.515 (0.144)]rfmnet: 4.8898e-01 l_total: 4.8898e-01 
2025-08-20 01:14:20,778 INFO: [dt4d..][epoch:  2, iter:  13,700, lr:(9.780e-04,9.780e-04,)][eta: 2 days, 23:51:21, time (data): 2.851 (0.167)]rfmnet: 7.0677e-01 l_total: 7.0677e-01 
2025-08-20 01:18:15,789 INFO: [dt4d..][epoch:  2, iter:  13,800, lr:(9.780e-04,9.780e-04,)][eta: 2 days, 23:35:41, time (data): 2.471 (0.150)]rfmnet: 4.7511e-01 l_total: 4.7511e-01 
2025-08-20 01:22:46,729 INFO: [dt4d..][epoch:  2, iter:  13,900, lr:(9.780e-04,9.780e-04,)][eta: 2 days, 23:23:25, time (data): 2.772 (0.159)]rfmnet: 4.9352e-01 l_total: 4.9352e-01 
2025-08-20 01:27:19,742 INFO: [dt4d..][epoch:  2, iter:  14,000, lr:(9.780e-04,9.780e-04,)][eta: 2 days, 23:11:27, time (data): 2.740 (0.152)]rfmnet: 4.3706e-01 l_total: 4.3706e-01 
2025-08-20 01:31:50,245 INFO: [dt4d..][epoch:  2, iter:  14,100, lr:(9.780e-04,9.780e-04,)][eta: 2 days, 22:59:22, time (data): 3.073 (0.182)]rfmnet: 4.7979e-01 l_total: 4.7979e-01 
2025-08-20 01:36:10,839 INFO: [dt4d..][epoch:  2, iter:  14,200, lr:(9.780e-04,9.780e-04,)][eta: 2 days, 22:46:32, time (data): 2.714 (0.181)]rfmnet: 5.2087e-01 l_total: 5.2087e-01 
2025-08-20 01:40:51,348 INFO: [dt4d..][epoch:  2, iter:  14,300, lr:(9.780e-04,9.780e-04,)][eta: 2 days, 22:35:32, time (data): 3.166 (0.180)]rfmnet: 4.3137e-01 l_total: 4.3137e-01 
2025-08-20 01:45:53,739 INFO: [dt4d..][epoch:  2, iter:  14,400, lr:(9.780e-04,9.780e-04,)][eta: 2 days, 22:26:31, time (data): 3.056 (0.179)]rfmnet: 3.6899e-01 l_total: 3.6899e-01 
2025-08-20 01:50:45,472 INFO: [dt4d..][epoch:  2, iter:  14,500, lr:(9.780e-04,9.780e-04,)][eta: 2 days, 22:16:38, time (data): 2.636 (0.148)]rfmnet: 3.7617e-01 l_total: 3.7617e-01 
2025-08-20 01:54:16,458 INFO: [dt4d..][epoch:  2, iter:  14,600, lr:(9.780e-04,9.780e-04,)][eta: 2 days, 21:59:59, time (data): 2.225 (0.144)]rfmnet: 3.4668e-01 l_total: 3.4668e-01 
2025-08-20 01:58:33,757 INFO: [dt4d..][epoch:  2, iter:  14,700, lr:(9.780e-04,9.780e-04,)][eta: 2 days, 21:47:24, time (data): 2.373 (0.166)]rfmnet: 4.6094e-01 l_total: 4.6094e-01 
2025-08-20 02:02:05,431 INFO: [dt4d..][epoch:  2, iter:  14,800, lr:(9.780e-04,9.780e-04,)][eta: 2 days, 21:31:08, time (data): 2.171 (0.135)]rfmnet: 3.3589e-01 l_total: 3.3589e-01 
2025-08-20 02:06:49,596 INFO: [dt4d..][epoch:  2, iter:  14,900, lr:(9.780e-04,9.780e-04,)][eta: 2 days, 21:21:01, time (data): 2.801 (0.181)]rfmnet: 5.3342e-01 l_total: 5.3342e-01 
2025-08-20 02:10:43,888 INFO: [dt4d..][epoch:  2, iter:  15,000, lr:(9.780e-04,9.780e-04,)][eta: 2 days, 21:06:54, time (data): 2.437 (0.149)]rfmnet: 3.2799e-01 l_total: 3.2799e-01 
2025-08-20 02:15:21,535 INFO: [dt4d..][epoch:  2, iter:  15,100, lr:(9.780e-04,9.780e-04,)][eta: 2 days, 20:56:26, time (data): 3.047 (0.190)]rfmnet: 3.5885e-01 l_total: 3.5885e-01 
2025-08-20 02:19:22,170 INFO: [dt4d..][epoch:  2, iter:  15,200, lr:(9.780e-04,9.780e-04,)][eta: 2 days, 20:43:04, time (data): 2.534 (0.163)]rfmnet: 3.1176e-01 l_total: 3.1176e-01 
2025-08-20 02:23:46,356 INFO: [dt4d..][epoch:  2, iter:  15,300, lr:(9.780e-04,9.780e-04,)][eta: 2 days, 20:31:42, time (data): 2.792 (0.159)]rfmnet: 2.3600e-01 l_total: 2.3600e-01 
2025-08-20 02:28:27,866 INFO: [dt4d..][epoch:  2, iter:  15,400, lr:(9.780e-04,9.780e-04,)][eta: 2 days, 20:21:48, time (data): 2.811 (0.162)]rfmnet: 2.9039e-01 l_total: 2.9039e-01 
2025-08-20 02:33:15,965 INFO: [dt4d..][epoch:  2, iter:  15,500, lr:(9.780e-04,9.780e-04,)][eta: 2 days, 20:12:29, time (data): 2.879 (0.175)]rfmnet: 2.5214e-01 l_total: 2.5214e-01 
2025-08-20 02:37:50,176 INFO: [dt4d..][epoch:  2, iter:  15,600, lr:(9.780e-04,9.780e-04,)][eta: 2 days, 20:02:09, time (data): 2.768 (0.170)]rfmnet: 2.7584e-01 l_total: 2.7584e-01 
2025-08-20 02:42:43,144 INFO: [dt4d..][epoch:  2, iter:  15,700, lr:(9.780e-04,9.780e-04,)][eta: 2 days, 19:53:20, time (data): 3.445 (0.194)]rfmnet: 2.7446e-01 l_total: 2.7446e-01 
2025-08-20 02:47:06,646 INFO: [dt4d..][epoch:  2, iter:  15,800, lr:(9.780e-04,9.780e-04,)][eta: 2 days, 19:42:18, time (data): 2.781 (0.167)]rfmnet: 2.3810e-01 l_total: 2.3810e-01 
2025-08-20 02:52:08,649 INFO: [dt4d..][epoch:  2, iter:  15,900, lr:(9.780e-04,9.780e-04,)][eta: 2 days, 19:34:18, time (data): 2.880 (0.173)]rfmnet: 2.0628e-01 l_total: 2.0628e-01 
2025-08-20 02:55:54,651 INFO: [dt4d..][epoch:  2, iter:  16,000, lr:(9.780e-04,9.780e-04,)][eta: 2 days, 19:20:34, time (data): 2.368 (0.149)]rfmnet: 2.2482e-01 l_total: 2.2482e-01 
2025-08-20 02:55:54,651 INFO: Saving models and training states.
2025-08-20 02:55:54,674 INFO: Start validation.
2025-08-20 03:58:49,272 INFO: Avg time: 2.3643
2025-08-20 03:58:51,533 INFO: Val auc: 0.6734
2025-08-20 03:58:51,537 INFO: Val avg error: 0.0371
2025-08-20 03:58:51,542 INFO: Best model is updated, average geodesic error: 0.0371
2025-08-20 04:03:10,117 INFO: [dt4d..][epoch:  2, iter:  16,100, lr:(9.780e-04,9.780e-04,)][eta: 2 days, 23:53:36, time (data): 2.352 (0.147)]rfmnet: 2.4573e-01 l_total: 2.4573e-01 
2025-08-20 04:07:49,210 INFO: [dt4d..][epoch:  2, iter:  16,200, lr:(9.780e-04,9.780e-04,)][eta: 2 days, 23:41:55, time (data): 2.718 (0.161)]rfmnet: 2.2821e-01 l_total: 2.2821e-01 
2025-08-20 04:12:42,197 INFO: [dt4d..][epoch:  2, iter:  16,300, lr:(9.780e-04,9.780e-04,)][eta: 2 days, 23:31:21, time (data): 2.558 (0.165)]rfmnet: 2.0253e-01 l_total: 2.0253e-01 
2025-08-20 04:17:33,373 INFO: [dt4d..][epoch:  2, iter:  16,400, lr:(9.780e-04,9.780e-04,)][eta: 2 days, 23:20:43, time (data): 2.855 (0.169)]rfmnet: 2.3091e-01 l_total: 2.3091e-01 
2025-08-20 04:22:31,893 INFO: [dt4d..][epoch:  2, iter:  16,500, lr:(9.780e-04,9.780e-04,)][eta: 2 days, 23:10:42, time (data): 2.639 (0.161)]rfmnet: 2.4968e-01 l_total: 2.4968e-01 
2025-08-20 04:27:14,770 INFO: [dt4d..][epoch:  2, iter:  16,600, lr:(9.780e-04,9.780e-04,)][eta: 2 days, 22:59:36, time (data): 2.800 (0.168)]rfmnet: 2.7108e-01 l_total: 2.7108e-01 
2025-08-20 04:31:28,425 INFO: [dt4d..][epoch:  2, iter:  16,700, lr:(9.780e-04,9.780e-04,)][eta: 2 days, 22:46:29, time (data): 2.319 (0.157)]rfmnet: 1.7930e-01 l_total: 1.7930e-01 
2025-08-20 04:35:53,181 INFO: [dt4d..][epoch:  2, iter:  16,800, lr:(9.780e-04,9.780e-04,)][eta: 2 days, 22:34:15, time (data): 2.600 (0.149)]rfmnet: 1.9277e-01 l_total: 1.9277e-01 
2025-08-20 04:40:30,967 INFO: [dt4d..][epoch:  2, iter:  16,900, lr:(9.780e-04,9.780e-04,)][eta: 2 days, 22:23:03, time (data): 2.333 (0.165)]rfmnet: 1.6865e-01 l_total: 1.6865e-01 
2025-08-20 04:44:14,070 INFO: [dt4d..][epoch:  2, iter:  17,000, lr:(9.780e-04,9.780e-04,)][eta: 2 days, 22:08:04, time (data): 2.245 (0.140)]rfmnet: 1.6551e-01 l_total: 1.6551e-01 
2025-08-20 04:48:40,467 INFO: [dt4d..][epoch:  2, iter:  17,100, lr:(9.780e-04,9.780e-04,)][eta: 2 days, 21:56:15, time (data): 2.013 (0.150)]rfmnet: 2.2919e-01 l_total: 2.2919e-01 
2025-08-20 04:52:43,256 INFO: [dt4d..][epoch:  2, iter:  17,200, lr:(9.780e-04,9.780e-04,)][eta: 2 days, 21:42:52, time (data): 2.374 (0.140)]rfmnet: 1.8766e-01 l_total: 1.8766e-01 
2025-08-20 04:57:47,441 INFO: [dt4d..][epoch:  2, iter:  17,300, lr:(9.780e-04,9.780e-04,)][eta: 2 days, 21:33:50, time (data): 3.020 (0.173)]rfmnet: 1.5074e-01 l_total: 1.5074e-01 
2025-08-20 05:02:43,789 INFO: [dt4d..][epoch:  2, iter:  17,400, lr:(9.780e-04,9.780e-04,)][eta: 2 days, 21:24:18, time (data): 2.970 (0.184)]rfmnet: 1.4299e-01 l_total: 1.4299e-01 
2025-08-20 05:07:24,267 INFO: [dt4d..][epoch:  2, iter:  17,500, lr:(9.780e-04,9.780e-04,)][eta: 2 days, 21:13:45, time (data): 2.560 (0.117)]rfmnet: 2.1992e-01 l_total: 2.1992e-01 
2025-08-20 05:11:48,903 INFO: [dt4d..][epoch:  2, iter:  17,600, lr:(9.780e-04,9.780e-04,)][eta: 2 days, 21:02:12, time (data): 2.636 (0.157)]rfmnet: 1.5114e-01 l_total: 1.5114e-01 
2025-08-20 05:16:36,735 INFO: [dt4d..][epoch:  2, iter:  17,700, lr:(9.780e-04,9.780e-04,)][eta: 2 days, 20:52:17, time (data): 2.432 (0.130)]rfmnet: 1.0388e-01 l_total: 1.0388e-01 
2025-08-20 05:20:41,504 INFO: [dt4d..][epoch:  3, iter:  17,800, lr:(9.141e-04,9.141e-04,)][eta: 2 days, 20:39:33, time (data): 2.446 (0.162)]rfmnet: 1.4870e-01 l_total: 1.4870e-01 
2025-08-20 05:25:32,476 INFO: [dt4d..][epoch:  3, iter:  17,900, lr:(9.141e-04,9.141e-04,)][eta: 2 days, 20:29:58, time (data): 2.738 (0.164)]rfmnet: 1.0597e-01 l_total: 1.0597e-01 
2025-08-20 05:30:08,739 INFO: [dt4d..][epoch:  3, iter:  18,000, lr:(9.141e-04,9.141e-04,)][eta: 2 days, 20:19:29, time (data): 2.760 (0.156)]rfmnet: 9.9165e-02 l_total: 9.9165e-02 
2025-08-20 05:34:31,167 INFO: [dt4d..][epoch:  3, iter:  18,100, lr:(9.141e-04,9.141e-04,)][eta: 2 days, 20:08:09, time (data): 2.233 (0.144)]rfmnet: 9.2168e-02 l_total: 9.2168e-02 
2025-08-20 05:38:42,236 INFO: [dt4d..][epoch:  3, iter:  18,200, lr:(9.141e-04,9.141e-04,)][eta: 2 days, 19:56:10, time (data): 2.485 (0.144)]rfmnet: 1.1769e-01 l_total: 1.1769e-01 
2025-08-20 05:43:08,773 INFO: [dt4d..][epoch:  3, iter:  18,300, lr:(9.141e-04,9.141e-04,)][eta: 2 days, 19:45:16, time (data): 2.601 (0.192)]rfmnet: 1.5864e-01 l_total: 1.5864e-01 
2025-08-20 05:45:34,971 INFO: [dt4d..][epoch:  3, iter:  18,400, lr:(9.141e-04,9.141e-04,)][eta: 2 days, 19:26:46, time (data): 1.556 (0.112)]rfmnet: 1.3356e-01 l_total: 1.3356e-01 
2025-08-20 05:48:23,434 INFO: [dt4d..][epoch:  3, iter:  18,500, lr:(9.141e-04,9.141e-04,)][eta: 2 days, 19:09:50, time (data): 1.425 (0.151)]rfmnet: 8.9121e-02 l_total: 8.9121e-02 
2025-08-20 05:50:47,782 INFO: [dt4d..][epoch:  3, iter:  18,600, lr:(9.141e-04,9.141e-04,)][eta: 2 days, 18:51:33, time (data): 1.442 (0.115)]rfmnet: 8.8785e-02 l_total: 8.8785e-02 
2025-08-20 05:52:51,752 INFO: [dt4d..][epoch:  3, iter:  18,700, lr:(9.141e-04,9.141e-04,)][eta: 2 days, 18:32:09, time (data): 1.198 (0.104)]rfmnet: 1.4437e-01 l_total: 1.4437e-01 
2025-08-20 05:55:49,551 INFO: [dt4d..][epoch:  3, iter:  18,800, lr:(9.141e-04,9.141e-04,)][eta: 2 days, 18:16:17, time (data): 1.740 (0.131)]rfmnet: 9.7061e-02 l_total: 9.7061e-02 
2025-08-20 05:58:07,198 INFO: [dt4d..][epoch:  3, iter:  18,900, lr:(9.141e-04,9.141e-04,)][eta: 2 days, 17:58:05, time (data): 0.948 (0.102)]rfmnet: 8.3403e-02 l_total: 8.3403e-02 
2025-08-20 06:00:06,349 INFO: [dt4d..][epoch:  3, iter:  19,000, lr:(9.141e-04,9.141e-04,)][eta: 2 days, 17:38:55, time (data): 1.178 (0.108)]rfmnet: 9.0686e-02 l_total: 9.0686e-02 
2025-08-20 06:03:21,652 INFO: [dt4d..][epoch:  3, iter:  19,100, lr:(9.141e-04,9.141e-04,)][eta: 2 days, 17:24:33, time (data): 2.134 (0.119)]rfmnet: 7.9547e-02 l_total: 7.9547e-02 
2025-08-20 06:05:39,016 INFO: [dt4d..][epoch:  3, iter:  19,200, lr:(9.141e-04,9.141e-04,)][eta: 2 days, 17:06:48, time (data): 1.410 (0.115)]rfmnet: 1.0230e-01 l_total: 1.0230e-01 
2025-08-20 06:08:28,187 INFO: [dt4d..][epoch:  3, iter:  19,300, lr:(9.141e-04,9.141e-04,)][eta: 2 days, 16:51:08, time (data): 1.756 (0.126)]rfmnet: 9.2427e-02 l_total: 9.2427e-02 
2025-08-20 06:11:41,083 INFO: [dt4d..][epoch:  3, iter:  19,400, lr:(9.141e-04,9.141e-04,)][eta: 2 days, 16:37:00, time (data): 1.922 (0.127)]rfmnet: 6.9989e-02 l_total: 6.9989e-02 
2025-08-20 06:13:57,459 INFO: [dt4d..][epoch:  3, iter:  19,500, lr:(9.141e-04,9.141e-04,)][eta: 2 days, 16:19:38, time (data): 1.006 (0.095)]rfmnet: 6.8064e-02 l_total: 6.8064e-02 
2025-08-20 06:16:24,713 INFO: [dt4d..][epoch:  3, iter:  19,600, lr:(9.141e-04,9.141e-04,)][eta: 2 days, 16:03:04, time (data): 1.459 (0.126)]rfmnet: 8.2704e-02 l_total: 8.2704e-02 
2025-08-20 06:18:48,595 INFO: [dt4d..][epoch:  3, iter:  19,700, lr:(9.141e-04,9.141e-04,)][eta: 2 days, 15:46:27, time (data): 0.948 (0.088)]rfmnet: 9.8547e-02 l_total: 9.8547e-02 
2025-08-20 06:20:50,325 INFO: [dt4d..][epoch:  3, iter:  19,800, lr:(9.141e-04,9.141e-04,)][eta: 2 days, 15:28:41, time (data): 1.212 (0.104)]rfmnet: 1.0954e-01 l_total: 1.0954e-01 
2025-08-20 06:23:10,575 INFO: [dt4d..][epoch:  3, iter:  19,900, lr:(9.141e-04,9.141e-04,)][eta: 2 days, 15:12:08, time (data): 3.068 (0.077)]rfmnet: 6.8337e-02 l_total: 6.8337e-02 
2025-08-20 06:25:51,957 INFO: [dt4d..][epoch:  3, iter:  20,000, lr:(9.141e-04,9.141e-04,)][eta: 2 days, 14:56:57, time (data): 1.628 (0.132)]rfmnet: 6.6927e-02 l_total: 6.6927e-02 
2025-08-20 06:25:51,958 INFO: Saving models and training states.
2025-08-20 06:25:51,991 INFO: Start validation.
2025-08-20 07:01:36,881 INFO: Avg time: 0.4111
2025-08-20 07:01:38,317 INFO: Val auc: 0.6796
2025-08-20 07:01:38,321 INFO: Val avg error: 0.0363
2025-08-20 07:01:38,332 INFO: Best model is updated, average geodesic error: 0.0363
2025-08-20 07:02:58,885 INFO: [dt4d..][epoch:  3, iter:  20,100, lr:(9.141e-04,9.141e-04,)][eta: 2 days, 16:39:32, time (data): 1.218 (0.115)]rfmnet: 6.7101e-02 l_total: 6.7101e-02 
2025-08-20 07:04:08,054 INFO: [dt4d..][epoch:  3, iter:  20,200, lr:(9.141e-04,9.141e-04,)][eta: 2 days, 16:18:37, time (data): 0.692 (0.091)]rfmnet: 7.0216e-02 l_total: 7.0216e-02 
2025-08-20 07:05:22,572 INFO: [dt4d..][epoch:  3, iter:  20,300, lr:(9.141e-04,9.141e-04,)][eta: 2 days, 15:58:12, time (data): 0.718 (0.087)]rfmnet: 6.6395e-02 l_total: 6.6395e-02 
2025-08-20 07:06:44,762 INFO: [dt4d..][epoch:  3, iter:  20,400, lr:(9.141e-04,9.141e-04,)][eta: 2 days, 15:38:24, time (data): 0.824 (0.085)]rfmnet: 4.6573e-02 l_total: 4.6573e-02 
2025-08-20 07:07:51,994 INFO: [dt4d..][epoch:  3, iter:  20,500, lr:(9.141e-04,9.141e-04,)][eta: 2 days, 15:17:57, time (data): 0.748 (0.089)]rfmnet: 4.5074e-02 l_total: 4.5074e-02 
2025-08-20 07:08:52,344 INFO: [dt4d..][epoch:  3, iter:  20,600, lr:(9.141e-04,9.141e-04,)][eta: 2 days, 14:57:19, time (data): 0.608 (0.088)]rfmnet: 5.2803e-02 l_total: 5.2803e-02 
2025-08-20 07:09:59,668 INFO: [dt4d..][epoch:  3, iter:  20,700, lr:(9.141e-04,9.141e-04,)][eta: 2 days, 14:37:15, time (data): 0.641 (0.084)]rfmnet: 7.7793e-02 l_total: 7.7793e-02 
2025-08-20 07:11:21,084 INFO: [dt4d..][epoch:  3, iter:  20,800, lr:(9.141e-04,9.141e-04,)][eta: 2 days, 14:18:08, time (data): 0.811 (0.086)]rfmnet: 4.7236e-02 l_total: 4.7236e-02 
2025-08-20 07:12:32,030 INFO: [dt4d..][epoch:  3, iter:  20,900, lr:(9.141e-04,9.141e-04,)][eta: 2 days, 13:58:37, time (data): 0.760 (0.087)]rfmnet: 4.2243e-02 l_total: 4.2243e-02 
2025-08-20 07:13:43,575 INFO: [dt4d..][epoch:  3, iter:  21,000, lr:(9.141e-04,9.141e-04,)][eta: 2 days, 13:39:18, time (data): 0.706 (0.089)]rfmnet: 6.1614e-02 l_total: 6.1614e-02 
2025-08-20 07:14:59,418 INFO: [dt4d..][epoch:  3, iter:  21,100, lr:(9.141e-04,9.141e-04,)][eta: 2 days, 13:20:24, time (data): 0.733 (0.086)]rfmnet: 5.8877e-02 l_total: 5.8877e-02 
2025-08-20 07:16:16,385 INFO: [dt4d..][epoch:  3, iter:  21,200, lr:(9.141e-04,9.141e-04,)][eta: 2 days, 13:01:43, time (data): 0.774 (0.085)]rfmnet: 3.7238e-02 l_total: 3.7238e-02 
2025-08-20 07:17:29,765 INFO: [dt4d..][epoch:  3, iter:  21,300, lr:(9.141e-04,9.141e-04,)][eta: 2 days, 12:43:00, time (data): 0.753 (0.087)]rfmnet: 3.7014e-02 l_total: 3.7014e-02 
2025-08-20 07:18:53,062 INFO: [dt4d..][epoch:  3, iter:  21,400, lr:(9.141e-04,9.141e-04,)][eta: 2 days, 12:24:59, time (data): 0.830 (0.091)]rfmnet: 4.8534e-02 l_total: 4.8534e-02 
2025-08-20 07:20:07,554 INFO: [dt4d..][epoch:  3, iter:  21,500, lr:(9.141e-04,9.141e-04,)][eta: 2 days, 12:06:39, time (data): 0.786 (0.091)]rfmnet: 3.6209e-02 l_total: 3.6209e-02 
2025-08-20 07:21:23,555 INFO: [dt4d..][epoch:  3, iter:  21,600, lr:(9.141e-04,9.141e-04,)][eta: 2 days, 11:48:34, time (data): 0.780 (0.095)]rfmnet: 4.2909e-02 l_total: 4.2909e-02 
2025-08-20 07:22:38,309 INFO: [dt4d..][epoch:  3, iter:  21,700, lr:(9.141e-04,9.141e-04,)][eta: 2 days, 11:30:33, time (data): 0.763 (0.092)]rfmnet: 3.2736e-02 l_total: 3.2736e-02 
2025-08-20 07:23:57,636 INFO: [dt4d..][epoch:  3, iter:  21,800, lr:(9.141e-04,9.141e-04,)][eta: 2 days, 11:12:57, time (data): 0.792 (0.088)]rfmnet: 4.2438e-02 l_total: 4.2438e-02 
2025-08-20 07:25:16,411 INFO: [dt4d..][epoch:  3, iter:  21,900, lr:(9.141e-04,9.141e-04,)][eta: 2 days, 10:55:27, time (data): 0.790 (0.087)]rfmnet: 4.3976e-02 l_total: 4.3976e-02 
2025-08-20 07:26:29,600 INFO: [dt4d..][epoch:  3, iter:  22,000, lr:(9.141e-04,9.141e-04,)][eta: 2 days, 10:37:49, time (data): 0.730 (0.098)]rfmnet: 3.4716e-02 l_total: 3.4716e-02 
2025-08-20 07:27:45,644 INFO: [dt4d..][epoch:  3, iter:  22,100, lr:(9.141e-04,9.141e-04,)][eta: 2 days, 10:20:29, time (data): 0.746 (0.095)]rfmnet: 3.3297e-02 l_total: 3.3297e-02 
2025-08-20 07:29:01,639 INFO: [dt4d..][epoch:  3, iter:  22,200, lr:(9.141e-04,9.141e-04,)][eta: 2 days, 10:03:18, time (data): 0.770 (0.084)]rfmnet: 3.3252e-02 l_total: 3.3252e-02 
2025-08-20 07:30:24,747 INFO: [dt4d..][epoch:  3, iter:  22,300, lr:(9.141e-04,9.141e-04,)][eta: 2 days, 9:46:36, time (data): 0.802 (0.090)]rfmnet: 5.8037e-02 l_total: 5.8037e-02 
2025-08-20 07:31:37,898 INFO: [dt4d..][epoch:  3, iter:  22,400, lr:(9.141e-04,9.141e-04,)][eta: 2 days, 9:29:33, time (data): 0.737 (0.092)]rfmnet: 3.1585e-02 l_total: 3.1585e-02 
2025-08-20 07:32:46,310 INFO: [dt4d..][epoch:  3, iter:  22,500, lr:(9.141e-04,9.141e-04,)][eta: 2 days, 9:12:24, time (data): 0.709 (0.091)]rfmnet: 2.5447e-02 l_total: 2.5447e-02 
2025-08-20 07:34:08,499 INFO: [dt4d..][epoch:  3, iter:  22,600, lr:(9.141e-04,9.141e-04,)][eta: 2 days, 8:56:04, time (data): 0.834 (0.089)]rfmnet: 3.7379e-02 l_total: 3.7379e-02 
2025-08-20 07:35:33,078 INFO: [dt4d..][epoch:  3, iter:  22,700, lr:(9.141e-04,9.141e-04,)][eta: 2 days, 8:39:59, time (data): 0.840 (0.089)]rfmnet: 5.4010e-02 l_total: 5.4010e-02 
2025-08-20 07:36:48,571 INFO: [dt4d..][epoch:  3, iter:  22,800, lr:(9.141e-04,9.141e-04,)][eta: 2 days, 8:23:36, time (data): 0.754 (0.093)]rfmnet: 3.1525e-02 l_total: 3.1525e-02 
2025-08-20 07:38:02,875 INFO: [dt4d..][epoch:  3, iter:  22,900, lr:(9.141e-04,9.141e-04,)][eta: 2 days, 8:07:17, time (data): 0.748 (0.093)]rfmnet: 2.1682e-02 l_total: 2.1682e-02 
2025-08-20 07:39:26,158 INFO: [dt4d..][epoch:  3, iter:  23,000, lr:(9.141e-04,9.141e-04,)][eta: 2 days, 7:51:31, time (data): 0.832 (0.083)]rfmnet: 2.0600e-02 l_total: 2.0600e-02 
2025-08-20 07:40:44,020 INFO: [dt4d..][epoch:  3, iter:  23,100, lr:(9.141e-04,9.141e-04,)][eta: 2 days, 7:35:38, time (data): 0.803 (0.085)]rfmnet: 2.3065e-02 l_total: 2.3065e-02 
2025-08-20 07:41:51,826 INFO: [dt4d..][epoch:  3, iter:  23,200, lr:(9.141e-04,9.141e-04,)][eta: 2 days, 7:19:23, time (data): 0.668 (0.090)]rfmnet: 2.5850e-02 l_total: 2.5850e-02 
2025-08-20 07:43:03,034 INFO: [dt4d..][epoch:  3, iter:  23,300, lr:(9.141e-04,9.141e-04,)][eta: 2 days, 7:03:27, time (data): 0.692 (0.088)]rfmnet: 2.0967e-02 l_total: 2.0967e-02 
2025-08-20 07:44:10,785 INFO: [dt4d..][epoch:  3, iter:  23,400, lr:(9.141e-04,9.141e-04,)][eta: 2 days, 6:47:27, time (data): 0.677 (0.077)]rfmnet: 2.4388e-02 l_total: 2.4388e-02 
2025-08-20 07:45:28,320 INFO: [dt4d..][epoch:  3, iter:  23,500, lr:(9.141e-04,9.141e-04,)][eta: 2 days, 6:32:03, time (data): 0.730 (0.083)]rfmnet: 2.5208e-02 l_total: 2.5208e-02 
2025-08-20 07:46:41,473 INFO: [dt4d..][epoch:  3, iter:  23,600, lr:(9.141e-04,9.141e-04,)][eta: 2 days, 6:16:34, time (data): 0.743 (0.094)]rfmnet: 2.7100e-02 l_total: 2.7100e-02 
2025-08-20 07:47:51,813 INFO: [dt4d..][epoch:  3, iter:  23,700, lr:(9.141e-04,9.141e-04,)][eta: 2 days, 6:01:04, time (data): 0.721 (0.090)]rfmnet: 3.3532e-02 l_total: 3.3532e-02 
2025-08-20 07:49:04,784 INFO: [dt4d..][epoch:  3, iter:  23,800, lr:(9.141e-04,9.141e-04,)][eta: 2 days, 5:45:49, time (data): 0.726 (0.087)]rfmnet: 2.1234e-02 l_total: 2.1234e-02 
2025-08-20 07:50:23,273 INFO: [dt4d..][epoch:  3, iter:  23,900, lr:(9.141e-04,9.141e-04,)][eta: 2 days, 5:30:56, time (data): 0.758 (0.091)]rfmnet: 2.1108e-02 l_total: 2.1108e-02 
2025-08-20 07:51:38,564 INFO: [dt4d..][epoch:  3, iter:  24,000, lr:(9.141e-04,9.141e-04,)][eta: 2 days, 5:16:01, time (data): 0.711 (0.090)]rfmnet: 3.5880e-02 l_total: 3.5880e-02 
2025-08-20 07:51:38,565 INFO: Saving models and training states.
2025-08-20 07:51:38,586 INFO: Start validation.
2025-08-20 08:23:17,607 INFO: Avg time: 0.4571
2025-08-20 08:23:18,858 INFO: Val auc: 0.6783
2025-08-20 08:23:18,863 INFO: Val avg error: 0.0363
2025-08-20 08:24:38,918 INFO: [dt4d..][epoch:  3, iter:  24,100, lr:(9.141e-04,9.141e-04,)][eta: 2 days, 6:26:26, time (data): 0.759 (0.089)]rfmnet: 1.6145e-02 l_total: 1.6145e-02 
2025-08-20 08:25:54,028 INFO: [dt4d..][epoch:  3, iter:  24,200, lr:(9.141e-04,9.141e-04,)][eta: 2 days, 6:11:14, time (data): 0.747 (0.095)]rfmnet: 3.0613e-02 l_total: 3.0613e-02 
2025-08-20 08:27:12,304 INFO: [dt4d..][epoch:  3, iter:  24,300, lr:(9.141e-04,9.141e-04,)][eta: 2 days, 5:56:19, time (data): 0.767 (0.093)]rfmnet: 2.5964e-02 l_total: 2.5964e-02 
2025-08-20 08:28:25,887 INFO: [dt4d..][epoch:  3, iter:  24,400, lr:(9.141e-04,9.141e-04,)][eta: 2 days, 5:41:17, time (data): 0.742 (0.086)]rfmnet: 2.0157e-02 l_total: 2.0157e-02 
2025-08-20 08:29:43,455 INFO: [dt4d..][epoch:  3, iter:  24,500, lr:(9.141e-04,9.141e-04,)][eta: 2 days, 5:26:33, time (data): 0.761 (0.087)]rfmnet: 1.7199e-02 l_total: 1.7199e-02 
2025-08-20 08:30:55,270 INFO: [dt4d..][epoch:  3, iter:  24,600, lr:(9.141e-04,9.141e-04,)][eta: 2 days, 5:11:40, time (data): 0.706 (0.100)]rfmnet: 2.0473e-02 l_total: 2.0473e-02 
2025-08-20 08:32:06,978 INFO: [dt4d..][epoch:  3, iter:  24,700, lr:(9.141e-04,9.141e-04,)][eta: 2 days, 4:56:54, time (data): 0.712 (0.093)]rfmnet: 1.2713e-02 l_total: 1.2713e-02 
2025-08-20 08:33:32,681 INFO: [dt4d..][epoch:  3, iter:  24,800, lr:(9.141e-04,9.141e-04,)][eta: 2 days, 4:42:50, time (data): 0.874 (0.088)]rfmnet: 1.7803e-02 l_total: 1.7803e-02 
2025-08-20 08:34:40,698 INFO: [dt4d..][epoch:  3, iter:  24,900, lr:(9.141e-04,9.141e-04,)][eta: 2 days, 4:28:07, time (data): 0.764 (0.088)]rfmnet: 2.7198e-02 l_total: 2.7198e-02 
2025-08-20 08:35:53,803 INFO: [dt4d..][epoch:  3, iter:  25,000, lr:(9.141e-04,9.141e-04,)][eta: 2 days, 4:13:44, time (data): 0.731 (0.096)]rfmnet: 1.5228e-02 l_total: 1.5228e-02 
2025-08-20 08:37:06,516 INFO: [dt4d..][epoch:  3, iter:  25,100, lr:(9.141e-04,9.141e-04,)][eta: 2 days, 3:59:26, time (data): 0.729 (0.090)]rfmnet: 2.0203e-02 l_total: 2.0203e-02 
2025-08-20 08:38:20,696 INFO: [dt4d..][epoch:  3, iter:  25,200, lr:(9.141e-04,9.141e-04,)][eta: 2 days, 3:45:17, time (data): 0.751 (0.093)]rfmnet: 1.2574e-02 l_total: 1.2574e-02 
2025-08-20 08:39:36,862 INFO: [dt4d..][epoch:  3, iter:  25,300, lr:(9.141e-04,9.141e-04,)][eta: 2 days, 3:31:20, time (data): 0.757 (0.093)]rfmnet: 1.3230e-02 l_total: 1.3230e-02 
2025-08-20 08:40:50,353 INFO: [dt4d..][epoch:  3, iter:  25,400, lr:(9.141e-04,9.141e-04,)][eta: 2 days, 3:17:22, time (data): 0.741 (0.092)]rfmnet: 1.9296e-02 l_total: 1.9296e-02 
2025-08-20 08:42:05,774 INFO: [dt4d..][epoch:  3, iter:  25,500, lr:(9.141e-04,9.141e-04,)][eta: 2 days, 3:03:35, time (data): 0.749 (0.090)]rfmnet: 9.5803e-03 l_total: 9.5803e-03 
2025-08-20 08:43:18,847 INFO: [dt4d..][epoch:  3, iter:  25,600, lr:(9.141e-04,9.141e-04,)][eta: 2 days, 2:49:48, time (data): 0.732 (0.088)]rfmnet: 1.0604e-02 l_total: 1.0604e-02 
2025-08-20 08:44:38,250 INFO: [dt4d..][epoch:  3, iter:  25,700, lr:(9.141e-04,9.141e-04,)][eta: 2 days, 2:36:23, time (data): 0.768 (0.092)]rfmnet: 1.1327e-02 l_total: 1.1327e-02 
2025-08-20 08:45:53,314 INFO: [dt4d..][epoch:  3, iter:  25,800, lr:(9.141e-04,9.141e-04,)][eta: 2 days, 2:22:52, time (data): 0.757 (0.096)]rfmnet: 1.7408e-02 l_total: 1.7408e-02 
2025-08-20 08:46:56,799 INFO: [dt4d..][epoch:  3, iter:  25,900, lr:(9.141e-04,9.141e-04,)][eta: 2 days, 2:08:59, time (data): 0.686 (0.089)]rfmnet: 1.0035e-02 l_total: 1.0035e-02 
2025-08-20 08:48:15,598 INFO: [dt4d..][epoch:  3, iter:  26,000, lr:(9.141e-04,9.141e-04,)][eta: 2 days, 1:55:49, time (data): 0.828 (0.083)]rfmnet: 8.7510e-03 l_total: 8.7510e-03 
2025-08-20 08:49:38,080 INFO: [dt4d..][epoch:  3, iter:  26,100, lr:(9.141e-04,9.141e-04,)][eta: 2 days, 1:42:54, time (data): 0.826 (0.091)]rfmnet: 1.0478e-02 l_total: 1.0478e-02 
2025-08-20 08:50:50,520 INFO: [dt4d..][epoch:  3, iter:  26,200, lr:(9.141e-04,9.141e-04,)][eta: 2 days, 1:29:39, time (data): 0.737 (0.094)]rfmnet: 1.6361e-02 l_total: 1.6361e-02 
2025-08-20 08:52:08,260 INFO: [dt4d..][epoch:  3, iter:  26,300, lr:(9.141e-04,9.141e-04,)][eta: 2 days, 1:16:43, time (data): 0.761 (0.092)]rfmnet: 1.8073e-02 l_total: 1.8073e-02 
2025-08-20 08:53:30,237 INFO: [dt4d..][epoch:  3, iter:  26,400, lr:(9.141e-04,9.141e-04,)][eta: 2 days, 1:04:02, time (data): 0.790 (0.099)]rfmnet: 8.5082e-03 l_total: 8.5082e-03 
2025-08-20 08:54:37,024 INFO: [dt4d..][epoch:  3, iter:  26,500, lr:(9.141e-04,9.141e-04,)][eta: 2 days, 0:50:50, time (data): 0.718 (0.096)]rfmnet: 8.1113e-03 l_total: 8.1113e-03 
2025-08-20 08:55:50,452 INFO: [dt4d..][epoch:  3, iter:  26,600, lr:(9.141e-04,9.141e-04,)][eta: 2 days, 0:38:00, time (data): 0.786 (0.091)]rfmnet: 7.3229e-03 l_total: 7.3229e-03 
2025-08-20 08:57:16,423 INFO: [dt4d..][epoch:  4, iter:  26,700, lr:(8.145e-04,8.145e-04,)][eta: 2 days, 0:25:43, time (data): 0.830 (0.100)]rfmnet: 7.1788e-03 l_total: 7.1788e-03 
2025-08-20 08:58:30,583 INFO: [dt4d..][epoch:  4, iter:  26,800, lr:(8.145e-04,8.145e-04,)][eta: 2 days, 0:13:05, time (data): 0.725 (0.082)]rfmnet: 1.6084e-02 l_total: 1.6084e-02 
2025-08-20 08:59:51,014 INFO: [dt4d..][epoch:  4, iter:  26,900, lr:(8.145e-04,8.145e-04,)][eta: 2 days, 0:00:45, time (data): 0.772 (0.085)]rfmnet: 8.7815e-03 l_total: 8.7815e-03 
2025-08-20 09:01:07,044 INFO: [dt4d..][epoch:  4, iter:  27,000, lr:(8.145e-04,8.145e-04,)][eta: 1 day, 23:48:21, time (data): 0.778 (0.089)]rfmnet: 6.6033e-03 l_total: 6.6033e-03 
2025-08-20 09:02:24,678 INFO: [dt4d..][epoch:  4, iter:  27,100, lr:(8.145e-04,8.145e-04,)][eta: 1 day, 23:36:05, time (data): 0.777 (0.092)]rfmnet: 1.3564e-02 l_total: 1.3564e-02 
2025-08-20 09:03:36,015 INFO: [dt4d..][epoch:  4, iter:  27,200, lr:(8.145e-04,8.145e-04,)][eta: 1 day, 23:23:40, time (data): 0.703 (0.085)]rfmnet: 7.9095e-03 l_total: 7.9095e-03 
2025-08-20 09:04:44,679 INFO: [dt4d..][epoch:  4, iter:  27,300, lr:(8.145e-04,8.145e-04,)][eta: 1 day, 23:11:14, time (data): 0.693 (0.086)]rfmnet: 1.3318e-02 l_total: 1.3318e-02 
2025-08-20 09:05:59,459 INFO: [dt4d..][epoch:  4, iter:  27,400, lr:(8.145e-04,8.145e-04,)][eta: 1 day, 22:59:06, time (data): 0.731 (0.079)]rfmnet: 7.5595e-03 l_total: 7.5595e-03 
2025-08-20 09:07:10,167 INFO: [dt4d..][epoch:  4, iter:  27,500, lr:(8.145e-04,8.145e-04,)][eta: 1 day, 22:46:54, time (data): 0.716 (0.081)]rfmnet: 6.2132e-03 l_total: 6.2132e-03 
2025-08-20 09:08:24,570 INFO: [dt4d..][epoch:  4, iter:  27,600, lr:(8.145e-04,8.145e-04,)][eta: 1 day, 22:34:55, time (data): 0.747 (0.092)]rfmnet: 7.9827e-03 l_total: 7.9827e-03 
2025-08-20 09:09:39,733 INFO: [dt4d..][epoch:  4, iter:  27,700, lr:(8.145e-04,8.145e-04,)][eta: 1 day, 22:23:02, time (data): 0.750 (0.088)]rfmnet: 6.3737e-03 l_total: 6.3737e-03 
2025-08-20 09:10:51,214 INFO: [dt4d..][epoch:  4, iter:  27,800, lr:(8.145e-04,8.145e-04,)][eta: 1 day, 22:11:06, time (data): 0.729 (0.086)]rfmnet: 6.0313e-03 l_total: 6.0313e-03 
2025-08-20 09:12:06,682 INFO: [dt4d..][epoch:  4, iter:  27,900, lr:(8.145e-04,8.145e-04,)][eta: 1 day, 21:59:23, time (data): 0.745 (0.084)]rfmnet: 6.4283e-03 l_total: 6.4283e-03 
2025-08-20 09:13:19,639 INFO: [dt4d..][epoch:  4, iter:  28,000, lr:(8.145e-04,8.145e-04,)][eta: 1 day, 21:47:39, time (data): 0.727 (0.097)]rfmnet: 7.6530e-03 l_total: 7.6530e-03 
2025-08-20 09:13:19,640 INFO: Saving models and training states.
2025-08-20 09:13:19,660 INFO: Start validation.
2025-08-20 09:44:43,323 INFO: Avg time: 0.4898
2025-08-20 09:44:44,644 INFO: Val auc: 0.6703
2025-08-20 09:44:44,647 INFO: Val avg error: 0.0371
2025-08-20 09:45:57,470 INFO: [dt4d..][epoch:  4, iter:  28,100, lr:(8.145e-04,8.145e-04,)][eta: 1 day, 22:43:51, time (data): 0.726 (0.086)]rfmnet: 1.0982e-02 l_total: 1.0982e-02 
2025-08-20 09:47:22,869 INFO: [dt4d..][epoch:  4, iter:  28,200, lr:(8.145e-04,8.145e-04,)][eta: 1 day, 22:32:21, time (data): 0.830 (0.091)]rfmnet: 5.3698e-03 l_total: 5.3698e-03 
2025-08-20 09:48:35,197 INFO: [dt4d..][epoch:  4, iter:  28,300, lr:(8.145e-04,8.145e-04,)][eta: 1 day, 22:20:28, time (data): 0.763 (0.089)]rfmnet: 1.0137e-02 l_total: 1.0137e-02 
2025-08-20 09:49:42,692 INFO: [dt4d..][epoch:  4, iter:  28,400, lr:(8.145e-04,8.145e-04,)][eta: 1 day, 22:08:30, time (data): 0.633 (0.085)]rfmnet: 4.9576e-03 l_total: 4.9576e-03 
2025-08-20 09:50:39,974 INFO: [dt4d..][epoch:  4, iter:  28,500, lr:(8.145e-04,8.145e-04,)][eta: 1 day, 21:56:14, time (data): 0.595 (0.081)]rfmnet: 1.0477e-02 l_total: 1.0477e-02 
2025-08-20 09:51:44,401 INFO: [dt4d..][epoch:  4, iter:  28,600, lr:(8.145e-04,8.145e-04,)][eta: 1 day, 21:44:18, time (data): 0.659 (0.088)]rfmnet: 9.7651e-03 l_total: 9.7651e-03 
2025-08-20 09:52:58,072 INFO: [dt4d..][epoch:  4, iter:  28,700, lr:(8.145e-04,8.145e-04,)][eta: 1 day, 21:32:46, time (data): 0.708 (0.088)]rfmnet: 1.2524e-02 l_total: 1.2524e-02 
2025-08-20 09:54:14,687 INFO: [dt4d..][epoch:  4, iter:  28,800, lr:(8.145e-04,8.145e-04,)][eta: 1 day, 21:21:24, time (data): 0.806 (0.091)]rfmnet: 1.0643e-02 l_total: 1.0643e-02 
2025-08-20 09:55:32,574 INFO: [dt4d..][epoch:  4, iter:  28,900, lr:(8.145e-04,8.145e-04,)][eta: 1 day, 21:10:09, time (data): 0.789 (0.089)]rfmnet: 5.0278e-03 l_total: 5.0278e-03 
2025-08-20 09:56:38,841 INFO: [dt4d..][epoch:  4, iter:  29,000, lr:(8.145e-04,8.145e-04,)][eta: 1 day, 20:58:35, time (data): 0.703 (0.098)]rfmnet: 4.9855e-03 l_total: 4.9855e-03 
2025-08-20 09:57:48,786 INFO: [dt4d..][epoch:  4, iter:  29,100, lr:(8.145e-04,8.145e-04,)][eta: 1 day, 20:47:12, time (data): 0.701 (0.091)]rfmnet: 8.9267e-03 l_total: 8.9267e-03 
2025-08-20 09:59:03,685 INFO: [dt4d..][epoch:  4, iter:  29,200, lr:(8.145e-04,8.145e-04,)][eta: 1 day, 20:36:03, time (data): 0.752 (0.089)]rfmnet: 4.6311e-03 l_total: 4.6311e-03 
2025-08-20 10:00:26,646 INFO: [dt4d..][epoch:  4, iter:  29,300, lr:(8.145e-04,8.145e-04,)][eta: 1 day, 20:25:15, time (data): 0.802 (0.089)]rfmnet: 3.9362e-03 l_total: 3.9362e-03 
2025-08-20 10:01:44,287 INFO: [dt4d..][epoch:  4, iter:  29,400, lr:(8.145e-04,8.145e-04,)][eta: 1 day, 20:14:20, time (data): 0.726 (0.090)]rfmnet: 4.2772e-03 l_total: 4.2772e-03 
2025-08-20 10:03:01,268 INFO: [dt4d..][epoch:  4, iter:  29,500, lr:(8.145e-04,8.145e-04,)][eta: 1 day, 20:03:28, time (data): 0.754 (0.091)]rfmnet: 7.4655e-03 l_total: 7.4655e-03 
2025-08-20 10:04:18,508 INFO: [dt4d..][epoch:  4, iter:  29,600, lr:(8.145e-04,8.145e-04,)][eta: 1 day, 19:52:40, time (data): 0.792 (0.082)]rfmnet: 4.1253e-03 l_total: 4.1253e-03 
2025-08-20 10:05:30,921 INFO: [dt4d..][epoch:  4, iter:  29,700, lr:(8.145e-04,8.145e-04,)][eta: 1 day, 19:41:46, time (data): 0.748 (0.085)]rfmnet: 3.6209e-03 l_total: 3.6209e-03 
2025-08-20 10:06:46,423 INFO: [dt4d..][epoch:  4, iter:  29,800, lr:(8.145e-04,8.145e-04,)][eta: 1 day, 19:31:02, time (data): 0.751 (0.094)]rfmnet: 3.3354e-03 l_total: 3.3354e-03 
2025-08-20 10:07:58,671 INFO: [dt4d..][epoch:  4, iter:  29,900, lr:(8.145e-04,8.145e-04,)][eta: 1 day, 19:20:16, time (data): 0.732 (0.091)]rfmnet: 6.0975e-03 l_total: 6.0975e-03 
2025-08-20 10:09:16,485 INFO: [dt4d..][epoch:  4, iter:  30,000, lr:(8.145e-04,8.145e-04,)][eta: 1 day, 19:09:45, time (data): 0.820 (0.087)]rfmnet: 3.0134e-03 l_total: 3.0134e-03 
2025-08-20 10:10:40,684 INFO: [dt4d..][epoch:  4, iter:  30,100, lr:(8.145e-04,8.145e-04,)][eta: 1 day, 18:59:29, time (data): 0.834 (0.084)]rfmnet: 3.2335e-03 l_total: 3.2335e-03 
2025-08-20 10:11:54,041 INFO: [dt4d..][epoch:  4, iter:  30,200, lr:(8.145e-04,8.145e-04,)][eta: 1 day, 18:48:56, time (data): 0.774 (0.095)]rfmnet: 2.6501e-03 l_total: 2.6501e-03 
2025-08-20 10:13:00,267 INFO: [dt4d..][epoch:  4, iter:  30,300, lr:(8.145e-04,8.145e-04,)][eta: 1 day, 18:38:13, time (data): 0.699 (0.090)]rfmnet: 6.1727e-03 l_total: 6.1727e-03 
2025-08-20 10:14:09,820 INFO: [dt4d..][epoch:  4, iter:  30,400, lr:(8.145e-04,8.145e-04,)][eta: 1 day, 18:27:40, time (data): 0.716 (0.084)]rfmnet: 2.7739e-03 l_total: 2.7739e-03 
2025-08-20 10:15:25,434 INFO: [dt4d..][epoch:  4, iter:  30,500, lr:(8.145e-04,8.145e-04,)][eta: 1 day, 18:17:23, time (data): 0.743 (0.087)]rfmnet: 3.0291e-03 l_total: 3.0291e-03 
2025-08-20 10:16:28,352 INFO: [dt4d..][epoch:  4, iter:  30,600, lr:(8.145e-04,8.145e-04,)][eta: 1 day, 18:06:44, time (data): 0.634 (0.100)]rfmnet: 7.0655e-03 l_total: 7.0655e-03 
2025-08-20 10:17:40,069 INFO: [dt4d..][epoch:  4, iter:  30,700, lr:(8.145e-04,8.145e-04,)][eta: 1 day, 17:56:27, time (data): 0.690 (0.095)]rfmnet: 6.5498e-03 l_total: 6.5498e-03 
2025-08-20 10:18:59,351 INFO: [dt4d..][epoch:  4, iter:  30,800, lr:(8.145e-04,8.145e-04,)][eta: 1 day, 17:46:26, time (data): 0.804 (0.083)]rfmnet: 4.6628e-03 l_total: 4.6628e-03 
2025-08-20 10:20:14,897 INFO: [dt4d..][epoch:  4, iter:  30,900, lr:(8.145e-04,8.145e-04,)][eta: 1 day, 17:36:23, time (data): 0.771 (0.086)]rfmnet: 3.7640e-03 l_total: 3.7640e-03 
2025-08-20 10:21:23,602 INFO: [dt4d..][epoch:  4, iter:  31,000, lr:(8.145e-04,8.145e-04,)][eta: 1 day, 17:26:10, time (data): 0.664 (0.092)]rfmnet: 3.2320e-03 l_total: 3.2320e-03 
2025-08-20 10:22:34,714 INFO: [dt4d..][epoch:  4, iter:  31,100, lr:(8.145e-04,8.145e-04,)][eta: 1 day, 17:16:05, time (data): 0.696 (0.086)]rfmnet: 2.9075e-03 l_total: 2.9075e-03 
2025-08-20 10:23:47,887 INFO: [dt4d..][epoch:  4, iter:  31,200, lr:(8.145e-04,8.145e-04,)][eta: 1 day, 17:06:07, time (data): 0.707 (0.080)]rfmnet: 2.5747e-03 l_total: 2.5747e-03 
2025-08-20 10:24:58,098 INFO: [dt4d..][epoch:  4, iter:  31,300, lr:(8.145e-04,8.145e-04,)][eta: 1 day, 16:56:07, time (data): 0.704 (0.078)]rfmnet: 2.8436e-03 l_total: 2.8436e-03 
2025-08-20 10:26:15,910 INFO: [dt4d..][epoch:  4, iter:  31,400, lr:(8.145e-04,8.145e-04,)][eta: 1 day, 16:46:25, time (data): 0.726 (0.092)]rfmnet: 3.1009e-03 l_total: 3.1009e-03 
2025-08-20 10:27:30,474 INFO: [dt4d..][epoch:  4, iter:  31,500, lr:(8.145e-04,8.145e-04,)][eta: 1 day, 16:36:39, time (data): 0.740 (0.091)]rfmnet: 2.0962e-03 l_total: 2.0962e-03 
2025-08-20 10:28:39,709 INFO: [dt4d..][epoch:  4, iter:  31,600, lr:(8.145e-04,8.145e-04,)][eta: 1 day, 16:26:47, time (data): 0.671 (0.086)]rfmnet: 1.9206e-03 l_total: 1.9206e-03 
2025-08-20 10:29:53,107 INFO: [dt4d..][epoch:  4, iter:  31,700, lr:(8.145e-04,8.145e-04,)][eta: 1 day, 16:17:07, time (data): 0.715 (0.089)]rfmnet: 2.6765e-03 l_total: 2.6765e-03 
2025-08-20 10:31:06,614 INFO: [dt4d..][epoch:  4, iter:  31,800, lr:(8.145e-04,8.145e-04,)][eta: 1 day, 16:07:29, time (data): 0.774 (0.092)]rfmnet: 2.6372e-03 l_total: 2.6372e-03 
2025-08-20 10:32:20,045 INFO: [dt4d..][epoch:  4, iter:  31,900, lr:(8.145e-04,8.145e-04,)][eta: 1 day, 15:57:54, time (data): 0.746 (0.087)]rfmnet: 2.0583e-03 l_total: 2.0583e-03 
2025-08-20 10:33:38,936 INFO: [dt4d..][epoch:  4, iter:  32,000, lr:(8.145e-04,8.145e-04,)][eta: 1 day, 15:48:33, time (data): 0.790 (0.085)]rfmnet: 3.7777e-03 l_total: 3.7777e-03 
2025-08-20 10:33:38,937 INFO: Saving models and training states.
2025-08-20 10:33:38,958 INFO: Start validation.
2025-08-20 11:05:20,938 INFO: Avg time: 0.4594
2025-08-20 11:05:22,137 INFO: Val auc: 0.6656
2025-08-20 11:05:22,141 INFO: Val avg error: 0.0377
2025-08-20 11:06:37,661 INFO: [dt4d..][epoch:  4, iter:  32,100, lr:(8.145e-04,8.145e-04,)][eta: 1 day, 16:35:09, time (data): 0.764 (0.085)]rfmnet: 2.8288e-03 l_total: 2.8288e-03 
2025-08-20 11:07:59,679 INFO: [dt4d..][epoch:  4, iter:  32,200, lr:(8.145e-04,8.145e-04,)][eta: 1 day, 16:25:42, time (data): 0.879 (0.100)]rfmnet: 2.4533e-03 l_total: 2.4533e-03 
2025-08-20 11:09:16,905 INFO: [dt4d..][epoch:  4, iter:  32,300, lr:(8.145e-04,8.145e-04,)][eta: 1 day, 16:16:11, time (data): 0.803 (0.098)]rfmnet: 1.9351e-03 l_total: 1.9351e-03 
2025-08-20 11:10:31,236 INFO: [dt4d..][epoch:  4, iter:  32,400, lr:(8.145e-04,8.145e-04,)][eta: 1 day, 16:06:37, time (data): 0.791 (0.084)]rfmnet: 2.4155e-03 l_total: 2.4155e-03 
2025-08-20 11:11:44,485 INFO: [dt4d..][epoch:  4, iter:  32,500, lr:(8.145e-04,8.145e-04,)][eta: 1 day, 15:57:04, time (data): 0.749 (0.083)]rfmnet: 1.6996e-03 l_total: 1.6996e-03 
2025-08-20 11:12:58,083 INFO: [dt4d..][epoch:  4, iter:  32,600, lr:(8.145e-04,8.145e-04,)][eta: 1 day, 15:47:35, time (data): 0.626 (0.105)]rfmnet: 1.9067e-03 l_total: 1.9067e-03 
2025-08-20 11:14:10,523 INFO: [dt4d..][epoch:  4, iter:  32,700, lr:(8.145e-04,8.145e-04,)][eta: 1 day, 15:38:07, time (data): 0.697 (0.095)]rfmnet: 2.2327e-03 l_total: 2.2327e-03 
2025-08-20 11:15:26,264 INFO: [dt4d..][epoch:  4, iter:  32,800, lr:(8.145e-04,8.145e-04,)][eta: 1 day, 15:28:48, time (data): 0.787 (0.084)]rfmnet: 1.3419e-03 l_total: 1.3419e-03 
2025-08-20 11:16:50,677 INFO: [dt4d..][epoch:  4, iter:  32,900, lr:(8.145e-04,8.145e-04,)][eta: 1 day, 15:19:46, time (data): 0.829 (0.085)]rfmnet: 1.3353e-03 l_total: 1.3353e-03 
2025-08-20 11:18:01,722 INFO: [dt4d..][epoch:  4, iter:  33,000, lr:(8.145e-04,8.145e-04,)][eta: 1 day, 15:10:24, time (data): 0.591 (0.092)]rfmnet: 1.2448e-03 l_total: 1.2448e-03 
2025-08-20 11:19:05,814 INFO: [dt4d..][epoch:  4, iter:  33,100, lr:(8.145e-04,8.145e-04,)][eta: 1 day, 15:00:54, time (data): 0.628 (0.092)]rfmnet: 2.3371e-03 l_total: 2.3371e-03 
2025-08-20 11:20:16,291 INFO: [dt4d..][epoch:  4, iter:  33,200, lr:(8.145e-04,8.145e-04,)][eta: 1 day, 14:51:38, time (data): 0.700 (0.082)]rfmnet: 1.9360e-03 l_total: 1.9360e-03 
2025-08-20 11:21:35,382 INFO: [dt4d..][epoch:  4, iter:  33,300, lr:(8.145e-04,8.145e-04,)][eta: 1 day, 14:42:38, time (data): 0.767 (0.084)]rfmnet: 1.1281e-03 l_total: 1.1281e-03 
2025-08-20 11:22:50,737 INFO: [dt4d..][epoch:  4, iter:  33,400, lr:(8.145e-04,8.145e-04,)][eta: 1 day, 14:33:36, time (data): 0.683 (0.088)]rfmnet: 1.2093e-03 l_total: 1.2093e-03 
2025-08-20 11:24:09,778 INFO: [dt4d..][epoch:  4, iter:  33,500, lr:(8.145e-04,8.145e-04,)][eta: 1 day, 14:24:42, time (data): 0.763 (0.093)]rfmnet: 1.0861e-03 l_total: 1.0861e-03 
2025-08-20 11:25:22,188 INFO: [dt4d..][epoch:  4, iter:  33,600, lr:(8.145e-04,8.145e-04,)][eta: 1 day, 14:15:40, time (data): 0.750 (0.082)]rfmnet: 1.4422e-03 l_total: 1.4422e-03 
2025-08-20 11:26:38,104 INFO: [dt4d..][epoch:  4, iter:  33,700, lr:(8.145e-04,8.145e-04,)][eta: 1 day, 14:06:47, time (data): 0.757 (0.081)]rfmnet: 1.2389e-03 l_total: 1.2389e-03 
2025-08-20 11:27:43,352 INFO: [dt4d..][epoch:  4, iter:  33,800, lr:(8.145e-04,8.145e-04,)][eta: 1 day, 13:57:38, time (data): 0.669 (0.099)]rfmnet: 1.1970e-03 l_total: 1.1970e-03 
2025-08-20 11:29:04,322 INFO: [dt4d..][epoch:  4, iter:  33,900, lr:(8.145e-04,8.145e-04,)][eta: 1 day, 13:48:59, time (data): 0.776 (0.096)]rfmnet: 1.1003e-03 l_total: 1.1003e-03 
2025-08-20 11:30:20,494 INFO: [dt4d..][epoch:  4, iter:  34,000, lr:(8.145e-04,8.145e-04,)][eta: 1 day, 13:40:14, time (data): 0.708 (0.089)]rfmnet: 2.3085e-03 l_total: 2.3085e-03 
2025-08-20 11:31:33,841 INFO: [dt4d..][epoch:  4, iter:  34,100, lr:(8.145e-04,8.145e-04,)][eta: 1 day, 13:31:27, time (data): 0.727 (0.094)]rfmnet: 1.3168e-03 l_total: 1.3168e-03 
2025-08-20 11:32:51,607 INFO: [dt4d..][epoch:  4, iter:  34,200, lr:(8.145e-04,8.145e-04,)][eta: 1 day, 13:22:50, time (data): 0.774 (0.090)]rfmnet: 1.0062e-03 l_total: 1.0062e-03 
2025-08-20 11:34:04,062 INFO: [dt4d..][epoch:  4, iter:  34,300, lr:(8.145e-04,8.145e-04,)][eta: 1 day, 13:14:07, time (data): 0.736 (0.088)]rfmnet: 1.3791e-03 l_total: 1.3791e-03 
2025-08-20 11:35:21,305 INFO: [dt4d..][epoch:  4, iter:  34,400, lr:(8.145e-04,8.145e-04,)][eta: 1 day, 13:05:34, time (data): 0.776 (0.083)]rfmnet: 2.9975e-03 l_total: 2.9975e-03 
2025-08-20 11:36:38,653 INFO: [dt4d..][epoch:  4, iter:  34,500, lr:(8.145e-04,8.145e-04,)][eta: 1 day, 12:57:04, time (data): 0.774 (0.086)]rfmnet: 2.0138e-03 l_total: 2.0138e-03 
2025-08-20 11:37:53,032 INFO: [dt4d..][epoch:  4, iter:  34,600, lr:(8.145e-04,8.145e-04,)][eta: 1 day, 12:48:31, time (data): 0.613 (0.092)]rfmnet: 3.0544e-03 l_total: 3.0544e-03 
2025-08-20 11:39:00,040 INFO: [dt4d..][epoch:  4, iter:  34,700, lr:(8.145e-04,8.145e-04,)][eta: 1 day, 12:39:50, time (data): 0.658 (0.095)]rfmnet: 1.5835e-03 l_total: 1.5835e-03 
2025-08-20 11:40:19,284 INFO: [dt4d..][epoch:  4, iter:  34,800, lr:(8.145e-04,8.145e-04,)][eta: 1 day, 12:31:31, time (data): 0.824 (0.091)]rfmnet: 1.3556e-03 l_total: 1.3556e-03 
2025-08-20 11:41:27,625 INFO: [dt4d..][epoch:  4, iter:  34,900, lr:(8.145e-04,8.145e-04,)][eta: 1 day, 12:22:56, time (data): 0.713 (0.091)]rfmnet: 1.1168e-03 l_total: 1.1168e-03 
2025-08-20 11:42:40,446 INFO: [dt4d..][epoch:  4, iter:  35,000, lr:(8.145e-04,8.145e-04,)][eta: 1 day, 12:14:32, time (data): 0.867 (0.093)]rfmnet: 1.0385e-03 l_total: 1.0385e-03 
2025-08-20 11:43:55,002 INFO: [dt4d..][epoch:  4, iter:  35,100, lr:(8.145e-04,8.145e-04,)][eta: 1 day, 12:06:12, time (data): 0.771 (0.093)]rfmnet: 9.7643e-04 l_total: 9.7643e-04 
2025-08-20 11:45:06,830 INFO: [dt4d..][epoch:  4, iter:  35,200, lr:(8.145e-04,8.145e-04,)][eta: 1 day, 11:57:51, time (data): 0.667 (0.082)]rfmnet: 8.2423e-04 l_total: 8.2423e-04 
2025-08-20 11:46:24,472 INFO: [dt4d..][epoch:  4, iter:  35,300, lr:(8.145e-04,8.145e-04,)][eta: 1 day, 11:49:41, time (data): 0.754 (0.089)]rfmnet: 8.2249e-04 l_total: 8.2249e-04 
2025-08-20 11:47:43,231 INFO: [dt4d..][epoch:  4, iter:  35,400, lr:(8.145e-04,8.145e-04,)][eta: 1 day, 11:41:35, time (data): 0.779 (0.097)]rfmnet: 7.6849e-04 l_total: 7.6849e-04 
2025-08-20 11:48:55,319 INFO: [dt4d..][epoch:  4, iter:  35,500, lr:(8.145e-04,8.145e-04,)][eta: 1 day, 11:33:21, time (data): 0.732 (0.096)]rfmnet: 1.0792e-03 l_total: 1.0792e-03 
2025-08-20 11:50:16,522 INFO: [dt4d..][epoch:  5, iter:  35,600, lr:(6.891e-04,6.891e-04,)][eta: 1 day, 11:25:23, time (data): 0.872 (0.083)]rfmnet: 1.2082e-03 l_total: 1.2082e-03 
2025-08-20 11:51:29,595 INFO: [dt4d..][epoch:  5, iter:  35,700, lr:(6.891e-04,6.891e-04,)][eta: 1 day, 11:17:16, time (data): 0.757 (0.091)]rfmnet: 1.1460e-03 l_total: 1.1460e-03 
2025-08-20 11:52:40,365 INFO: [dt4d..][epoch:  5, iter:  35,800, lr:(6.891e-04,6.891e-04,)][eta: 1 day, 11:09:07, time (data): 0.786 (0.082)]rfmnet: 9.8769e-04 l_total: 9.8769e-04 
2025-08-20 11:53:57,209 INFO: [dt4d..][epoch:  5, iter:  35,900, lr:(6.891e-04,6.891e-04,)][eta: 1 day, 11:01:10, time (data): 0.772 (0.083)]rfmnet: 7.6992e-04 l_total: 7.6992e-04 
2025-08-20 11:55:13,256 INFO: [dt4d..][epoch:  5, iter:  36,000, lr:(6.891e-04,6.891e-04,)][eta: 1 day, 10:53:13, time (data): 0.769 (0.078)]rfmnet: 9.4372e-04 l_total: 9.4372e-04 
2025-08-20 11:55:13,256 INFO: Saving models and training states.
2025-08-20 11:55:13,275 INFO: Start validation.
2025-08-20 12:26:46,416 INFO: Avg time: 0.4520
2025-08-20 12:26:47,586 INFO: Val auc: 0.6634
2025-08-20 12:26:47,591 INFO: Val avg error: 0.0379
2025-08-20 12:28:07,914 INFO: [dt4d..][epoch:  5, iter:  36,100, lr:(6.891e-04,6.891e-04,)][eta: 1 day, 11:31:30, time (data): 0.796 (0.087)]rfmnet: 6.4231e-04 l_total: 6.4231e-04 
2025-08-20 12:29:15,814 INFO: [dt4d..][epoch:  5, iter:  36,200, lr:(6.891e-04,6.891e-04,)][eta: 1 day, 11:23:13, time (data): 0.511 (0.082)]rfmnet: 5.2226e-04 l_total: 5.2226e-04 
2025-08-20 12:30:15,454 INFO: [dt4d..][epoch:  5, iter:  36,300, lr:(6.891e-04,6.891e-04,)][eta: 1 day, 11:14:47, time (data): 0.582 (0.080)]rfmnet: 5.3977e-04 l_total: 5.3977e-04 
2025-08-20 12:31:27,278 INFO: [dt4d..][epoch:  5, iter:  36,400, lr:(6.891e-04,6.891e-04,)][eta: 1 day, 11:06:41, time (data): 0.805 (0.095)]rfmnet: 1.2189e-03 l_total: 1.2189e-03 
2025-08-20 12:32:43,834 INFO: [dt4d..][epoch:  5, iter:  36,500, lr:(6.891e-04,6.891e-04,)][eta: 1 day, 10:58:44, time (data): 0.772 (0.084)]rfmnet: 8.3468e-04 l_total: 8.3468e-04 
2025-08-20 12:33:57,582 INFO: [dt4d..][epoch:  5, iter:  36,600, lr:(6.891e-04,6.891e-04,)][eta: 1 day, 10:50:45, time (data): 0.817 (0.090)]rfmnet: 5.7766e-04 l_total: 5.7766e-04 
2025-08-20 12:35:16,160 INFO: [dt4d..][epoch:  5, iter:  36,700, lr:(6.891e-04,6.891e-04,)][eta: 1 day, 10:42:55, time (data): 0.791 (0.094)]rfmnet: 1.1358e-03 l_total: 1.1358e-03 
2025-08-20 12:36:30,004 INFO: [dt4d..][epoch:  5, iter:  36,800, lr:(6.891e-04,6.891e-04,)][eta: 1 day, 10:35:00, time (data): 0.793 (0.092)]rfmnet: 5.1818e-04 l_total: 5.1818e-04 
2025-08-20 12:37:45,478 INFO: [dt4d..][epoch:  5, iter:  36,900, lr:(6.891e-04,6.891e-04,)][eta: 1 day, 10:27:10, time (data): 0.760 (0.085)]rfmnet: 4.4815e-04 l_total: 4.4815e-04 
2025-08-20 12:38:53,733 INFO: [dt4d..][epoch:  5, iter:  37,000, lr:(6.891e-04,6.891e-04,)][eta: 1 day, 10:19:12, time (data): 0.826 (0.091)]rfmnet: 4.6234e-04 l_total: 4.6234e-04 
2025-08-20 12:39:55,768 INFO: [dt4d..][epoch:  5, iter:  37,100, lr:(6.891e-04,6.891e-04,)][eta: 1 day, 10:11:07, time (data): 0.649 (0.092)]rfmnet: 8.2927e-04 l_total: 8.2927e-04 
2025-08-20 12:41:09,178 INFO: [dt4d..][epoch:  5, iter:  37,200, lr:(6.891e-04,6.891e-04,)][eta: 1 day, 10:03:21, time (data): 0.790 (0.094)]rfmnet: 8.6720e-04 l_total: 8.6720e-04 
2025-08-20 12:42:33,071 INFO: [dt4d..][epoch:  5, iter:  37,300, lr:(6.891e-04,6.891e-04,)][eta: 1 day, 9:55:51, time (data): 0.833 (0.083)]rfmnet: 9.1591e-04 l_total: 9.1591e-04 
2025-08-20 12:43:51,385 INFO: [dt4d..][epoch:  5, iter:  37,400, lr:(6.891e-04,6.891e-04,)][eta: 1 day, 9:48:15, time (data): 0.872 (0.097)]rfmnet: 5.1373e-04 l_total: 5.1373e-04 
2025-08-20 12:45:02,696 INFO: [dt4d..][epoch:  5, iter:  37,500, lr:(6.891e-04,6.891e-04,)][eta: 1 day, 9:40:32, time (data): 0.733 (0.091)]rfmnet: 6.5377e-04 l_total: 6.5377e-04 
2025-08-20 12:46:16,595 INFO: [dt4d..][epoch:  5, iter:  37,600, lr:(6.891e-04,6.891e-04,)][eta: 1 day, 9:32:55, time (data): 0.812 (0.096)]rfmnet: 4.4447e-04 l_total: 4.4447e-04 
2025-08-20 12:47:36,060 INFO: [dt4d..][epoch:  5, iter:  37,700, lr:(6.891e-04,6.891e-04,)][eta: 1 day, 9:25:27, time (data): 0.797 (0.083)]rfmnet: 5.3538e-04 l_total: 5.3538e-04 
2025-08-20 12:48:49,317 INFO: [dt4d..][epoch:  5, iter:  37,800, lr:(6.891e-04,6.891e-04,)][eta: 1 day, 9:17:52, time (data): 0.679 (0.090)]rfmnet: 3.7401e-04 l_total: 3.7401e-04 
2025-08-20 12:50:00,149 INFO: [dt4d..][epoch:  5, iter:  37,900, lr:(6.891e-04,6.891e-04,)][eta: 1 day, 9:10:17, time (data): 0.705 (0.090)]rfmnet: 3.8346e-04 l_total: 3.8346e-04 
2025-08-20 12:51:08,233 INFO: [dt4d..][epoch:  5, iter:  38,000, lr:(6.891e-04,6.891e-04,)][eta: 1 day, 9:02:39, time (data): 0.636 (0.079)]rfmnet: 4.5376e-04 l_total: 4.5376e-04 
2025-08-20 12:52:22,959 INFO: [dt4d..][epoch:  5, iter:  38,100, lr:(6.891e-04,6.891e-04,)][eta: 1 day, 8:55:13, time (data): 0.736 (0.082)]rfmnet: 4.1775e-04 l_total: 4.1775e-04 
2025-08-20 12:53:50,029 INFO: [dt4d..][epoch:  5, iter:  38,200, lr:(6.891e-04,6.891e-04,)][eta: 1 day, 8:48:05, time (data): 0.845 (0.080)]rfmnet: 5.0295e-04 l_total: 5.0295e-04 
2025-08-20 12:55:06,536 INFO: [dt4d..][epoch:  5, iter:  38,300, lr:(6.891e-04,6.891e-04,)][eta: 1 day, 8:40:45, time (data): 0.772 (0.085)]rfmnet: 3.2085e-04 l_total: 3.2085e-04 
2025-08-20 12:56:18,397 INFO: [dt4d..][epoch:  5, iter:  38,400, lr:(6.891e-04,6.891e-04,)][eta: 1 day, 8:33:20, time (data): 0.677 (0.085)]rfmnet: 3.2729e-04 l_total: 3.2729e-04 
2025-08-20 12:57:37,255 INFO: [dt4d..][epoch:  5, iter:  38,500, lr:(6.891e-04,6.891e-04,)][eta: 1 day, 8:26:07, time (data): 0.779 (0.089)]rfmnet: 3.0328e-04 l_total: 3.0328e-04 
2025-08-20 12:58:50,026 INFO: [dt4d..][epoch:  5, iter:  38,600, lr:(6.891e-04,6.891e-04,)][eta: 1 day, 8:18:47, time (data): 0.659 (0.083)]rfmnet: 4.1133e-04 l_total: 4.1133e-04 
2025-08-20 13:00:07,851 INFO: [dt4d..][epoch:  5, iter:  38,700, lr:(6.891e-04,6.891e-04,)][eta: 1 day, 8:11:36, time (data): 0.769 (0.089)]rfmnet: 3.6557e-04 l_total: 3.6557e-04 
2025-08-20 13:01:31,240 INFO: [dt4d..][epoch:  5, iter:  38,800, lr:(6.891e-04,6.891e-04,)][eta: 1 day, 8:04:34, time (data): 0.726 (0.095)]rfmnet: 3.7827e-04 l_total: 3.7827e-04 
2025-08-20 13:02:45,374 INFO: [dt4d..][epoch:  5, iter:  38,900, lr:(6.891e-04,6.891e-04,)][eta: 1 day, 7:57:22, time (data): 0.740 (0.092)]rfmnet: 4.0796e-04 l_total: 4.0796e-04 
2025-08-20 13:03:36,163 INFO: [dt4d..][epoch:  5, iter:  39,000, lr:(6.891e-04,6.891e-04,)][eta: 1 day, 7:49:42, time (data): 0.471 (0.074)]rfmnet: 2.7533e-04 l_total: 2.7533e-04 
2025-08-20 13:04:41,485 INFO: [dt4d..][epoch:  5, iter:  39,100, lr:(6.891e-04,6.891e-04,)][eta: 1 day, 7:42:22, time (data): 0.643 (0.083)]rfmnet: 4.0394e-04 l_total: 4.0394e-04 
2025-08-20 13:06:10,344 INFO: [dt4d..][epoch:  5, iter:  39,200, lr:(6.891e-04,6.891e-04,)][eta: 1 day, 7:35:34, time (data): 0.962 (0.086)]rfmnet: 3.0053e-04 l_total: 3.0053e-04 
2025-08-20 13:07:22,570 INFO: [dt4d..][epoch:  5, iter:  39,300, lr:(6.891e-04,6.891e-04,)][eta: 1 day, 7:28:27, time (data): 0.734 (0.090)]rfmnet: 5.1245e-04 l_total: 5.1245e-04 
2025-08-20 13:08:22,645 INFO: [dt4d..][epoch:  5, iter:  39,400, lr:(6.891e-04,6.891e-04,)][eta: 1 day, 7:21:06, time (data): 0.687 (0.086)]rfmnet: 3.4234e-04 l_total: 3.4234e-04 
2025-08-20 13:09:17,620 INFO: [dt4d..][epoch:  5, iter:  39,500, lr:(6.891e-04,6.891e-04,)][eta: 1 day, 7:13:41, time (data): 0.555 (0.091)]rfmnet: 2.6032e-04 l_total: 2.6032e-04 
2025-08-20 13:09:58,771 INFO: [dt4d..][epoch:  5, iter:  39,600, lr:(6.891e-04,6.891e-04,)][eta: 1 day, 7:06:01, time (data): 0.461 (0.099)]rfmnet: 5.0045e-04 l_total: 5.0045e-04 
2025-08-20 13:10:41,267 INFO: [dt4d..][epoch:  5, iter:  39,700, lr:(6.891e-04,6.891e-04,)][eta: 1 day, 6:58:25, time (data): 0.426 (0.085)]rfmnet: 2.3359e-04 l_total: 2.3359e-04 
2025-08-20 13:11:23,635 INFO: [dt4d..][epoch:  5, iter:  39,800, lr:(6.891e-04,6.891e-04,)][eta: 1 day, 6:50:50, time (data): 0.416 (0.077)]rfmnet: 2.3253e-04 l_total: 2.3253e-04 
2025-08-20 13:12:14,695 INFO: [dt4d..][epoch:  5, iter:  39,900, lr:(6.891e-04,6.891e-04,)][eta: 1 day, 6:43:28, time (data): 0.509 (0.084)]rfmnet: 2.5835e-04 l_total: 2.5835e-04 
2025-08-20 13:13:14,951 INFO: [dt4d..][epoch:  5, iter:  40,000, lr:(6.891e-04,6.891e-04,)][eta: 1 day, 6:36:19, time (data): 0.552 (0.067)]rfmnet: 4.2565e-04 l_total: 4.2565e-04 
2025-08-20 13:13:14,951 INFO: Saving models and training states.
2025-08-20 13:13:14,969 INFO: Start validation.
2025-08-20 13:40:10,062 INFO: Avg time: 0.2253
2025-08-20 13:40:11,165 INFO: Val auc: 0.6622
2025-08-20 13:40:11,169 INFO: Val avg error: 0.0383
2025-08-20 13:41:10,484 INFO: [dt4d..][epoch:  5, iter:  40,100, lr:(6.891e-04,6.891e-04,)][eta: 1 day, 7:01:54, time (data): 0.591 (0.078)]rfmnet: 2.3638e-04 l_total: 2.3638e-04 
2025-08-20 13:42:15,165 INFO: [dt4d..][epoch:  5, iter:  40,200, lr:(6.891e-04,6.891e-04,)][eta: 1 day, 6:54:45, time (data): 0.619 (0.077)]rfmnet: 2.2295e-04 l_total: 2.2295e-04 
2025-08-20 13:42:58,989 INFO: [dt4d..][epoch:  5, iter:  40,300, lr:(6.891e-04,6.891e-04,)][eta: 1 day, 6:47:13, time (data): 0.438 (0.082)]rfmnet: 1.9941e-04 l_total: 1.9941e-04 
2025-08-20 13:43:47,414 INFO: [dt4d..][epoch:  5, iter:  40,400, lr:(6.891e-04,6.891e-04,)][eta: 1 day, 6:39:49, time (data): 0.461 (0.081)]rfmnet: 1.9252e-04 l_total: 1.9252e-04 
2025-08-20 13:44:44,745 INFO: [dt4d..][epoch:  5, iter:  40,500, lr:(6.891e-04,6.891e-04,)][eta: 1 day, 6:32:37, time (data): 0.575 (0.078)]rfmnet: 2.7976e-04 l_total: 2.7976e-04 
2025-08-20 13:45:49,704 INFO: [dt4d..][epoch:  5, iter:  40,600, lr:(6.891e-04,6.891e-04,)][eta: 1 day, 6:25:36, time (data): 0.612 (0.078)]rfmnet: 2.2575e-04 l_total: 2.2575e-04 
2025-08-20 13:46:43,374 INFO: [dt4d..][epoch:  5, iter:  40,700, lr:(6.891e-04,6.891e-04,)][eta: 1 day, 6:18:24, time (data): 0.534 (0.082)]rfmnet: 3.1930e-04 l_total: 3.1930e-04 
2025-08-20 13:47:29,687 INFO: [dt4d..][epoch:  5, iter:  40,800, lr:(6.891e-04,6.891e-04,)][eta: 1 day, 6:11:05, time (data): 0.498 (0.081)]rfmnet: 1.8159e-04 l_total: 1.8159e-04 
2025-08-20 13:48:15,766 INFO: [dt4d..][epoch:  5, iter:  40,900, lr:(6.891e-04,6.891e-04,)][eta: 1 day, 6:03:47, time (data): 0.461 (0.083)]rfmnet: 1.9916e-04 l_total: 1.9916e-04 
2025-08-20 13:48:57,014 INFO: [dt4d..][epoch:  5, iter:  41,000, lr:(6.891e-04,6.891e-04,)][eta: 1 day, 5:56:26, time (data): 0.436 (0.081)]rfmnet: 1.7724e-04 l_total: 1.7724e-04 
2025-08-20 13:49:41,098 INFO: [dt4d..][epoch:  5, iter:  41,100, lr:(6.891e-04,6.891e-04,)][eta: 1 day, 5:49:10, time (data): 0.437 (0.082)]rfmnet: 2.5328e-04 l_total: 2.5328e-04 
2025-08-20 13:50:26,961 INFO: [dt4d..][epoch:  5, iter:  41,200, lr:(6.891e-04,6.891e-04,)][eta: 1 day, 5:41:57, time (data): 0.448 (0.082)]rfmnet: 3.9484e-04 l_total: 3.9484e-04 
2025-08-20 13:51:20,574 INFO: [dt4d..][epoch:  5, iter:  41,300, lr:(6.891e-04,6.891e-04,)][eta: 1 day, 5:34:56, time (data): 0.542 (0.077)]rfmnet: 1.7073e-04 l_total: 1.7073e-04 
2025-08-20 13:52:24,721 INFO: [dt4d..][epoch:  5, iter:  41,400, lr:(6.891e-04,6.891e-04,)][eta: 1 day, 5:28:09, time (data): 0.593 (0.077)]rfmnet: 1.6797e-04 l_total: 1.6797e-04 
2025-08-20 13:53:15,734 INFO: [dt4d..][epoch:  5, iter:  41,500, lr:(6.891e-04,6.891e-04,)][eta: 1 day, 5:21:08, time (data): 0.505 (0.077)]rfmnet: 2.2735e-04 l_total: 2.2735e-04 
2025-08-20 13:54:01,756 INFO: [dt4d..][epoch:  5, iter:  41,600, lr:(6.891e-04,6.891e-04,)][eta: 1 day, 5:14:03, time (data): 0.482 (0.079)]rfmnet: 1.5808e-04 l_total: 1.5808e-04 
2025-08-20 13:54:52,200 INFO: [dt4d..][epoch:  5, iter:  41,700, lr:(6.891e-04,6.891e-04,)][eta: 1 day, 5:07:05, time (data): 0.507 (0.080)]rfmnet: 3.4240e-04 l_total: 3.4240e-04 
2025-08-20 13:55:52,334 INFO: [dt4d..][epoch:  5, iter:  41,800, lr:(6.891e-04,6.891e-04,)][eta: 1 day, 5:00:20, time (data): 0.556 (0.079)]rfmnet: 1.4912e-04 l_total: 1.4912e-04 
2025-08-20 13:56:57,943 INFO: [dt4d..][epoch:  5, iter:  41,900, lr:(6.891e-04,6.891e-04,)][eta: 1 day, 4:53:42, time (data): 0.652 (0.079)]rfmnet: 1.3806e-04 l_total: 1.3806e-04 
2025-08-20 13:57:45,238 INFO: [dt4d..][epoch:  5, iter:  42,000, lr:(6.891e-04,6.891e-04,)][eta: 1 day, 4:46:46, time (data): 0.559 (0.080)]rfmnet: 3.2706e-04 l_total: 3.2706e-04 
2025-08-20 13:58:31,649 INFO: [dt4d..][epoch:  5, iter:  42,100, lr:(6.891e-04,6.891e-04,)][eta: 1 day, 4:39:51, time (data): 0.461 (0.082)]rfmnet: 1.8079e-04 l_total: 1.8079e-04 
2025-08-20 13:59:29,550 INFO: [dt4d..][epoch:  5, iter:  42,200, lr:(6.891e-04,6.891e-04,)][eta: 1 day, 4:33:09, time (data): 0.523 (0.080)]rfmnet: 2.2943e-04 l_total: 2.2943e-04 
2025-08-20 14:00:35,051 INFO: [dt4d..][epoch:  5, iter:  42,300, lr:(6.891e-04,6.891e-04,)][eta: 1 day, 4:26:38, time (data): 0.658 (0.077)]rfmnet: 1.4953e-04 l_total: 1.4953e-04 
2025-08-20 14:01:23,358 INFO: [dt4d..][epoch:  5, iter:  42,400, lr:(6.891e-04,6.891e-04,)][eta: 1 day, 4:19:50, time (data): 0.566 (0.077)]rfmnet: 1.6662e-04 l_total: 1.6662e-04 
2025-08-20 14:02:08,183 INFO: [dt4d..][epoch:  5, iter:  42,500, lr:(6.891e-04,6.891e-04,)][eta: 1 day, 4:12:59, time (data): 0.444 (0.080)]rfmnet: 1.2834e-04 l_total: 1.2834e-04 
2025-08-20 14:03:03,609 INFO: [dt4d..][epoch:  5, iter:  42,600, lr:(6.891e-04,6.891e-04,)][eta: 1 day, 4:06:22, time (data): 0.502 (0.079)]rfmnet: 3.0283e-04 l_total: 3.0283e-04 
2025-08-20 14:04:06,972 INFO: [dt4d..][epoch:  5, iter:  42,700, lr:(6.891e-04,6.891e-04,)][eta: 1 day, 3:59:55, time (data): 0.643 (0.078)]rfmnet: 1.3529e-04 l_total: 1.3529e-04 
2025-08-20 14:05:03,495 INFO: [dt4d..][epoch:  5, iter:  42,800, lr:(6.891e-04,6.891e-04,)][eta: 1 day, 3:53:22, time (data): 0.602 (0.078)]rfmnet: 1.3044e-04 l_total: 1.3044e-04 
2025-08-20 14:05:49,785 INFO: [dt4d..][epoch:  5, iter:  42,900, lr:(6.891e-04,6.891e-04,)][eta: 1 day, 3:46:40, time (data): 0.462 (0.081)]rfmnet: 1.0526e-04 l_total: 1.0526e-04 
2025-08-20 14:06:40,483 INFO: [dt4d..][epoch:  5, iter:  43,000, lr:(6.891e-04,6.891e-04,)][eta: 1 day, 3:40:04, time (data): 0.486 (0.080)]rfmnet: 1.1343e-04 l_total: 1.1343e-04 
2025-08-20 14:07:40,372 INFO: [dt4d..][epoch:  5, iter:  43,100, lr:(6.891e-04,6.891e-04,)][eta: 1 day, 3:33:39, time (data): 0.603 (0.077)]rfmnet: 1.1313e-04 l_total: 1.1313e-04 
2025-08-20 14:08:46,900 INFO: [dt4d..][epoch:  5, iter:  43,200, lr:(6.891e-04,6.891e-04,)][eta: 1 day, 3:27:23, time (data): 0.636 (0.077)]rfmnet: 1.1374e-04 l_total: 1.1374e-04 
2025-08-20 14:09:29,437 INFO: [dt4d..][epoch:  5, iter:  43,300, lr:(6.891e-04,6.891e-04,)][eta: 1 day, 3:20:43, time (data): 0.428 (0.081)]rfmnet: 1.4944e-04 l_total: 1.4944e-04 
2025-08-20 14:10:16,911 INFO: [dt4d..][epoch:  5, iter:  43,400, lr:(6.891e-04,6.891e-04,)][eta: 1 day, 3:14:10, time (data): 0.453 (0.082)]rfmnet: 1.3807e-04 l_total: 1.3807e-04 
2025-08-20 14:11:15,958 INFO: [dt4d..][epoch:  5, iter:  43,500, lr:(6.891e-04,6.891e-04,)][eta: 1 day, 3:07:51, time (data): 0.595 (0.078)]rfmnet: 1.1748e-04 l_total: 1.1748e-04 
2025-08-20 14:12:21,580 INFO: [dt4d..][epoch:  5, iter:  43,600, lr:(6.891e-04,6.891e-04,)][eta: 1 day, 3:01:39, time (data): 0.628 (0.077)]rfmnet: 2.4538e-04 l_total: 2.4538e-04 
2025-08-20 14:13:13,669 INFO: [dt4d..][epoch:  5, iter:  43,700, lr:(6.891e-04,6.891e-04,)][eta: 1 day, 2:55:16, time (data): 0.492 (0.080)]rfmnet: 1.0640e-04 l_total: 1.0640e-04 
2025-08-20 14:14:01,371 INFO: [dt4d..][epoch:  5, iter:  43,800, lr:(6.891e-04,6.891e-04,)][eta: 1 day, 2:48:49, time (data): 0.484 (0.081)]rfmnet: 8.8901e-05 l_total: 8.8901e-05 
2025-08-20 14:14:56,486 INFO: [dt4d..][epoch:  5, iter:  43,900, lr:(6.891e-04,6.891e-04,)][eta: 1 day, 2:42:31, time (data): 0.544 (0.079)]rfmnet: 9.2324e-05 l_total: 9.2324e-05 
2025-08-20 14:16:02,156 INFO: [dt4d..][epoch:  5, iter:  44,000, lr:(6.891e-04,6.891e-04,)][eta: 1 day, 2:36:26, time (data): 0.606 (0.078)]rfmnet: 9.2051e-05 l_total: 9.2051e-05 
2025-08-20 14:16:02,156 INFO: Saving models and training states.
2025-08-20 14:16:02,177 INFO: Start validation.
2025-08-20 14:42:33,157 INFO: Avg time: 0.2396
2025-08-20 14:42:34,309 INFO: Val auc: 0.6612
2025-08-20 14:42:34,313 INFO: Val avg error: 0.0385
2025-08-20 14:43:38,085 INFO: [dt4d..][epoch:  5, iter:  44,100, lr:(6.891e-04,6.891e-04,)][eta: 1 day, 2:57:13, time (data): 0.629 (0.078)]rfmnet: 1.9153e-04 l_total: 1.9153e-04 
2025-08-20 14:44:24,494 INFO: [dt4d..][epoch:  5, iter:  44,200, lr:(6.891e-04,6.891e-04,)][eta: 1 day, 2:50:44, time (data): 0.538 (0.080)]rfmnet: 1.0970e-04 l_total: 1.0970e-04 
2025-08-20 14:45:13,797 INFO: [dt4d..][epoch:  5, iter:  44,300, lr:(6.891e-04,6.891e-04,)][eta: 1 day, 2:44:19, time (data): 0.486 (0.081)]rfmnet: 8.2478e-05 l_total: 8.2478e-05 
2025-08-20 14:46:13,524 INFO: [dt4d..][epoch:  6, iter:  44,400, lr:(5.500e-04,5.500e-04,)][eta: 1 day, 2:38:06, time (data): 0.548 (0.087)]rfmnet: 1.0292e-04 l_total: 1.0292e-04 
2025-08-20 14:47:17,194 INFO: [dt4d..][epoch:  6, iter:  44,500, lr:(5.500e-04,5.500e-04,)][eta: 1 day, 2:31:59, time (data): 0.643 (0.075)]rfmnet: 7.5522e-05 l_total: 7.5522e-05 
2025-08-20 14:48:04,595 INFO: [dt4d..][epoch:  6, iter:  44,600, lr:(5.500e-04,5.500e-04,)][eta: 1 day, 2:25:36, time (data): 0.549 (0.077)]rfmnet: 8.1323e-05 l_total: 8.1323e-05 
2025-08-20 14:48:49,990 INFO: [dt4d..][epoch:  6, iter:  44,700, lr:(5.500e-04,5.500e-04,)][eta: 1 day, 2:19:13, time (data): 0.459 (0.077)]rfmnet: 7.7926e-05 l_total: 7.7926e-05 
2025-08-20 14:49:48,780 INFO: [dt4d..][epoch:  6, iter:  44,800, lr:(5.500e-04,5.500e-04,)][eta: 1 day, 2:13:05, time (data): 0.532 (0.078)]rfmnet: 7.8389e-05 l_total: 7.8389e-05 
2025-08-20 14:50:52,433 INFO: [dt4d..][epoch:  6, iter:  44,900, lr:(5.500e-04,5.500e-04,)][eta: 1 day, 2:07:03, time (data): 0.632 (0.075)]rfmnet: 8.2195e-05 l_total: 8.2195e-05 
2025-08-20 14:51:44,536 INFO: [dt4d..][epoch:  6, iter:  45,000, lr:(5.500e-04,5.500e-04,)][eta: 1 day, 2:00:51, time (data): 0.569 (0.077)]rfmnet: 9.7130e-05 l_total: 9.7130e-05 
2025-08-20 14:52:30,041 INFO: [dt4d..][epoch:  6, iter:  45,100, lr:(5.500e-04,5.500e-04,)][eta: 1 day, 1:54:34, time (data): 0.463 (0.079)]rfmnet: 6.8221e-05 l_total: 6.8221e-05 
2025-08-20 14:53:23,350 INFO: [dt4d..][epoch:  6, iter:  45,200, lr:(5.500e-04,5.500e-04,)][eta: 1 day, 1:48:26, time (data): 0.503 (0.078)]rfmnet: 6.6320e-05 l_total: 6.6320e-05 
2025-08-20 14:54:27,316 INFO: [dt4d..][epoch:  6, iter:  45,300, lr:(5.500e-04,5.500e-04,)][eta: 1 day, 1:42:30, time (data): 0.634 (0.076)]rfmnet: 8.3861e-05 l_total: 8.3861e-05 
2025-08-20 14:55:24,546 INFO: [dt4d..][epoch:  6, iter:  45,400, lr:(5.500e-04,5.500e-04,)][eta: 1 day, 1:36:28, time (data): 0.599 (0.077)]rfmnet: 7.4890e-05 l_total: 7.4890e-05 
2025-08-20 14:56:10,737 INFO: [dt4d..][epoch:  6, iter:  45,500, lr:(5.500e-04,5.500e-04,)][eta: 1 day, 1:30:18, time (data): 0.474 (0.081)]rfmnet: 1.5548e-04 l_total: 1.5548e-04 
2025-08-20 14:57:02,031 INFO: [dt4d..][epoch:  6, iter:  45,600, lr:(5.500e-04,5.500e-04,)][eta: 1 day, 1:24:13, time (data): 0.496 (0.079)]rfmnet: 6.8743e-05 l_total: 6.8743e-05 
2025-08-20 14:58:02,677 INFO: [dt4d..][epoch:  6, iter:  45,700, lr:(5.500e-04,5.500e-04,)][eta: 1 day, 1:18:19, time (data): 0.625 (0.077)]rfmnet: 8.3949e-05 l_total: 8.3949e-05 
2025-08-20 14:59:08,192 INFO: [dt4d..][epoch:  6, iter:  45,800, lr:(5.500e-04,5.500e-04,)][eta: 1 day, 1:12:31, time (data): 0.642 (0.077)]rfmnet: 6.4487e-05 l_total: 6.4487e-05 
2025-08-20 14:59:54,422 INFO: [dt4d..][epoch:  6, iter:  45,900, lr:(5.500e-04,5.500e-04,)][eta: 1 day, 1:06:25, time (data): 0.459 (0.080)]rfmnet: 7.7647e-05 l_total: 7.7647e-05 
2025-08-20 15:00:42,177 INFO: [dt4d..][epoch:  6, iter:  46,000, lr:(5.500e-04,5.500e-04,)][eta: 1 day, 1:00:23, time (data): 0.470 (0.079)]rfmnet: 7.0532e-05 l_total: 7.0532e-05 
2025-08-20 15:01:38,307 INFO: [dt4d..][epoch:  6, iter:  46,100, lr:(5.500e-04,5.500e-04,)][eta: 1 day, 0:54:30, time (data): 0.568 (0.075)]rfmnet: 1.0357e-04 l_total: 1.0357e-04 
2025-08-20 15:02:43,581 INFO: [dt4d..][epoch:  6, iter:  46,200, lr:(5.500e-04,5.500e-04,)][eta: 1 day, 0:48:46, time (data): 0.618 (0.075)]rfmnet: 7.6470e-05 l_total: 7.6470e-05 
2025-08-20 15:03:36,605 INFO: [dt4d..][epoch:  6, iter:  46,300, lr:(5.500e-04,5.500e-04,)][eta: 1 day, 0:42:53, time (data): 0.468 (0.078)]rfmnet: 7.1178e-05 l_total: 7.1178e-05 
2025-08-20 15:04:23,382 INFO: [dt4d..][epoch:  6, iter:  46,400, lr:(5.500e-04,5.500e-04,)][eta: 1 day, 0:36:55, time (data): 0.468 (0.079)]rfmnet: 1.3186e-04 l_total: 1.3186e-04 
2025-08-20 15:05:15,784 INFO: [dt4d..][epoch:  6, iter:  46,500, lr:(5.500e-04,5.500e-04,)][eta: 1 day, 0:31:03, time (data): 0.530 (0.076)]rfmnet: 8.4832e-05 l_total: 8.4832e-05 
2025-08-20 15:06:18,409 INFO: [dt4d..][epoch:  6, iter:  46,600, lr:(5.500e-04,5.500e-04,)][eta: 1 day, 0:25:22, time (data): 0.587 (0.074)]rfmnet: 5.8980e-05 l_total: 5.8980e-05 
2025-08-20 15:07:11,448 INFO: [dt4d..][epoch:  6, iter:  46,700, lr:(5.500e-04,5.500e-04,)][eta: 1 day, 0:19:34, time (data): 0.463 (0.076)]rfmnet: 7.9556e-05 l_total: 7.9556e-05 
2025-08-20 15:07:57,245 INFO: [dt4d..][epoch:  6, iter:  46,800, lr:(5.500e-04,5.500e-04,)][eta: 1 day, 0:13:40, time (data): 0.460 (0.078)]rfmnet: 5.6984e-05 l_total: 5.6984e-05 
2025-08-20 15:08:42,592 INFO: [dt4d..][epoch:  6, iter:  46,900, lr:(5.500e-04,5.500e-04,)][eta: 1 day, 0:07:47, time (data): 0.458 (0.078)]rfmnet: 1.0556e-04 l_total: 1.0556e-04 
2025-08-20 15:09:28,846 INFO: [dt4d..][epoch:  6, iter:  47,000, lr:(5.500e-04,5.500e-04,)][eta: 1 day, 0:01:57, time (data): 0.461 (0.080)]rfmnet: 7.4619e-05 l_total: 7.4619e-05 
2025-08-20 15:10:14,454 INFO: [dt4d..][epoch:  6, iter:  47,100, lr:(5.500e-04,5.500e-04,)][eta: 23:56:07, time (data): 0.453 (0.079)]rfmnet: 1.0995e-04 l_total: 1.0995e-04 
2025-08-20 15:11:01,738 INFO: [dt4d..][epoch:  6, iter:  47,200, lr:(5.500e-04,5.500e-04,)][eta: 23:50:20, time (data): 0.465 (0.078)]rfmnet: 1.0668e-04 l_total: 1.0668e-04 
2025-08-20 15:11:53,220 INFO: [dt4d..][epoch:  6, iter:  47,300, lr:(5.500e-04,5.500e-04,)][eta: 23:44:38, time (data): 0.529 (0.077)]rfmnet: 5.2365e-05 l_total: 5.2365e-05 
2025-08-20 15:12:54,368 INFO: [dt4d..][epoch:  6, iter:  47,400, lr:(5.500e-04,5.500e-04,)][eta: 23:39:05, time (data): 0.579 (0.076)]rfmnet: 5.3211e-05 l_total: 5.3211e-05 
2025-08-20 15:13:56,496 INFO: [dt4d..][epoch:  6, iter:  47,500, lr:(5.500e-04,5.500e-04,)][eta: 23:33:35, time (data): 0.590 (0.076)]rfmnet: 4.9903e-05 l_total: 4.9903e-05 
2025-08-20 15:14:42,331 INFO: [dt4d..][epoch:  6, iter:  47,600, lr:(5.500e-04,5.500e-04,)][eta: 23:27:51, time (data): 0.510 (0.078)]rfmnet: 4.7291e-05 l_total: 4.7291e-05 
2025-08-20 15:15:29,200 INFO: [dt4d..][epoch:  6, iter:  47,700, lr:(5.500e-04,5.500e-04,)][eta: 23:22:10, time (data): 0.483 (0.077)]rfmnet: 4.1158e-05 l_total: 4.1158e-05 
2025-08-20 15:16:26,672 INFO: [dt4d..][epoch:  6, iter:  47,800, lr:(5.500e-04,5.500e-04,)][eta: 23:16:39, time (data): 0.539 (0.077)]rfmnet: 5.4570e-05 l_total: 5.4570e-05 
2025-08-20 15:17:31,963 INFO: [dt4d..][epoch:  6, iter:  47,900, lr:(5.500e-04,5.500e-04,)][eta: 23:11:15, time (data): 0.654 (0.073)]rfmnet: 5.2108e-05 l_total: 5.2108e-05 
2025-08-20 15:18:20,051 INFO: [dt4d..][epoch:  6, iter:  48,000, lr:(5.500e-04,5.500e-04,)][eta: 23:05:39, time (data): 0.547 (0.076)]rfmnet: 4.8017e-05 l_total: 4.8017e-05 
2025-08-20 15:18:20,053 INFO: Saving models and training states.
2025-08-20 15:18:20,071 INFO: Start validation.
2025-08-20 15:44:36,424 INFO: Avg time: 0.2038
2025-08-20 15:44:37,532 INFO: Val auc: 0.6585
2025-08-20 15:44:37,536 INFO: Val avg error: 0.0388
2025-08-20 15:45:40,406 INFO: [dt4d..][epoch:  6, iter:  48,100, lr:(5.500e-04,5.500e-04,)][eta: 23:22:30, time (data): 0.641 (0.086)]rfmnet: 8.2852e-05 l_total: 8.2852e-05 
2025-08-20 15:46:38,348 INFO: [dt4d..][epoch:  6, iter:  48,200, lr:(5.500e-04,5.500e-04,)][eta: 23:16:58, time (data): 0.603 (0.087)]rfmnet: 4.9596e-05 l_total: 4.9596e-05 
2025-08-20 15:47:21,504 INFO: [dt4d..][epoch:  6, iter:  48,300, lr:(5.500e-04,5.500e-04,)][eta: 23:11:14, time (data): 0.433 (0.096)]rfmnet: 6.1236e-05 l_total: 6.1236e-05 
2025-08-20 15:48:04,750 INFO: [dt4d..][epoch:  6, iter:  48,400, lr:(5.500e-04,5.500e-04,)][eta: 23:05:32, time (data): 0.433 (0.095)]rfmnet: 4.1032e-05 l_total: 4.1032e-05 
2025-08-20 15:48:48,038 INFO: [dt4d..][epoch:  6, iter:  48,500, lr:(5.500e-04,5.500e-04,)][eta: 22:59:51, time (data): 0.443 (0.095)]rfmnet: 5.1311e-05 l_total: 5.1311e-05 
2025-08-20 15:49:32,215 INFO: [dt4d..][epoch:  6, iter:  48,600, lr:(5.500e-04,5.500e-04,)][eta: 22:54:12, time (data): 0.442 (0.095)]rfmnet: 4.0009e-05 l_total: 4.0009e-05 
2025-08-20 15:50:16,197 INFO: [dt4d..][epoch:  6, iter:  48,700, lr:(5.500e-04,5.500e-04,)][eta: 22:48:35, time (data): 0.447 (0.094)]rfmnet: 8.8983e-05 l_total: 8.8983e-05 
2025-08-20 15:51:06,333 INFO: [dt4d..][epoch:  6, iter:  48,800, lr:(5.500e-04,5.500e-04,)][eta: 22:43:03, time (data): 0.482 (0.093)]rfmnet: 4.4638e-05 l_total: 4.4638e-05 
2025-08-20 15:52:06,447 INFO: [dt4d..][epoch:  6, iter:  48,900, lr:(5.500e-04,5.500e-04,)][eta: 22:37:41, time (data): 0.631 (0.089)]rfmnet: 3.4760e-05 l_total: 3.4760e-05 
2025-08-20 15:53:06,468 INFO: [dt4d..][epoch:  6, iter:  49,000, lr:(5.500e-04,5.500e-04,)][eta: 22:32:19, time (data): 0.611 (0.088)]rfmnet: 3.1781e-05 l_total: 3.1781e-05 
2025-08-20 15:53:50,862 INFO: [dt4d..][epoch:  6, iter:  49,100, lr:(5.500e-04,5.500e-04,)][eta: 22:26:47, time (data): 0.444 (0.094)]rfmnet: 3.4363e-05 l_total: 3.4363e-05 
2025-08-20 15:54:37,491 INFO: [dt4d..][epoch:  6, iter:  49,200, lr:(5.500e-04,5.500e-04,)][eta: 22:21:17, time (data): 0.458 (0.092)]rfmnet: 3.8953e-05 l_total: 3.8953e-05 
2025-08-20 15:55:37,702 INFO: [dt4d..][epoch:  6, iter:  49,300, lr:(5.500e-04,5.500e-04,)][eta: 22:15:59, time (data): 0.634 (0.090)]rfmnet: 4.5362e-05 l_total: 4.5362e-05 
2025-08-20 15:56:42,868 INFO: [dt4d..][epoch:  6, iter:  49,400, lr:(5.500e-04,5.500e-04,)][eta: 22:10:46, time (data): 0.645 (0.088)]rfmnet: 5.2045e-05 l_total: 5.2045e-05 
2025-08-20 15:57:27,210 INFO: [dt4d..][epoch:  6, iter:  49,500, lr:(5.500e-04,5.500e-04,)][eta: 22:05:17, time (data): 0.427 (0.090)]rfmnet: 4.1321e-05 l_total: 4.1321e-05 
2025-08-20 15:58:11,272 INFO: [dt4d..][epoch:  6, iter:  49,600, lr:(5.500e-04,5.500e-04,)][eta: 21:59:50, time (data): 0.436 (0.083)]rfmnet: 4.5622e-05 l_total: 4.5622e-05 
2025-08-20 15:59:04,408 INFO: [dt4d..][epoch:  6, iter:  49,700, lr:(5.500e-04,5.500e-04,)][eta: 21:54:31, time (data): 0.537 (0.077)]rfmnet: 3.6987e-05 l_total: 3.6987e-05 
2025-08-20 16:00:07,598 INFO: [dt4d..][epoch:  6, iter:  49,800, lr:(5.500e-04,5.500e-04,)][eta: 21:49:20, time (data): 0.599 (0.075)]rfmnet: 5.8058e-05 l_total: 5.8058e-05 
2025-08-20 16:01:05,529 INFO: [dt4d..][epoch:  6, iter:  49,900, lr:(5.500e-04,5.500e-04,)][eta: 21:44:07, time (data): 0.516 (0.078)]rfmnet: 3.1319e-05 l_total: 3.1319e-05 
2025-08-20 16:01:49,975 INFO: [dt4d..][epoch:  6, iter:  50,000, lr:(5.500e-04,5.500e-04,)][eta: 21:38:44, time (data): 0.469 (0.078)]rfmnet: 3.5376e-05 l_total: 3.5376e-05 
2025-08-20 16:02:42,091 INFO: [dt4d..][epoch:  6, iter:  50,100, lr:(5.500e-04,5.500e-04,)][eta: 21:33:29, time (data): 0.569 (0.076)]rfmnet: 2.9481e-05 l_total: 2.9481e-05 
2025-08-20 16:03:41,182 INFO: [dt4d..][epoch:  6, iter:  50,200, lr:(5.500e-04,5.500e-04,)][eta: 21:28:19, time (data): 0.583 (0.075)]rfmnet: 3.8605e-05 l_total: 3.8605e-05 
2025-08-20 16:04:45,077 INFO: [dt4d..][epoch:  6, iter:  50,300, lr:(5.500e-04,5.500e-04,)][eta: 21:23:14, time (data): 0.652 (0.074)]rfmnet: 2.5729e-05 l_total: 2.5729e-05 
2025-08-20 16:05:29,630 INFO: [dt4d..][epoch:  6, iter:  50,400, lr:(5.500e-04,5.500e-04,)][eta: 21:17:56, time (data): 0.514 (0.076)]rfmnet: 6.6756e-05 l_total: 6.6756e-05 
2025-08-20 16:06:15,007 INFO: [dt4d..][epoch:  6, iter:  50,500, lr:(5.500e-04,5.500e-04,)][eta: 21:12:39, time (data): 0.462 (0.078)]rfmnet: 7.7946e-05 l_total: 7.7946e-05 
2025-08-20 16:07:11,838 INFO: [dt4d..][epoch:  6, iter:  50,600, lr:(5.500e-04,5.500e-04,)][eta: 21:07:32, time (data): 0.533 (0.076)]rfmnet: 8.3873e-05 l_total: 8.3873e-05 
2025-08-20 16:08:16,253 INFO: [dt4d..][epoch:  6, iter:  50,700, lr:(5.500e-04,5.500e-04,)][eta: 21:02:32, time (data): 0.635 (0.073)]rfmnet: 6.8157e-05 l_total: 6.8157e-05 
2025-08-20 16:09:05,928 INFO: [dt4d..][epoch:  6, iter:  50,800, lr:(5.500e-04,5.500e-04,)][eta: 20:57:21, time (data): 0.541 (0.077)]rfmnet: 4.0654e-05 l_total: 4.0654e-05 
2025-08-20 16:09:50,036 INFO: [dt4d..][epoch:  6, iter:  50,900, lr:(5.500e-04,5.500e-04,)][eta: 20:52:08, time (data): 0.445 (0.079)]rfmnet: 3.6382e-05 l_total: 3.6382e-05 
2025-08-20 16:10:44,944 INFO: [dt4d..][epoch:  6, iter:  51,000, lr:(5.500e-04,5.500e-04,)][eta: 20:47:03, time (data): 0.516 (0.078)]rfmnet: 3.5368e-05 l_total: 3.5368e-05 
2025-08-20 16:11:45,533 INFO: [dt4d..][epoch:  6, iter:  51,100, lr:(5.500e-04,5.500e-04,)][eta: 20:42:04, time (data): 0.637 (0.074)]rfmnet: 4.1696e-05 l_total: 4.1696e-05 
2025-08-20 16:12:47,959 INFO: [dt4d..][epoch:  6, iter:  51,200, lr:(5.500e-04,5.500e-04,)][eta: 20:37:07, time (data): 0.628 (0.075)]rfmnet: 2.8732e-05 l_total: 2.8732e-05 
2025-08-20 16:13:31,852 INFO: [dt4d..][epoch:  6, iter:  51,300, lr:(5.500e-04,5.500e-04,)][eta: 20:31:57, time (data): 0.434 (0.077)]rfmnet: 5.2333e-05 l_total: 5.2333e-05 
2025-08-20 16:14:17,680 INFO: [dt4d..][epoch:  6, iter:  51,400, lr:(5.500e-04,5.500e-04,)][eta: 20:26:50, time (data): 0.451 (0.076)]rfmnet: 2.2403e-05 l_total: 2.2403e-05 
2025-08-20 16:15:18,014 INFO: [dt4d..][epoch:  6, iter:  51,500, lr:(5.500e-04,5.500e-04,)][eta: 20:21:54, time (data): 0.623 (0.074)]rfmnet: 2.3696e-05 l_total: 2.3696e-05 
2025-08-20 16:16:19,156 INFO: [dt4d..][epoch:  6, iter:  51,600, lr:(5.500e-04,5.500e-04,)][eta: 20:17:00, time (data): 0.615 (0.074)]rfmnet: 4.7191e-05 l_total: 4.7191e-05 
2025-08-20 16:17:06,659 INFO: [dt4d..][epoch:  6, iter:  51,700, lr:(5.500e-04,5.500e-04,)][eta: 20:11:57, time (data): 0.447 (0.080)]rfmnet: 2.4250e-05 l_total: 2.4250e-05 
2025-08-20 16:17:51,492 INFO: [dt4d..][epoch:  6, iter:  51,800, lr:(5.500e-04,5.500e-04,)][eta: 20:06:53, time (data): 0.448 (0.079)]rfmnet: 2.2378e-05 l_total: 2.2378e-05 
2025-08-20 16:18:44,153 INFO: [dt4d..][epoch:  6, iter:  51,900, lr:(5.500e-04,5.500e-04,)][eta: 20:01:55, time (data): 0.552 (0.077)]rfmnet: 3.7587e-05 l_total: 3.7587e-05 
2025-08-20 16:19:47,756 INFO: [dt4d..][epoch:  6, iter:  52,000, lr:(5.500e-04,5.500e-04,)][eta: 19:57:06, time (data): 0.611 (0.076)]rfmnet: 3.6899e-05 l_total: 3.6899e-05 
2025-08-20 16:19:47,756 INFO: Saving models and training states.
2025-08-20 16:19:47,776 INFO: Start validation.
2025-08-20 16:46:22,155 INFO: Avg time: 0.2514
2025-08-20 16:46:23,244 INFO: Val auc: 0.6556
2025-08-20 16:46:23,248 INFO: Val avg error: 0.0391
2025-08-20 16:47:23,142 INFO: [dt4d..][epoch:  6, iter:  52,100, lr:(5.500e-04,5.500e-04,)][eta: 20:10:59, time (data): 0.631 (0.074)]rfmnet: 3.5631e-05 l_total: 3.5631e-05 
2025-08-20 16:48:28,171 INFO: [dt4d..][epoch:  6, iter:  52,200, lr:(5.500e-04,5.500e-04,)][eta: 20:06:08, time (data): 0.645 (0.074)]rfmnet: 1.8303e-05 l_total: 1.8303e-05 
2025-08-20 16:49:14,895 INFO: [dt4d..][epoch:  6, iter:  52,300, lr:(5.500e-04,5.500e-04,)][eta: 20:01:05, time (data): 0.467 (0.077)]rfmnet: 1.8605e-05 l_total: 1.8605e-05 
2025-08-20 16:50:02,373 INFO: [dt4d..][epoch:  6, iter:  52,400, lr:(5.500e-04,5.500e-04,)][eta: 19:56:03, time (data): 0.472 (0.078)]rfmnet: 1.6993e-05 l_total: 1.6993e-05 
2025-08-20 16:50:58,226 INFO: [dt4d..][epoch:  6, iter:  52,500, lr:(5.500e-04,5.500e-04,)][eta: 19:51:08, time (data): 0.585 (0.073)]rfmnet: 1.8324e-05 l_total: 1.8324e-05 
2025-08-20 16:52:02,826 INFO: [dt4d..][epoch:  6, iter:  52,600, lr:(5.500e-04,5.500e-04,)][eta: 19:46:20, time (data): 0.629 (0.074)]rfmnet: 1.8263e-05 l_total: 1.8263e-05 
2025-08-20 16:52:54,007 INFO: [dt4d..][epoch:  6, iter:  52,700, lr:(5.500e-04,5.500e-04,)][eta: 19:41:24, time (data): 0.429 (0.081)]rfmnet: 3.8706e-05 l_total: 3.8706e-05 
2025-08-20 16:53:40,521 INFO: [dt4d..][epoch:  6, iter:  52,800, lr:(5.500e-04,5.500e-04,)][eta: 19:36:25, time (data): 0.455 (0.080)]rfmnet: 1.5554e-05 l_total: 1.5554e-05 
2025-08-20 16:54:33,395 INFO: [dt4d..][epoch:  6, iter:  52,900, lr:(5.500e-04,5.500e-04,)][eta: 19:31:32, time (data): 0.576 (0.077)]rfmnet: 1.9356e-05 l_total: 1.9356e-05 
2025-08-20 16:55:37,001 INFO: [dt4d..][epoch:  6, iter:  53,000, lr:(5.500e-04,5.500e-04,)][eta: 19:26:47, time (data): 0.620 (0.077)]rfmnet: 2.1264e-05 l_total: 2.1264e-05 
2025-08-20 16:56:39,769 INFO: [dt4d..][epoch:  6, iter:  53,100, lr:(5.500e-04,5.500e-04,)][eta: 19:22:02, time (data): 0.568 (0.078)]rfmnet: 1.7926e-05 l_total: 1.7926e-05 
2025-08-20 16:57:24,175 INFO: [dt4d..][epoch:  6, iter:  53,200, lr:(5.500e-04,5.500e-04,)][eta: 19:17:06, time (data): 0.477 (0.078)]rfmnet: 1.7253e-05 l_total: 1.7253e-05 
2025-08-20 16:58:18,305 INFO: [dt4d..][epoch:  7, iter:  53,300, lr:(4.109e-04,4.109e-04,)][eta: 19:12:17, time (data): 0.630 (0.116)]rfmnet: 1.9276e-05 l_total: 1.9276e-05 
2025-08-20 16:59:16,591 INFO: [dt4d..][epoch:  7, iter:  53,400, lr:(4.109e-04,4.109e-04,)][eta: 19:07:31, time (data): 0.595 (0.085)]rfmnet: 2.8635e-05 l_total: 2.8635e-05 
2025-08-20 17:00:21,284 INFO: [dt4d..][epoch:  7, iter:  53,500, lr:(4.109e-04,4.109e-04,)][eta: 19:02:51, time (data): 0.626 (0.075)]rfmnet: 1.7651e-05 l_total: 1.7651e-05 
2025-08-20 17:01:09,745 INFO: [dt4d..][epoch:  7, iter:  53,600, lr:(4.109e-04,4.109e-04,)][eta: 18:58:01, time (data): 0.521 (0.076)]rfmnet: 1.7823e-05 l_total: 1.7823e-05 
2025-08-20 17:01:58,742 INFO: [dt4d..][epoch:  7, iter:  53,700, lr:(4.109e-04,4.109e-04,)][eta: 18:53:12, time (data): 0.520 (0.079)]rfmnet: 1.7581e-05 l_total: 1.7581e-05 
2025-08-20 17:02:51,859 INFO: [dt4d..][epoch:  7, iter:  53,800, lr:(4.109e-04,4.109e-04,)][eta: 18:48:27, time (data): 0.528 (0.076)]rfmnet: 2.3281e-05 l_total: 2.3281e-05 
2025-08-20 17:03:56,692 INFO: [dt4d..][epoch:  7, iter:  53,900, lr:(4.109e-04,4.109e-04,)][eta: 18:43:50, time (data): 0.686 (0.073)]rfmnet: 1.2599e-05 l_total: 1.2599e-05 
2025-08-20 17:04:49,504 INFO: [dt4d..][epoch:  7, iter:  54,000, lr:(4.109e-04,4.109e-04,)][eta: 18:39:07, time (data): 0.566 (0.076)]rfmnet: 1.4886e-05 l_total: 1.4886e-05 
2025-08-20 17:05:32,982 INFO: [dt4d..][epoch:  7, iter:  54,100, lr:(4.109e-04,4.109e-04,)][eta: 18:34:18, time (data): 0.429 (0.077)]rfmnet: 1.3144e-05 l_total: 1.3144e-05 
2025-08-20 17:06:25,681 INFO: [dt4d..][epoch:  7, iter:  54,200, lr:(4.109e-04,4.109e-04,)][eta: 18:29:36, time (data): 0.504 (0.079)]rfmnet: 1.6671e-05 l_total: 1.6671e-05 
2025-08-20 17:07:29,375 INFO: [dt4d..][epoch:  7, iter:  54,300, lr:(4.109e-04,4.109e-04,)][eta: 18:25:01, time (data): 0.631 (0.076)]rfmnet: 1.3711e-05 l_total: 1.3711e-05 
2025-08-20 17:08:27,715 INFO: [dt4d..][epoch:  7, iter:  54,400, lr:(4.109e-04,4.109e-04,)][eta: 18:20:24, time (data): 0.594 (0.075)]rfmnet: 1.3062e-05 l_total: 1.3062e-05 
2025-08-20 17:09:12,802 INFO: [dt4d..][epoch:  7, iter:  54,500, lr:(4.109e-04,4.109e-04,)][eta: 18:15:40, time (data): 0.437 (0.079)]rfmnet: 1.5476e-05 l_total: 1.5476e-05 
2025-08-20 17:09:58,690 INFO: [dt4d..][epoch:  7, iter:  54,600, lr:(4.109e-04,4.109e-04,)][eta: 18:10:57, time (data): 0.454 (0.078)]rfmnet: 1.5741e-05 l_total: 1.5741e-05 
2025-08-20 17:10:46,534 INFO: [dt4d..][epoch:  7, iter:  54,700, lr:(4.109e-04,4.109e-04,)][eta: 18:06:16, time (data): 0.474 (0.079)]rfmnet: 2.0299e-05 l_total: 2.0299e-05 
2025-08-20 17:11:31,320 INFO: [dt4d..][epoch:  7, iter:  54,800, lr:(4.109e-04,4.109e-04,)][eta: 18:01:34, time (data): 0.454 (0.080)]rfmnet: 1.1730e-05 l_total: 1.1730e-05 
2025-08-20 17:12:18,470 INFO: [dt4d..][epoch:  7, iter:  54,900, lr:(4.109e-04,4.109e-04,)][eta: 17:56:54, time (data): 0.448 (0.082)]rfmnet: 1.4458e-05 l_total: 1.4458e-05 
2025-08-20 17:13:06,820 INFO: [dt4d..][epoch:  7, iter:  55,000, lr:(4.109e-04,4.109e-04,)][eta: 17:52:16, time (data): 0.476 (0.080)]rfmnet: 1.4583e-05 l_total: 1.4583e-05 
2025-08-20 17:14:05,527 INFO: [dt4d..][epoch:  7, iter:  55,100, lr:(4.109e-04,4.109e-04,)][eta: 17:47:45, time (data): 0.667 (0.077)]rfmnet: 1.5833e-05 l_total: 1.5833e-05 
2025-08-20 17:15:11,040 INFO: [dt4d..][epoch:  7, iter:  55,200, lr:(4.109e-04,4.109e-04,)][eta: 17:43:19, time (data): 0.658 (0.076)]rfmnet: 1.2410e-05 l_total: 1.2410e-05 
2025-08-20 17:15:59,908 INFO: [dt4d..][epoch:  7, iter:  55,300, lr:(4.109e-04,4.109e-04,)][eta: 17:38:44, time (data): 0.502 (0.083)]rfmnet: 1.2039e-05 l_total: 1.2039e-05 
2025-08-20 17:16:45,691 INFO: [dt4d..][epoch:  7, iter:  55,400, lr:(4.109e-04,4.109e-04,)][eta: 17:34:07, time (data): 0.467 (0.080)]rfmnet: 2.5388e-05 l_total: 2.5388e-05 
2025-08-20 17:17:41,202 INFO: [dt4d..][epoch:  7, iter:  55,500, lr:(4.109e-04,4.109e-04,)][eta: 17:29:38, time (data): 0.633 (0.078)]rfmnet: 1.4719e-05 l_total: 1.4719e-05 
2025-08-20 17:18:44,680 INFO: [dt4d..][epoch:  7, iter:  55,600, lr:(4.109e-04,4.109e-04,)][eta: 17:25:13, time (data): 0.634 (0.075)]rfmnet: 2.3169e-05 l_total: 2.3169e-05 
2025-08-20 17:19:41,139 INFO: [dt4d..][epoch:  7, iter:  55,700, lr:(4.109e-04,4.109e-04,)][eta: 17:20:46, time (data): 0.531 (0.078)]rfmnet: 1.3230e-05 l_total: 1.3230e-05 
2025-08-20 17:20:26,345 INFO: [dt4d..][epoch:  7, iter:  55,800, lr:(4.109e-04,4.109e-04,)][eta: 17:16:12, time (data): 0.467 (0.079)]rfmnet: 9.7348e-06 l_total: 9.7348e-06 
2025-08-20 17:21:18,899 INFO: [dt4d..][epoch:  7, iter:  55,900, lr:(4.109e-04,4.109e-04,)][eta: 17:11:44, time (data): 0.529 (0.076)]rfmnet: 2.4190e-05 l_total: 2.4190e-05 
2025-08-20 17:22:18,999 INFO: [dt4d..][epoch:  7, iter:  56,000, lr:(4.109e-04,4.109e-04,)][eta: 17:07:21, time (data): 0.588 (0.075)]rfmnet: 1.0711e-05 l_total: 1.0711e-05 
2025-08-20 17:22:19,000 INFO: Saving models and training states.
2025-08-20 17:22:19,019 INFO: Start validation.
2025-08-20 17:48:03,235 INFO: Avg time: 0.1416
2025-08-20 17:48:04,280 INFO: Val auc: 0.6572
2025-08-20 17:48:04,284 INFO: Val avg error: 0.0391
2025-08-20 17:48:53,240 INFO: [dt4d..][epoch:  7, iter:  56,100, lr:(4.109e-04,4.109e-04,)][eta: 17:17:52, time (data): 0.513 (0.084)]rfmnet: 8.9713e-06 l_total: 8.9713e-06 
2025-08-20 17:49:55,227 INFO: [dt4d..][epoch:  7, iter:  56,200, lr:(4.109e-04,4.109e-04,)][eta: 17:13:27, time (data): 0.601 (0.082)]rfmnet: 1.8843e-05 l_total: 1.8843e-05 
2025-08-20 17:50:45,529 INFO: [dt4d..][epoch:  7, iter:  56,300, lr:(4.109e-04,4.109e-04,)][eta: 17:08:56, time (data): 0.408 (0.084)]rfmnet: 2.2751e-05 l_total: 2.2751e-05 
2025-08-20 17:51:25,360 INFO: [dt4d..][epoch:  7, iter:  56,400, lr:(4.109e-04,4.109e-04,)][eta: 17:04:20, time (data): 0.400 (0.085)]rfmnet: 9.4161e-06 l_total: 9.4161e-06 
2025-08-20 17:52:13,369 INFO: [dt4d..][epoch:  7, iter:  56,500, lr:(4.109e-04,4.109e-04,)][eta: 16:59:49, time (data): 0.512 (0.084)]rfmnet: 2.2084e-05 l_total: 2.2084e-05 
2025-08-20 17:53:14,525 INFO: [dt4d..][epoch:  7, iter:  56,600, lr:(4.109e-04,4.109e-04,)][eta: 16:55:26, time (data): 0.596 (0.083)]rfmnet: 1.1505e-05 l_total: 1.1505e-05 
2025-08-20 17:54:05,399 INFO: [dt4d..][epoch:  7, iter:  56,700, lr:(4.109e-04,4.109e-04,)][eta: 16:50:59, time (data): 0.407 (0.084)]rfmnet: 9.7005e-06 l_total: 9.7005e-06 
2025-08-20 17:54:44,908 INFO: [dt4d..][epoch:  7, iter:  56,800, lr:(4.109e-04,4.109e-04,)][eta: 16:46:26, time (data): 0.397 (0.084)]rfmnet: 8.2174e-06 l_total: 8.2174e-06 
2025-08-20 17:55:33,266 INFO: [dt4d..][epoch:  7, iter:  56,900, lr:(4.109e-04,4.109e-04,)][eta: 16:41:58, time (data): 0.505 (0.085)]rfmnet: 9.7742e-06 l_total: 9.7742e-06 
2025-08-20 17:56:34,906 INFO: [dt4d..][epoch:  7, iter:  57,000, lr:(4.109e-04,4.109e-04,)][eta: 16:37:39, time (data): 0.600 (0.082)]rfmnet: 1.1277e-05 l_total: 1.1277e-05 
2025-08-20 17:57:23,530 INFO: [dt4d..][epoch:  7, iter:  57,100, lr:(4.109e-04,4.109e-04,)][eta: 16:33:13, time (data): 0.392 (0.084)]rfmnet: 1.0789e-05 l_total: 1.0789e-05 
2025-08-20 17:58:03,695 INFO: [dt4d..][epoch:  7, iter:  57,200, lr:(4.109e-04,4.109e-04,)][eta: 16:28:43, time (data): 0.400 (0.086)]rfmnet: 7.8866e-06 l_total: 7.8866e-06 
2025-08-20 17:58:50,847 INFO: [dt4d..][epoch:  7, iter:  57,300, lr:(4.109e-04,4.109e-04,)][eta: 16:24:18, time (data): 0.508 (0.082)]rfmnet: 1.0170e-05 l_total: 1.0170e-05 
2025-08-20 17:59:51,349 INFO: [dt4d..][epoch:  7, iter:  57,400, lr:(4.109e-04,4.109e-04,)][eta: 16:20:01, time (data): 0.592 (0.082)]rfmnet: 8.9267e-06 l_total: 8.9267e-06 
2025-08-20 18:00:43,414 INFO: [dt4d..][epoch:  7, iter:  57,500, lr:(4.109e-04,4.109e-04,)][eta: 16:15:40, time (data): 0.378 (0.085)]rfmnet: 1.1192e-05 l_total: 1.1192e-05 
2025-08-20 18:01:22,910 INFO: [dt4d..][epoch:  7, iter:  57,600, lr:(4.109e-04,4.109e-04,)][eta: 16:11:13, time (data): 0.393 (0.086)]rfmnet: 9.5033e-06 l_total: 9.5033e-06 
2025-08-20 18:02:10,088 INFO: [dt4d..][epoch:  7, iter:  57,700, lr:(4.109e-04,4.109e-04,)][eta: 16:06:51, time (data): 0.520 (0.088)]rfmnet: 6.9206e-06 l_total: 6.9206e-06 
2025-08-20 18:03:09,227 INFO: [dt4d..][epoch:  7, iter:  57,800, lr:(4.109e-04,4.109e-04,)][eta: 16:02:36, time (data): 0.583 (0.083)]rfmnet: 1.0543e-05 l_total: 1.0543e-05 
2025-08-20 18:04:03,578 INFO: [dt4d..][epoch:  7, iter:  57,900, lr:(4.109e-04,4.109e-04,)][eta: 15:58:19, time (data): 0.424 (0.084)]rfmnet: 8.4542e-06 l_total: 8.4542e-06 
2025-08-20 18:04:42,610 INFO: [dt4d..][epoch:  7, iter:  58,000, lr:(4.109e-04,4.109e-04,)][eta: 15:53:55, time (data): 0.394 (0.086)]rfmnet: 9.0542e-06 l_total: 9.0542e-06 
2025-08-20 18:05:27,393 INFO: [dt4d..][epoch:  7, iter:  58,100, lr:(4.109e-04,4.109e-04,)][eta: 15:49:35, time (data): 0.521 (0.086)]rfmnet: 6.9659e-06 l_total: 6.9659e-06 
2025-08-20 18:06:25,531 INFO: [dt4d..][epoch:  7, iter:  58,200, lr:(4.109e-04,4.109e-04,)][eta: 15:45:22, time (data): 0.575 (0.084)]rfmnet: 6.8531e-06 l_total: 6.8531e-06 
2025-08-20 18:07:22,044 INFO: [dt4d..][epoch:  7, iter:  58,300, lr:(4.109e-04,4.109e-04,)][eta: 15:41:09, time (data): 0.402 (0.087)]rfmnet: 1.2314e-05 l_total: 1.2314e-05 
2025-08-20 18:08:01,822 INFO: [dt4d..][epoch:  7, iter:  58,400, lr:(4.109e-04,4.109e-04,)][eta: 15:36:48, time (data): 0.398 (0.087)]rfmnet: 7.5661e-06 l_total: 7.5661e-06 
2025-08-20 18:08:46,360 INFO: [dt4d..][epoch:  7, iter:  58,500, lr:(4.109e-04,4.109e-04,)][eta: 15:32:31, time (data): 0.527 (0.083)]rfmnet: 7.1017e-06 l_total: 7.1017e-06 
2025-08-20 18:09:43,368 INFO: [dt4d..][epoch:  7, iter:  58,600, lr:(4.109e-04,4.109e-04,)][eta: 15:28:20, time (data): 0.566 (0.084)]rfmnet: 6.6415e-06 l_total: 6.6415e-06 
2025-08-20 18:10:40,818 INFO: [dt4d..][epoch:  7, iter:  58,700, lr:(4.109e-04,4.109e-04,)][eta: 15:24:10, time (data): 0.373 (0.084)]rfmnet: 1.3226e-05 l_total: 1.3226e-05 
2025-08-20 18:11:20,334 INFO: [dt4d..][epoch:  7, iter:  58,800, lr:(4.109e-04,4.109e-04,)][eta: 15:19:52, time (data): 0.394 (0.087)]rfmnet: 8.4324e-06 l_total: 8.4324e-06 
2025-08-20 18:12:04,228 INFO: [dt4d..][epoch:  7, iter:  58,900, lr:(4.109e-04,4.109e-04,)][eta: 15:15:37, time (data): 0.540 (0.082)]rfmnet: 8.0907e-06 l_total: 8.0907e-06 
2025-08-20 18:13:00,628 INFO: [dt4d..][epoch:  7, iter:  59,000, lr:(4.109e-04,4.109e-04,)][eta: 15:11:29, time (data): 0.562 (0.084)]rfmnet: 6.4442e-06 l_total: 6.4442e-06 
2025-08-20 18:14:00,530 INFO: [dt4d..][epoch:  7, iter:  59,100, lr:(4.109e-04,4.109e-04,)][eta: 15:07:23, time (data): 0.382 (0.089)]rfmnet: 6.0498e-06 l_total: 6.0498e-06 
2025-08-20 18:14:40,444 INFO: [dt4d..][epoch:  7, iter:  59,200, lr:(4.109e-04,4.109e-04,)][eta: 15:03:08, time (data): 0.398 (0.087)]rfmnet: 6.9306e-06 l_total: 6.9306e-06 
2025-08-20 18:15:23,564 INFO: [dt4d..][epoch:  7, iter:  59,300, lr:(4.109e-04,4.109e-04,)][eta: 14:58:55, time (data): 0.501 (0.088)]rfmnet: 8.1578e-06 l_total: 8.1578e-06 
2025-08-20 18:16:20,874 INFO: [dt4d..][epoch:  7, iter:  59,400, lr:(4.109e-04,4.109e-04,)][eta: 14:54:50, time (data): 0.570 (0.083)]rfmnet: 1.0289e-05 l_total: 1.0289e-05 
2025-08-20 18:17:20,451 INFO: [dt4d..][epoch:  7, iter:  59,500, lr:(4.109e-04,4.109e-04,)][eta: 14:50:47, time (data): 0.394 (0.090)]rfmnet: 8.3205e-06 l_total: 8.3205e-06 
2025-08-20 18:17:59,660 INFO: [dt4d..][epoch:  7, iter:  59,600, lr:(4.109e-04,4.109e-04,)][eta: 14:46:34, time (data): 0.392 (0.087)]rfmnet: 1.2017e-05 l_total: 1.2017e-05 
2025-08-20 18:18:43,157 INFO: [dt4d..][epoch:  7, iter:  59,700, lr:(4.109e-04,4.109e-04,)][eta: 14:42:25, time (data): 0.591 (0.077)]rfmnet: 6.4539e-06 l_total: 6.4539e-06 
2025-08-20 18:19:40,065 INFO: [dt4d..][epoch:  7, iter:  59,800, lr:(4.109e-04,4.109e-04,)][eta: 14:38:22, time (data): 0.570 (0.084)]rfmnet: 1.1432e-05 l_total: 1.1432e-05 
2025-08-20 18:20:38,505 INFO: [dt4d..][epoch:  7, iter:  59,900, lr:(4.109e-04,4.109e-04,)][eta: 14:34:21, time (data): 0.353 (0.085)]rfmnet: 1.0847e-05 l_total: 1.0847e-05 
2025-08-20 18:21:15,930 INFO: [dt4d..][epoch:  7, iter:  60,000, lr:(4.109e-04,4.109e-04,)][eta: 14:30:10, time (data): 0.374 (0.086)]rfmnet: 7.1110e-06 l_total: 7.1110e-06 
2025-08-20 18:21:15,931 INFO: Saving models and training states.
2025-08-20 18:21:15,946 INFO: Start validation.
2025-08-20 18:46:22,561 INFO: Avg time: 0.1833
2025-08-20 18:46:23,584 INFO: Val auc: 0.6573
2025-08-20 18:46:23,588 INFO: Val avg error: 0.0391
2025-08-20 18:47:22,556 INFO: [dt4d..][epoch:  7, iter:  60,100, lr:(4.109e-04,4.109e-04,)][eta: 14:38:10, time (data): 0.400 (0.099)]rfmnet: 1.0866e-05 l_total: 1.0866e-05 
2025-08-20 18:48:02,011 INFO: [dt4d..][epoch:  7, iter:  60,200, lr:(4.109e-04,4.109e-04,)][eta: 14:33:58, time (data): 0.395 (0.086)]rfmnet: 1.0399e-05 l_total: 1.0399e-05 
2025-08-20 18:48:45,275 INFO: [dt4d..][epoch:  7, iter:  60,300, lr:(4.109e-04,4.109e-04,)][eta: 14:29:48, time (data): 0.414 (0.086)]rfmnet: 5.9870e-06 l_total: 5.9870e-06 
2025-08-20 18:49:42,266 INFO: [dt4d..][epoch:  7, iter:  60,400, lr:(4.109e-04,4.109e-04,)][eta: 14:25:45, time (data): 0.570 (0.085)]rfmnet: 5.9557e-06 l_total: 5.9557e-06 
2025-08-20 18:50:41,282 INFO: [dt4d..][epoch:  7, iter:  60,500, lr:(4.109e-04,4.109e-04,)][eta: 14:21:45, time (data): 0.580 (0.084)]rfmnet: 5.7935e-06 l_total: 5.7935e-06 
2025-08-20 18:51:20,846 INFO: [dt4d..][epoch:  7, iter:  60,600, lr:(4.109e-04,4.109e-04,)][eta: 14:17:35, time (data): 0.396 (0.086)]rfmnet: 4.8686e-06 l_total: 4.8686e-06 
2025-08-20 18:52:04,796 INFO: [dt4d..][epoch:  7, iter:  60,700, lr:(4.109e-04,4.109e-04,)][eta: 14:13:28, time (data): 0.418 (0.086)]rfmnet: 9.7367e-06 l_total: 9.7367e-06 
2025-08-20 18:53:02,622 INFO: [dt4d..][epoch:  7, iter:  60,800, lr:(4.109e-04,4.109e-04,)][eta: 14:09:29, time (data): 0.580 (0.084)]rfmnet: 5.9556e-06 l_total: 5.9556e-06 
2025-08-20 18:54:00,762 INFO: [dt4d..][epoch:  7, iter:  60,900, lr:(4.109e-04,4.109e-04,)][eta: 14:05:30, time (data): 0.580 (0.083)]rfmnet: 5.6828e-06 l_total: 5.6828e-06 
2025-08-20 18:54:38,034 INFO: [dt4d..][epoch:  7, iter:  61,000, lr:(4.109e-04,4.109e-04,)][eta: 14:01:22, time (data): 0.373 (0.084)]rfmnet: 9.4773e-06 l_total: 9.4773e-06 
2025-08-20 18:55:16,012 INFO: [dt4d..][epoch:  7, iter:  61,100, lr:(4.109e-04,4.109e-04,)][eta: 13:57:15, time (data): 0.376 (0.085)]rfmnet: 5.3980e-06 l_total: 5.3980e-06 
2025-08-20 18:55:54,036 INFO: [dt4d..][epoch:  7, iter:  61,200, lr:(4.109e-04,4.109e-04,)][eta: 13:53:09, time (data): 0.381 (0.085)]rfmnet: 6.4113e-06 l_total: 6.4113e-06 
2025-08-20 18:56:32,697 INFO: [dt4d..][epoch:  7, iter:  61,300, lr:(4.109e-04,4.109e-04,)][eta: 13:49:04, time (data): 0.384 (0.086)]rfmnet: 4.8792e-06 l_total: 4.8792e-06 
2025-08-20 18:57:12,708 INFO: [dt4d..][epoch:  7, iter:  61,400, lr:(4.109e-04,4.109e-04,)][eta: 13:45:00, time (data): 0.400 (0.087)]rfmnet: 5.3477e-06 l_total: 5.3477e-06 
2025-08-20 18:57:57,122 INFO: [dt4d..][epoch:  7, iter:  61,500, lr:(4.109e-04,4.109e-04,)][eta: 13:40:59, time (data): 0.423 (0.086)]rfmnet: 4.2789e-06 l_total: 4.2789e-06 
2025-08-20 18:58:55,829 INFO: [dt4d..][epoch:  7, iter:  61,600, lr:(4.109e-04,4.109e-04,)][eta: 13:37:05, time (data): 0.591 (0.083)]rfmnet: 8.5041e-06 l_total: 8.5041e-06 
2025-08-20 18:59:51,338 INFO: [dt4d..][epoch:  7, iter:  61,700, lr:(4.109e-04,4.109e-04,)][eta: 13:33:10, time (data): 0.573 (0.083)]rfmnet: 6.1035e-06 l_total: 6.1035e-06 
2025-08-20 19:00:29,745 INFO: [dt4d..][epoch:  7, iter:  61,800, lr:(4.109e-04,4.109e-04,)][eta: 13:29:08, time (data): 0.384 (0.084)]rfmnet: 5.4777e-06 l_total: 5.4777e-06 
2025-08-20 19:01:14,042 INFO: [dt4d..][epoch:  7, iter:  61,900, lr:(4.109e-04,4.109e-04,)][eta: 13:25:09, time (data): 0.414 (0.084)]rfmnet: 4.9625e-06 l_total: 4.9625e-06 
2025-08-20 19:02:10,895 INFO: [dt4d..][epoch:  7, iter:  62,000, lr:(4.109e-04,4.109e-04,)][eta: 13:21:16, time (data): 0.576 (0.083)]rfmnet: 5.8315e-06 l_total: 5.8315e-06 
2025-08-20 19:03:07,911 INFO: [dt4d..][epoch:  7, iter:  62,100, lr:(4.109e-04,4.109e-04,)][eta: 13:17:24, time (data): 0.573 (0.083)]rfmnet: 4.9078e-06 l_total: 4.9078e-06 
2025-08-20 19:03:46,176 INFO: [dt4d..][epoch:  8, iter:  62,200, lr:(2.855e-04,2.855e-04,)][eta: 13:13:25, time (data): 0.380 (0.090)]rfmnet: 3.7834e-06 l_total: 3.7834e-06 
2025-08-20 19:04:29,238 INFO: [dt4d..][epoch:  8, iter:  62,300, lr:(2.855e-04,2.855e-04,)][eta: 13:09:28, time (data): 0.406 (0.086)]rfmnet: 4.6637e-06 l_total: 4.6637e-06 
2025-08-20 19:05:25,514 INFO: [dt4d..][epoch:  8, iter:  62,400, lr:(2.855e-04,2.855e-04,)][eta: 13:05:37, time (data): 0.566 (0.080)]rfmnet: 5.5554e-06 l_total: 5.5554e-06 
2025-08-20 19:06:24,576 INFO: [dt4d..][epoch:  8, iter:  62,500, lr:(2.855e-04,2.855e-04,)][eta: 13:01:48, time (data): 0.579 (0.080)]rfmnet: 4.5099e-06 l_total: 4.5099e-06 
2025-08-20 19:07:04,519 INFO: [dt4d..][epoch:  8, iter:  62,600, lr:(2.855e-04,2.855e-04,)][eta: 12:57:52, time (data): 0.399 (0.086)]rfmnet: 4.3157e-06 l_total: 4.3157e-06 
2025-08-20 19:07:47,814 INFO: [dt4d..][epoch:  8, iter:  62,700, lr:(2.855e-04,2.855e-04,)][eta: 12:53:58, time (data): 0.417 (0.086)]rfmnet: 5.0873e-06 l_total: 5.0873e-06 
2025-08-20 19:08:45,772 INFO: [dt4d..][epoch:  8, iter:  62,800, lr:(2.855e-04,2.855e-04,)][eta: 12:50:10, time (data): 0.587 (0.085)]rfmnet: 4.4930e-06 l_total: 4.4930e-06 
2025-08-20 19:09:43,892 INFO: [dt4d..][epoch:  8, iter:  62,900, lr:(2.855e-04,2.855e-04,)][eta: 12:46:23, time (data): 0.584 (0.083)]rfmnet: 4.8546e-06 l_total: 4.8546e-06 
2025-08-20 19:10:22,805 INFO: [dt4d..][epoch:  8, iter:  63,000, lr:(2.855e-04,2.855e-04,)][eta: 12:42:28, time (data): 0.389 (0.085)]rfmnet: 4.3321e-06 l_total: 4.3321e-06 
2025-08-20 19:11:05,553 INFO: [dt4d..][epoch:  8, iter:  63,100, lr:(2.855e-04,2.855e-04,)][eta: 12:38:36, time (data): 0.410 (0.085)]rfmnet: 3.8716e-06 l_total: 3.8716e-06 
2025-08-20 19:12:02,965 INFO: [dt4d..][epoch:  8, iter:  63,200, lr:(2.855e-04,2.855e-04,)][eta: 12:34:51, time (data): 0.580 (0.083)]rfmnet: 4.3912e-06 l_total: 4.3912e-06 
2025-08-20 19:13:03,156 INFO: [dt4d..][epoch:  8, iter:  63,300, lr:(2.855e-04,2.855e-04,)][eta: 12:31:06, time (data): 0.592 (0.082)]rfmnet: 3.6253e-06 l_total: 3.6253e-06 
2025-08-20 19:13:42,524 INFO: [dt4d..][epoch:  8, iter:  63,400, lr:(2.855e-04,2.855e-04,)][eta: 12:27:15, time (data): 0.395 (0.085)]rfmnet: 5.2994e-06 l_total: 5.2994e-06 
2025-08-20 19:14:22,337 INFO: [dt4d..][epoch:  8, iter:  63,500, lr:(2.855e-04,2.855e-04,)][eta: 12:23:24, time (data): 0.397 (0.085)]rfmnet: 3.8924e-06 l_total: 3.8924e-06 
2025-08-20 19:15:17,789 INFO: [dt4d..][epoch:  8, iter:  63,600, lr:(2.855e-04,2.855e-04,)][eta: 12:19:39, time (data): 0.558 (0.082)]rfmnet: 3.2893e-06 l_total: 3.2893e-06 
2025-08-20 19:16:19,252 INFO: [dt4d..][epoch:  8, iter:  63,700, lr:(2.855e-04,2.855e-04,)][eta: 12:15:58, time (data): 0.589 (0.082)]rfmnet: 3.9533e-06 l_total: 3.9533e-06 
2025-08-20 19:17:00,795 INFO: [dt4d..][epoch:  8, iter:  63,800, lr:(2.855e-04,2.855e-04,)][eta: 12:12:09, time (data): 0.383 (0.085)]rfmnet: 4.4484e-06 l_total: 4.4484e-06 
2025-08-20 19:17:40,579 INFO: [dt4d..][epoch:  8, iter:  63,900, lr:(2.855e-04,2.855e-04,)][eta: 12:08:20, time (data): 0.391 (0.085)]rfmnet: 4.2738e-06 l_total: 4.2738e-06 
2025-08-20 19:18:33,853 INFO: [dt4d..][epoch:  8, iter:  64,000, lr:(2.855e-04,2.855e-04,)][eta: 12:04:38, time (data): 0.552 (0.083)]rfmnet: 4.2186e-06 l_total: 4.2186e-06 
2025-08-20 19:18:33,853 INFO: Saving models and training states.
2025-08-20 19:18:33,868 INFO: Start validation.
2025-08-20 19:43:25,848 INFO: Avg time: 0.1917
2025-08-20 19:43:26,886 INFO: Val auc: 0.6576
2025-08-20 19:43:26,890 INFO: Val avg error: 0.0391
2025-08-20 19:44:07,014 INFO: [dt4d..][epoch:  8, iter:  64,100, lr:(2.855e-04,2.855e-04,)][eta: 12:10:25, time (data): 0.468 (0.085)]rfmnet: 4.0676e-06 l_total: 4.0676e-06 
2025-08-20 19:44:52,639 INFO: [dt4d..][epoch:  8, iter:  64,200, lr:(2.855e-04,2.855e-04,)][eta: 12:06:37, time (data): 0.471 (0.085)]rfmnet: 6.5349e-06 l_total: 6.5349e-06 
2025-08-20 19:45:50,895 INFO: [dt4d..][epoch:  8, iter:  64,300, lr:(2.855e-04,2.855e-04,)][eta: 12:02:54, time (data): 0.533 (0.084)]rfmnet: 3.3959e-06 l_total: 3.3959e-06 
2025-08-20 19:46:46,797 INFO: [dt4d..][epoch:  8, iter:  64,400, lr:(2.855e-04,2.855e-04,)][eta: 11:59:11, time (data): 0.544 (0.084)]rfmnet: 3.1577e-06 l_total: 3.1577e-06 
2025-08-20 19:47:25,890 INFO: [dt4d..][epoch:  8, iter:  64,500, lr:(2.855e-04,2.855e-04,)][eta: 11:55:23, time (data): 0.459 (0.085)]rfmnet: 6.1047e-06 l_total: 6.1047e-06 
2025-08-20 19:48:09,881 INFO: [dt4d..][epoch:  8, iter:  64,600, lr:(2.855e-04,2.855e-04,)][eta: 11:51:36, time (data): 0.454 (0.086)]rfmnet: 3.2955e-06 l_total: 3.2955e-06 
2025-08-20 19:49:07,376 INFO: [dt4d..][epoch:  8, iter:  64,700, lr:(2.855e-04,2.855e-04,)][eta: 11:47:55, time (data): 0.522 (0.085)]rfmnet: 4.4967e-06 l_total: 4.4967e-06 
2025-08-20 19:50:05,471 INFO: [dt4d..][epoch:  8, iter:  64,800, lr:(2.855e-04,2.855e-04,)][eta: 11:44:15, time (data): 0.570 (0.083)]rfmnet: 4.4644e-06 l_total: 4.4644e-06 
2025-08-20 19:50:43,627 INFO: [dt4d..][epoch:  8, iter:  64,900, lr:(2.855e-04,2.855e-04,)][eta: 11:40:28, time (data): 0.464 (0.085)]rfmnet: 2.9871e-06 l_total: 2.9871e-06 
2025-08-20 19:51:25,222 INFO: [dt4d..][epoch:  8, iter:  65,000, lr:(2.855e-04,2.855e-04,)][eta: 11:36:43, time (data): 0.428 (0.084)]rfmnet: 3.3597e-06 l_total: 3.3597e-06 
2025-08-20 19:52:21,604 INFO: [dt4d..][epoch:  8, iter:  65,100, lr:(2.855e-04,2.855e-04,)][eta: 11:33:04, time (data): 0.505 (0.083)]rfmnet: 4.5193e-06 l_total: 4.5193e-06 
2025-08-20 19:53:22,689 INFO: [dt4d..][epoch:  8, iter:  65,200, lr:(2.855e-04,2.855e-04,)][eta: 11:29:27, time (data): 0.600 (0.083)]rfmnet: 3.1915e-06 l_total: 3.1915e-06 
2025-08-20 19:54:00,724 INFO: [dt4d..][epoch:  8, iter:  65,300, lr:(2.855e-04,2.855e-04,)][eta: 11:25:42, time (data): 0.475 (0.084)]rfmnet: 3.4679e-06 l_total: 3.4679e-06 
2025-08-20 19:54:41,729 INFO: [dt4d..][epoch:  8, iter:  65,400, lr:(2.855e-04,2.855e-04,)][eta: 11:21:59, time (data): 0.419 (0.084)]rfmnet: 4.2391e-06 l_total: 4.2391e-06 
2025-08-20 19:55:37,680 INFO: [dt4d..][epoch:  8, iter:  65,500, lr:(2.855e-04,2.855e-04,)][eta: 11:18:22, time (data): 0.499 (0.083)]rfmnet: 5.8689e-06 l_total: 5.8689e-06 
2025-08-20 19:56:39,280 INFO: [dt4d..][epoch:  8, iter:  65,600, lr:(2.855e-04,2.855e-04,)][eta: 11:14:47, time (data): 0.612 (0.080)]rfmnet: 3.1840e-06 l_total: 3.1840e-06 
2025-08-20 19:57:18,468 INFO: [dt4d..][epoch:  8, iter:  65,700, lr:(2.855e-04,2.855e-04,)][eta: 11:11:05, time (data): 0.486 (0.083)]rfmnet: 3.2140e-06 l_total: 3.2140e-06 
2025-08-20 19:57:59,207 INFO: [dt4d..][epoch:  8, iter:  65,800, lr:(2.855e-04,2.855e-04,)][eta: 11:07:24, time (data): 0.417 (0.086)]rfmnet: 3.6679e-06 l_total: 3.6679e-06 
2025-08-20 19:58:55,643 INFO: [dt4d..][epoch:  8, iter:  65,900, lr:(2.855e-04,2.855e-04,)][eta: 11:03:49, time (data): 0.502 (0.083)]rfmnet: 3.1740e-06 l_total: 3.1740e-06 
2025-08-20 19:59:57,258 INFO: [dt4d..][epoch:  8, iter:  66,000, lr:(2.855e-04,2.855e-04,)][eta: 11:00:16, time (data): 0.610 (0.081)]rfmnet: 6.8163e-06 l_total: 6.8163e-06 
2025-08-20 20:00:36,184 INFO: [dt4d..][epoch:  8, iter:  66,100, lr:(2.855e-04,2.855e-04,)][eta: 10:56:36, time (data): 0.482 (0.083)]rfmnet: 3.1465e-06 l_total: 3.1465e-06 
2025-08-20 20:01:18,660 INFO: [dt4d..][epoch:  8, iter:  66,200, lr:(2.855e-04,2.855e-04,)][eta: 10:52:57, time (data): 0.441 (0.085)]rfmnet: 5.3043e-06 l_total: 5.3043e-06 
2025-08-20 20:02:14,902 INFO: [dt4d..][epoch:  8, iter:  66,300, lr:(2.855e-04,2.855e-04,)][eta: 10:49:24, time (data): 0.512 (0.083)]rfmnet: 2.6448e-06 l_total: 2.6448e-06 
2025-08-20 20:03:13,293 INFO: [dt4d..][epoch:  8, iter:  66,400, lr:(2.855e-04,2.855e-04,)][eta: 10:45:52, time (data): 0.566 (0.083)]rfmnet: 3.6288e-06 l_total: 3.6288e-06 
2025-08-20 20:03:50,184 INFO: [dt4d..][epoch:  8, iter:  66,500, lr:(2.855e-04,2.855e-04,)][eta: 10:42:14, time (data): 0.450 (0.084)]rfmnet: 5.2775e-06 l_total: 5.2775e-06 
2025-08-20 20:04:27,778 INFO: [dt4d..][epoch:  8, iter:  66,600, lr:(2.855e-04,2.855e-04,)][eta: 10:38:36, time (data): 0.376 (0.086)]rfmnet: 3.0662e-06 l_total: 3.0662e-06 
2025-08-20 20:05:04,910 INFO: [dt4d..][epoch:  8, iter:  66,700, lr:(2.855e-04,2.855e-04,)][eta: 10:34:58, time (data): 0.373 (0.086)]rfmnet: 2.8484e-06 l_total: 2.8484e-06 
2025-08-20 20:05:43,570 INFO: [dt4d..][epoch:  8, iter:  66,800, lr:(2.855e-04,2.855e-04,)][eta: 10:31:21, time (data): 0.393 (0.085)]rfmnet: 2.4439e-06 l_total: 2.4439e-06 
2025-08-20 20:06:22,542 INFO: [dt4d..][epoch:  8, iter:  66,900, lr:(2.855e-04,2.855e-04,)][eta: 10:27:46, time (data): 0.391 (0.086)]rfmnet: 3.0091e-06 l_total: 3.0091e-06 
2025-08-20 20:07:04,374 INFO: [dt4d..][epoch:  8, iter:  67,000, lr:(2.855e-04,2.855e-04,)][eta: 10:24:11, time (data): 0.435 (0.084)]rfmnet: 2.4917e-06 l_total: 2.4917e-06 
2025-08-20 20:08:01,415 INFO: [dt4d..][epoch:  8, iter:  67,100, lr:(2.855e-04,2.855e-04,)][eta: 10:20:42, time (data): 0.516 (0.084)]rfmnet: 3.2259e-06 l_total: 3.2259e-06 
2025-08-20 20:09:03,034 INFO: [dt4d..][epoch:  8, iter:  67,200, lr:(2.855e-04,2.855e-04,)][eta: 10:17:15, time (data): 0.611 (0.082)]rfmnet: 3.2313e-06 l_total: 3.2313e-06 
2025-08-20 20:09:41,141 INFO: [dt4d..][epoch:  8, iter:  67,300, lr:(2.855e-04,2.855e-04,)][eta: 10:13:41, time (data): 0.472 (0.084)]rfmnet: 5.7393e-06 l_total: 5.7393e-06 
2025-08-20 20:10:20,549 INFO: [dt4d..][epoch:  8, iter:  67,400, lr:(2.855e-04,2.855e-04,)][eta: 10:10:08, time (data): 0.403 (0.086)]rfmnet: 2.4414e-06 l_total: 2.4414e-06 
2025-08-20 20:11:16,621 INFO: [dt4d..][epoch:  8, iter:  67,500, lr:(2.855e-04,2.855e-04,)][eta: 10:06:40, time (data): 0.498 (0.085)]rfmnet: 3.1467e-06 l_total: 3.1467e-06 
2025-08-20 20:12:17,251 INFO: [dt4d..][epoch:  8, iter:  67,600, lr:(2.855e-04,2.855e-04,)][eta: 10:03:15, time (data): 0.605 (0.081)]rfmnet: 2.6268e-06 l_total: 2.6268e-06 
2025-08-20 20:12:57,417 INFO: [dt4d..][epoch:  8, iter:  67,700, lr:(2.855e-04,2.855e-04,)][eta: 9:59:43, time (data): 0.481 (0.083)]rfmnet: 2.4706e-06 l_total: 2.4706e-06 
2025-08-20 20:13:37,603 INFO: [dt4d..][epoch:  8, iter:  67,800, lr:(2.855e-04,2.855e-04,)][eta: 9:56:12, time (data): 0.409 (0.085)]rfmnet: 2.2254e-06 l_total: 2.2254e-06 
2025-08-20 20:14:32,389 INFO: [dt4d..][epoch:  8, iter:  67,900, lr:(2.855e-04,2.855e-04,)][eta: 9:52:46, time (data): 0.494 (0.085)]rfmnet: 2.4143e-06 l_total: 2.4143e-06 
2025-08-20 20:15:34,442 INFO: [dt4d..][epoch:  8, iter:  68,000, lr:(2.855e-04,2.855e-04,)][eta: 9:49:23, time (data): 0.615 (0.082)]rfmnet: 2.8218e-06 l_total: 2.8218e-06 
2025-08-20 20:15:34,443 INFO: Saving models and training states.
2025-08-20 20:15:34,462 INFO: Start validation.
2025-08-20 20:40:19,854 INFO: Avg time: 0.1424
2025-08-20 20:40:20,888 INFO: Val auc: 0.6597
2025-08-20 20:40:20,892 INFO: Val avg error: 0.0389
2025-08-20 20:41:02,121 INFO: [dt4d..][epoch:  8, iter:  68,100, lr:(2.855e-04,2.855e-04,)][eta: 9:53:25, time (data): 0.489 (0.084)]rfmnet: 2.4523e-06 l_total: 2.4523e-06 
2025-08-20 20:41:58,914 INFO: [dt4d..][epoch:  8, iter:  68,200, lr:(2.855e-04,2.855e-04,)][eta: 9:49:58, time (data): 0.585 (0.084)]rfmnet: 2.6205e-06 l_total: 2.6205e-06 
2025-08-20 20:43:00,352 INFO: [dt4d..][epoch:  8, iter:  68,300, lr:(2.855e-04,2.855e-04,)][eta: 9:46:33, time (data): 0.603 (0.083)]rfmnet: 3.1468e-06 l_total: 3.1468e-06 
2025-08-20 20:43:39,461 INFO: [dt4d..][epoch:  8, iter:  68,400, lr:(2.855e-04,2.855e-04,)][eta: 9:43:02, time (data): 0.387 (0.086)]rfmnet: 2.2489e-06 l_total: 2.2489e-06 
2025-08-20 20:44:19,899 INFO: [dt4d..][epoch:  8, iter:  68,500, lr:(2.855e-04,2.855e-04,)][eta: 9:39:31, time (data): 0.398 (0.085)]rfmnet: 2.3694e-06 l_total: 2.3694e-06 
2025-08-20 20:45:15,881 INFO: [dt4d..][epoch:  8, iter:  68,600, lr:(2.855e-04,2.855e-04,)][eta: 9:36:06, time (data): 0.580 (0.084)]rfmnet: 3.6443e-06 l_total: 3.6443e-06 
2025-08-20 20:46:17,827 INFO: [dt4d..][epoch:  8, iter:  68,700, lr:(2.855e-04,2.855e-04,)][eta: 9:32:43, time (data): 0.605 (0.083)]rfmnet: 5.1801e-06 l_total: 5.1801e-06 
2025-08-20 20:46:57,444 INFO: [dt4d..][epoch:  8, iter:  68,800, lr:(2.855e-04,2.855e-04,)][eta: 9:29:14, time (data): 0.391 (0.083)]rfmnet: 2.7259e-06 l_total: 2.7259e-06 
2025-08-20 20:47:39,309 INFO: [dt4d..][epoch:  8, iter:  68,900, lr:(2.855e-04,2.855e-04,)][eta: 9:25:46, time (data): 0.408 (0.083)]rfmnet: 3.4891e-06 l_total: 3.4891e-06 
2025-08-20 20:48:35,845 INFO: [dt4d..][epoch:  8, iter:  69,000, lr:(2.855e-04,2.855e-04,)][eta: 9:22:22, time (data): 0.605 (0.081)]rfmnet: 2.6603e-06 l_total: 2.6603e-06 
2025-08-20 20:49:35,780 INFO: [dt4d..][epoch:  8, iter:  69,100, lr:(2.855e-04,2.855e-04,)][eta: 9:19:00, time (data): 0.601 (0.082)]rfmnet: 2.2902e-06 l_total: 2.2902e-06 
2025-08-20 20:50:15,074 INFO: [dt4d..][epoch:  8, iter:  69,200, lr:(2.855e-04,2.855e-04,)][eta: 9:15:33, time (data): 0.394 (0.085)]rfmnet: 5.0246e-06 l_total: 5.0246e-06 
2025-08-20 20:50:55,307 INFO: [dt4d..][epoch:  8, iter:  69,300, lr:(2.855e-04,2.855e-04,)][eta: 9:12:06, time (data): 0.399 (0.085)]rfmnet: 2.5961e-06 l_total: 2.5961e-06 
2025-08-20 20:51:51,957 INFO: [dt4d..][epoch:  8, iter:  69,400, lr:(2.855e-04,2.855e-04,)][eta: 9:08:44, time (data): 0.593 (0.083)]rfmnet: 2.6497e-06 l_total: 2.6497e-06 
2025-08-20 20:52:54,023 INFO: [dt4d..][epoch:  8, iter:  69,500, lr:(2.855e-04,2.855e-04,)][eta: 9:05:25, time (data): 0.611 (0.082)]rfmnet: 2.0536e-06 l_total: 2.0536e-06 
2025-08-20 20:53:34,046 INFO: [dt4d..][epoch:  8, iter:  69,600, lr:(2.855e-04,2.855e-04,)][eta: 9:01:59, time (data): 0.382 (0.085)]rfmnet: 2.2541e-06 l_total: 2.2541e-06 
2025-08-20 20:54:13,622 INFO: [dt4d..][epoch:  8, iter:  69,700, lr:(2.855e-04,2.855e-04,)][eta: 8:58:34, time (data): 0.391 (0.084)]rfmnet: 1.8313e-06 l_total: 1.8313e-06 
2025-08-20 20:55:07,253 INFO: [dt4d..][epoch:  8, iter:  69,800, lr:(2.855e-04,2.855e-04,)][eta: 8:55:13, time (data): 0.554 (0.084)]rfmnet: 1.8967e-06 l_total: 1.8967e-06 
2025-08-20 20:56:09,861 INFO: [dt4d..][epoch:  8, iter:  69,900, lr:(2.855e-04,2.855e-04,)][eta: 8:51:55, time (data): 0.601 (0.082)]rfmnet: 1.8195e-06 l_total: 1.8195e-06 
2025-08-20 20:56:53,827 INFO: [dt4d..][epoch:  8, iter:  70,000, lr:(2.855e-04,2.855e-04,)][eta: 8:48:33, time (data): 0.387 (0.083)]rfmnet: 2.5555e-06 l_total: 2.5555e-06 
2025-08-20 20:57:33,570 INFO: [dt4d..][epoch:  8, iter:  70,100, lr:(2.855e-04,2.855e-04,)][eta: 8:45:10, time (data): 0.394 (0.085)]rfmnet: 3.7377e-06 l_total: 3.7377e-06 
2025-08-20 20:58:21,847 INFO: [dt4d..][epoch:  8, iter:  70,200, lr:(2.855e-04,2.855e-04,)][eta: 8:41:49, time (data): 0.512 (0.082)]rfmnet: 1.9845e-06 l_total: 1.9845e-06 
2025-08-20 20:59:23,162 INFO: [dt4d..][epoch:  8, iter:  70,300, lr:(2.855e-04,2.855e-04,)][eta: 8:38:33, time (data): 0.579 (0.081)]rfmnet: 3.0974e-06 l_total: 3.0974e-06 
2025-08-20 21:00:13,801 INFO: [dt4d..][epoch:  8, iter:  70,400, lr:(2.855e-04,2.855e-04,)][eta: 8:35:14, time (data): 0.388 (0.085)]rfmnet: 2.2760e-06 l_total: 2.2760e-06 
2025-08-20 21:00:53,525 INFO: [dt4d..][epoch:  8, iter:  70,500, lr:(2.855e-04,2.855e-04,)][eta: 8:31:52, time (data): 0.394 (0.085)]rfmnet: 2.7129e-06 l_total: 2.7129e-06 
2025-08-20 21:01:40,107 INFO: [dt4d..][epoch:  8, iter:  70,600, lr:(2.855e-04,2.855e-04,)][eta: 8:28:33, time (data): 0.526 (0.085)]rfmnet: 2.2852e-06 l_total: 2.2852e-06 
2025-08-20 21:02:39,729 INFO: [dt4d..][epoch:  8, iter:  70,700, lr:(2.855e-04,2.855e-04,)][eta: 8:25:18, time (data): 0.573 (0.084)]rfmnet: 2.9589e-06 l_total: 2.9589e-06 
2025-08-20 21:03:33,574 INFO: [dt4d..][epoch:  8, iter:  70,800, lr:(2.855e-04,2.855e-04,)][eta: 8:22:01, time (data): 0.446 (0.083)]rfmnet: 2.0232e-06 l_total: 2.0232e-06 
2025-08-20 21:04:12,254 INFO: [dt4d..][epoch:  8, iter:  70,900, lr:(2.855e-04,2.855e-04,)][eta: 8:18:41, time (data): 0.406 (0.084)]rfmnet: 2.1039e-06 l_total: 2.1039e-06 
2025-08-20 21:04:56,570 INFO: [dt4d..][epoch:  8, iter:  71,000, lr:(2.855e-04,2.855e-04,)][eta: 8:15:23, time (data): 0.495 (0.083)]rfmnet: 1.9968e-06 l_total: 1.9968e-06 
2025-08-20 21:05:52,803 INFO: [dt4d..][epoch:  9, iter:  71,100, lr:(1.859e-04,1.859e-04,)][eta: 8:12:08, time (data): 0.541 (0.081)]rfmnet: 2.5908e-06 l_total: 2.5908e-06 
2025-08-20 21:06:48,877 INFO: [dt4d..][epoch:  9, iter:  71,200, lr:(1.859e-04,1.859e-04,)][eta: 8:08:54, time (data): 0.529 (0.063)]rfmnet: 3.3679e-06 l_total: 3.3679e-06 
2025-08-20 21:07:23,723 INFO: [dt4d..][epoch:  9, iter:  71,300, lr:(1.859e-04,1.859e-04,)][eta: 8:05:35, time (data): 0.405 (0.063)]rfmnet: 1.9674e-06 l_total: 1.9674e-06 
2025-08-20 21:07:59,830 INFO: [dt4d..][epoch:  9, iter:  71,400, lr:(1.859e-04,1.859e-04,)][eta: 8:02:17, time (data): 0.369 (0.068)]rfmnet: 2.3644e-06 l_total: 2.3644e-06 
2025-08-20 21:08:47,984 INFO: [dt4d..][epoch:  9, iter:  71,500, lr:(1.859e-04,1.859e-04,)][eta: 7:59:02, time (data): 0.447 (0.067)]rfmnet: 1.7363e-06 l_total: 1.7363e-06 
2025-08-20 21:09:47,388 INFO: [dt4d..][epoch:  9, iter:  71,600, lr:(1.859e-04,1.859e-04,)][eta: 7:55:50, time (data): 0.595 (0.064)]rfmnet: 1.9304e-06 l_total: 1.9304e-06 
2025-08-20 21:10:31,557 INFO: [dt4d..][epoch:  9, iter:  71,700, lr:(1.859e-04,1.859e-04,)][eta: 7:52:35, time (data): 0.489 (0.065)]rfmnet: 2.4034e-06 l_total: 2.4034e-06 
2025-08-20 21:11:07,118 INFO: [dt4d..][epoch:  9, iter:  71,800, lr:(1.859e-04,1.859e-04,)][eta: 7:49:18, time (data): 0.360 (0.065)]rfmnet: 2.3446e-06 l_total: 2.3446e-06 
2025-08-20 21:11:48,630 INFO: [dt4d..][epoch:  9, iter:  71,900, lr:(1.859e-04,1.859e-04,)][eta: 7:46:03, time (data): 0.399 (0.064)]rfmnet: 1.6117e-06 l_total: 1.6117e-06 
2025-08-20 21:12:42,635 INFO: [dt4d..][epoch:  9, iter:  72,000, lr:(1.859e-04,1.859e-04,)][eta: 7:42:51, time (data): 0.590 (0.063)]rfmnet: 2.0752e-06 l_total: 2.0752e-06 
2025-08-20 21:12:42,636 INFO: Saving models and training states.
2025-08-20 21:12:42,655 INFO: Start validation.
2025-08-20 21:37:05,540 INFO: Avg time: 0.1934
2025-08-20 21:37:06,606 INFO: Val auc: 0.6614
2025-08-20 21:37:06,610 INFO: Val avg error: 0.0388
2025-08-20 21:37:47,183 INFO: [dt4d..][epoch:  9, iter:  72,100, lr:(1.859e-04,1.859e-04,)][eta: 7:45:16, time (data): 0.459 (0.065)]rfmnet: 1.7968e-06 l_total: 1.7968e-06 
2025-08-20 21:38:22,175 INFO: [dt4d..][epoch:  9, iter:  72,200, lr:(1.859e-04,1.859e-04,)][eta: 7:41:58, time (data): 0.349 (0.063)]rfmnet: 1.7206e-06 l_total: 1.7206e-06 
2025-08-20 21:39:07,154 INFO: [dt4d..][epoch:  9, iter:  72,300, lr:(1.859e-04,1.859e-04,)][eta: 7:38:43, time (data): 0.421 (0.064)]rfmnet: 1.7373e-06 l_total: 1.7373e-06 
2025-08-20 21:40:03,659 INFO: [dt4d..][epoch:  9, iter:  72,400, lr:(1.859e-04,1.859e-04,)][eta: 7:35:31, time (data): 0.600 (0.066)]rfmnet: 1.8640e-06 l_total: 1.8640e-06 
2025-08-20 21:40:54,499 INFO: [dt4d..][epoch:  9, iter:  72,500, lr:(1.859e-04,1.859e-04,)][eta: 7:32:19, time (data): 0.535 (0.067)]rfmnet: 2.0843e-06 l_total: 2.0843e-06 
2025-08-20 21:41:30,703 INFO: [dt4d..][epoch:  9, iter:  72,600, lr:(1.859e-04,1.859e-04,)][eta: 7:29:03, time (data): 0.367 (0.068)]rfmnet: 1.7851e-06 l_total: 1.7851e-06 
2025-08-20 21:42:08,058 INFO: [dt4d..][epoch:  9, iter:  72,700, lr:(1.859e-04,1.859e-04,)][eta: 7:25:48, time (data): 0.372 (0.065)]rfmnet: 1.7825e-06 l_total: 1.7825e-06 
2025-08-20 21:43:00,802 INFO: [dt4d..][epoch:  9, iter:  72,800, lr:(1.859e-04,1.859e-04,)][eta: 7:22:37, time (data): 0.600 (0.064)]rfmnet: 2.3361e-06 l_total: 2.3361e-06 
2025-08-20 21:43:58,580 INFO: [dt4d..][epoch:  9, iter:  72,900, lr:(1.859e-04,1.859e-04,)][eta: 7:19:27, time (data): 0.584 (0.063)]rfmnet: 1.4567e-06 l_total: 1.4567e-06 
2025-08-20 21:44:37,219 INFO: [dt4d..][epoch:  9, iter:  73,000, lr:(1.859e-04,1.859e-04,)][eta: 7:16:13, time (data): 0.353 (0.064)]rfmnet: 2.2510e-06 l_total: 2.2510e-06 
2025-08-20 21:45:13,538 INFO: [dt4d..][epoch:  9, iter:  73,100, lr:(1.859e-04,1.859e-04,)][eta: 7:13:00, time (data): 0.360 (0.066)]rfmnet: 1.6118e-06 l_total: 1.6118e-06 
2025-08-20 21:45:57,524 INFO: [dt4d..][epoch:  9, iter:  73,200, lr:(1.859e-04,1.859e-04,)][eta: 7:09:48, time (data): 0.503 (0.067)]rfmnet: 1.9430e-06 l_total: 1.9430e-06 
2025-08-20 21:46:53,986 INFO: [dt4d..][epoch:  9, iter:  73,300, lr:(1.859e-04,1.859e-04,)][eta: 7:06:40, time (data): 0.548 (0.065)]rfmnet: 3.6530e-06 l_total: 3.6530e-06 
2025-08-20 21:47:47,009 INFO: [dt4d..][epoch:  9, iter:  73,400, lr:(1.859e-04,1.859e-04,)][eta: 7:03:31, time (data): 0.434 (0.064)]rfmnet: 1.6902e-06 l_total: 1.6902e-06 
2025-08-20 21:48:20,818 INFO: [dt4d..][epoch:  9, iter:  73,500, lr:(1.859e-04,1.859e-04,)][eta: 7:00:19, time (data): 0.363 (0.064)]rfmnet: 2.4433e-06 l_total: 2.4433e-06 
2025-08-20 21:48:54,507 INFO: [dt4d..][epoch:  9, iter:  73,600, lr:(1.859e-04,1.859e-04,)][eta: 6:57:07, time (data): 0.325 (0.064)]rfmnet: 2.2240e-06 l_total: 2.2240e-06 
2025-08-20 21:49:29,383 INFO: [dt4d..][epoch:  9, iter:  73,700, lr:(1.859e-04,1.859e-04,)][eta: 6:53:55, time (data): 0.343 (0.064)]rfmnet: 1.4819e-06 l_total: 1.4819e-06 
2025-08-20 21:50:04,324 INFO: [dt4d..][epoch:  9, iter:  73,800, lr:(1.859e-04,1.859e-04,)][eta: 6:50:44, time (data): 0.373 (0.065)]rfmnet: 1.7183e-06 l_total: 1.7183e-06 
2025-08-20 21:51:03,682 INFO: [dt4d..][epoch:  9, iter:  73,900, lr:(1.859e-04,1.859e-04,)][eta: 6:47:39, time (data): 0.539 (0.065)]rfmnet: 2.0885e-06 l_total: 2.0885e-06 
2025-08-20 21:51:39,925 INFO: [dt4d..][epoch:  9, iter:  74,000, lr:(1.859e-04,1.859e-04,)][eta: 6:44:29, time (data): 0.360 (0.066)]rfmnet: 1.8484e-06 l_total: 1.8484e-06 
2025-08-20 21:52:17,976 INFO: [dt4d..][epoch:  9, iter:  74,100, lr:(1.859e-04,1.859e-04,)][eta: 6:41:20, time (data): 0.375 (0.065)]rfmnet: 1.6271e-06 l_total: 1.6271e-06 
2025-08-20 21:53:10,206 INFO: [dt4d..][epoch:  9, iter:  74,200, lr:(1.859e-04,1.859e-04,)][eta: 6:38:14, time (data): 0.593 (0.065)]rfmnet: 1.4604e-06 l_total: 1.4604e-06 
2025-08-20 21:54:08,711 INFO: [dt4d..][epoch:  9, iter:  74,300, lr:(1.859e-04,1.859e-04,)][eta: 6:35:10, time (data): 0.587 (0.065)]rfmnet: 2.8187e-06 l_total: 2.8187e-06 
2025-08-20 21:54:49,418 INFO: [dt4d..][epoch:  9, iter:  74,400, lr:(1.859e-04,1.859e-04,)][eta: 6:32:02, time (data): 0.357 (0.066)]rfmnet: 1.3140e-06 l_total: 1.3140e-06 
2025-08-20 21:55:24,865 INFO: [dt4d..][epoch:  9, iter:  74,500, lr:(1.859e-04,1.859e-04,)][eta: 6:28:54, time (data): 0.355 (0.065)]rfmnet: 1.5020e-06 l_total: 1.5020e-06 
2025-08-20 21:56:09,336 INFO: [dt4d..][epoch:  9, iter:  74,600, lr:(1.859e-04,1.859e-04,)][eta: 6:25:48, time (data): 0.479 (0.067)]rfmnet: 1.6846e-06 l_total: 1.6846e-06 
2025-08-20 21:57:05,450 INFO: [dt4d..][epoch:  9, iter:  74,700, lr:(1.859e-04,1.859e-04,)][eta: 6:22:45, time (data): 0.543 (0.065)]rfmnet: 1.8329e-06 l_total: 1.8329e-06 
2025-08-20 21:57:55,937 INFO: [dt4d..][epoch:  9, iter:  74,800, lr:(1.859e-04,1.859e-04,)][eta: 6:19:41, time (data): 0.345 (0.063)]rfmnet: 1.8333e-06 l_total: 1.8333e-06 
2025-08-20 21:58:31,188 INFO: [dt4d..][epoch:  9, iter:  74,900, lr:(1.859e-04,1.859e-04,)][eta: 6:16:34, time (data): 0.351 (0.065)]rfmnet: 1.8204e-06 l_total: 1.8204e-06 
2025-08-20 21:59:10,563 INFO: [dt4d..][epoch:  9, iter:  75,000, lr:(1.859e-04,1.859e-04,)][eta: 6:13:29, time (data): 0.441 (0.063)]rfmnet: 1.5512e-06 l_total: 1.5512e-06 
2025-08-20 22:00:03,571 INFO: [dt4d..][epoch:  9, iter:  75,100, lr:(1.859e-04,1.859e-04,)][eta: 6:10:27, time (data): 0.511 (0.065)]rfmnet: 2.0101e-06 l_total: 2.0101e-06 
2025-08-20 22:01:00,538 INFO: [dt4d..][epoch:  9, iter:  75,200, lr:(1.859e-04,1.859e-04,)][eta: 6:07:25, time (data): 0.576 (0.066)]rfmnet: 1.8655e-06 l_total: 1.8655e-06 
2025-08-20 22:01:39,018 INFO: [dt4d..][epoch:  9, iter:  75,300, lr:(1.859e-04,1.859e-04,)][eta: 6:04:21, time (data): 0.424 (0.066)]rfmnet: 1.8765e-06 l_total: 1.8765e-06 
2025-08-20 22:02:15,094 INFO: [dt4d..][epoch:  9, iter:  75,400, lr:(1.859e-04,1.859e-04,)][eta: 6:01:16, time (data): 0.382 (0.064)]rfmnet: 1.8070e-06 l_total: 1.8070e-06 
2025-08-20 22:02:59,872 INFO: [dt4d..][epoch:  9, iter:  75,500, lr:(1.859e-04,1.859e-04,)][eta: 5:58:14, time (data): 0.435 (0.064)]rfmnet: 1.3274e-06 l_total: 1.3274e-06 
2025-08-20 22:03:57,711 INFO: [dt4d..][epoch:  9, iter:  75,600, lr:(1.859e-04,1.859e-04,)][eta: 5:55:14, time (data): 0.584 (0.064)]rfmnet: 1.7101e-06 l_total: 1.7101e-06 
2025-08-20 22:04:46,583 INFO: [dt4d..][epoch:  9, iter:  75,700, lr:(1.859e-04,1.859e-04,)][eta: 5:52:13, time (data): 0.507 (0.064)]rfmnet: 1.3811e-06 l_total: 1.3811e-06 
2025-08-20 22:05:22,955 INFO: [dt4d..][epoch:  9, iter:  75,800, lr:(1.859e-04,1.859e-04,)][eta: 5:49:10, time (data): 0.377 (0.067)]rfmnet: 1.6440e-06 l_total: 1.6440e-06 
2025-08-20 22:06:00,720 INFO: [dt4d..][epoch:  9, iter:  75,900, lr:(1.859e-04,1.859e-04,)][eta: 5:46:08, time (data): 0.377 (0.066)]rfmnet: 1.5546e-06 l_total: 1.5546e-06 
2025-08-20 22:06:53,243 INFO: [dt4d..][epoch:  9, iter:  76,000, lr:(1.859e-04,1.859e-04,)][eta: 5:43:08, time (data): 0.589 (0.062)]rfmnet: 1.9364e-06 l_total: 1.9364e-06 
2025-08-20 22:06:53,244 INFO: Saving models and training states.
2025-08-20 22:06:53,263 INFO: Start validation.
2025-08-20 22:31:28,224 INFO: Avg time: 0.1963
2025-08-20 22:31:29,271 INFO: Val auc: 0.6598
2025-08-20 22:31:29,276 INFO: Val avg error: 0.0389
2025-08-20 22:32:27,803 INFO: [dt4d..][epoch:  9, iter:  76,100, lr:(1.859e-04,1.859e-04,)][eta: 5:44:16, time (data): 0.585 (0.064)]rfmnet: 1.3426e-06 l_total: 1.3426e-06 
2025-08-20 22:33:04,835 INFO: [dt4d..][epoch:  9, iter:  76,200, lr:(1.859e-04,1.859e-04,)][eta: 5:41:13, time (data): 0.340 (0.066)]rfmnet: 1.4283e-06 l_total: 1.4283e-06 
2025-08-20 22:33:40,450 INFO: [dt4d..][epoch:  9, iter:  76,300, lr:(1.859e-04,1.859e-04,)][eta: 5:38:09, time (data): 0.353 (0.065)]rfmnet: 1.2943e-06 l_total: 1.2943e-06 
2025-08-20 22:34:24,682 INFO: [dt4d..][epoch:  9, iter:  76,400, lr:(1.859e-04,1.859e-04,)][eta: 5:35:08, time (data): 0.469 (0.065)]rfmnet: 1.4236e-06 l_total: 1.4236e-06 
2025-08-20 22:35:22,378 INFO: [dt4d..][epoch:  9, iter:  76,500, lr:(1.859e-04,1.859e-04,)][eta: 5:32:09, time (data): 0.559 (0.065)]rfmnet: 1.3046e-06 l_total: 1.3046e-06 
2025-08-20 22:36:12,839 INFO: [dt4d..][epoch:  9, iter:  76,600, lr:(1.859e-04,1.859e-04,)][eta: 5:29:09, time (data): 0.368 (0.067)]rfmnet: 1.4200e-06 l_total: 1.4200e-06 
2025-08-20 22:36:49,025 INFO: [dt4d..][epoch:  9, iter:  76,700, lr:(1.859e-04,1.859e-04,)][eta: 5:26:07, time (data): 0.363 (0.067)]rfmnet: 1.6153e-06 l_total: 1.6153e-06 
2025-08-20 22:37:27,905 INFO: [dt4d..][epoch:  9, iter:  76,800, lr:(1.859e-04,1.859e-04,)][eta: 5:23:06, time (data): 0.478 (0.063)]rfmnet: 1.3718e-06 l_total: 1.3718e-06 
2025-08-20 22:38:20,585 INFO: [dt4d..][epoch:  9, iter:  76,900, lr:(1.859e-04,1.859e-04,)][eta: 5:20:07, time (data): 0.519 (0.066)]rfmnet: 1.4258e-06 l_total: 1.4258e-06 
2025-08-20 22:39:19,436 INFO: [dt4d..][epoch:  9, iter:  77,000, lr:(1.859e-04,1.859e-04,)][eta: 5:17:10, time (data): 0.577 (0.065)]rfmnet: 1.6915e-06 l_total: 1.6915e-06 
2025-08-20 22:39:56,669 INFO: [dt4d..][epoch:  9, iter:  77,100, lr:(1.859e-04,1.859e-04,)][eta: 5:14:10, time (data): 0.402 (0.065)]rfmnet: 1.7901e-06 l_total: 1.7901e-06 
2025-08-20 22:40:32,275 INFO: [dt4d..][epoch:  9, iter:  77,200, lr:(1.859e-04,1.859e-04,)][eta: 5:11:09, time (data): 0.358 (0.066)]rfmnet: 1.2396e-06 l_total: 1.2396e-06 
2025-08-20 22:41:16,082 INFO: [dt4d..][epoch:  9, iter:  77,300, lr:(1.859e-04,1.859e-04,)][eta: 5:08:11, time (data): 0.427 (0.066)]rfmnet: 1.2045e-06 l_total: 1.2045e-06 
2025-08-20 22:42:11,594 INFO: [dt4d..][epoch:  9, iter:  77,400, lr:(1.859e-04,1.859e-04,)][eta: 5:05:14, time (data): 0.596 (0.064)]rfmnet: 1.3698e-06 l_total: 1.3698e-06 
2025-08-20 22:43:05,723 INFO: [dt4d..][epoch:  9, iter:  77,500, lr:(1.859e-04,1.859e-04,)][eta: 5:02:18, time (data): 0.548 (0.064)]rfmnet: 2.8306e-06 l_total: 2.8306e-06 
2025-08-20 22:43:41,790 INFO: [dt4d..][epoch:  9, iter:  77,600, lr:(1.859e-04,1.859e-04,)][eta: 4:59:19, time (data): 0.400 (0.067)]rfmnet: 1.9212e-06 l_total: 1.9212e-06 
2025-08-20 22:44:18,566 INFO: [dt4d..][epoch:  9, iter:  77,700, lr:(1.859e-04,1.859e-04,)][eta: 4:56:21, time (data): 0.372 (0.067)]rfmnet: 2.2911e-06 l_total: 2.2911e-06 
2025-08-20 22:45:10,761 INFO: [dt4d..][epoch:  9, iter:  77,800, lr:(1.859e-04,1.859e-04,)][eta: 4:53:26, time (data): 0.580 (0.064)]rfmnet: 1.7591e-06 l_total: 1.7591e-06 
2025-08-20 22:46:09,609 INFO: [dt4d..][epoch:  9, iter:  77,900, lr:(1.859e-04,1.859e-04,)][eta: 4:50:31, time (data): 0.588 (0.066)]rfmnet: 1.3242e-06 l_total: 1.3242e-06 
2025-08-20 22:46:49,744 INFO: [dt4d..][epoch:  9, iter:  78,000, lr:(1.859e-04,1.859e-04,)][eta: 4:47:35, time (data): 0.343 (0.064)]rfmnet: 1.2869e-06 l_total: 1.2869e-06 
2025-08-20 22:47:25,704 INFO: [dt4d..][epoch:  9, iter:  78,100, lr:(1.859e-04,1.859e-04,)][eta: 4:44:38, time (data): 0.358 (0.065)]rfmnet: 1.4242e-06 l_total: 1.4242e-06 
2025-08-20 22:48:11,528 INFO: [dt4d..][epoch:  9, iter:  78,200, lr:(1.859e-04,1.859e-04,)][eta: 4:41:42, time (data): 0.478 (0.067)]rfmnet: 1.1910e-06 l_total: 1.1910e-06 
2025-08-20 22:49:08,437 INFO: [dt4d..][epoch:  9, iter:  78,300, lr:(1.859e-04,1.859e-04,)][eta: 4:38:49, time (data): 0.560 (0.065)]rfmnet: 2.4155e-06 l_total: 2.4155e-06 
2025-08-20 22:49:57,269 INFO: [dt4d..][epoch:  9, iter:  78,400, lr:(1.859e-04,1.859e-04,)][eta: 4:35:55, time (data): 0.342 (0.064)]rfmnet: 2.0843e-06 l_total: 2.0843e-06 
2025-08-20 22:50:31,703 INFO: [dt4d..][epoch:  9, iter:  78,500, lr:(1.859e-04,1.859e-04,)][eta: 4:32:59, time (data): 0.344 (0.064)]rfmnet: 2.6532e-06 l_total: 2.6532e-06 
2025-08-20 22:51:14,006 INFO: [dt4d..][epoch:  9, iter:  78,600, lr:(1.859e-04,1.859e-04,)][eta: 4:30:05, time (data): 0.480 (0.063)]rfmnet: 1.6055e-06 l_total: 1.6055e-06 
2025-08-20 22:52:08,519 INFO: [dt4d..][epoch:  9, iter:  78,700, lr:(1.859e-04,1.859e-04,)][eta: 4:27:12, time (data): 0.540 (0.063)]rfmnet: 1.5134e-06 l_total: 1.5134e-06 
2025-08-20 22:53:01,988 INFO: [dt4d..][epoch:  9, iter:  78,800, lr:(1.859e-04,1.859e-04,)][eta: 4:24:20, time (data): 0.355 (0.071)]rfmnet: 1.1754e-06 l_total: 1.1754e-06 
2025-08-20 22:53:35,632 INFO: [dt4d..][epoch:  9, iter:  78,900, lr:(1.859e-04,1.859e-04,)][eta: 4:21:26, time (data): 0.338 (0.064)]rfmnet: 1.2483e-06 l_total: 1.2483e-06 
2025-08-20 22:54:11,968 INFO: [dt4d..][epoch:  9, iter:  79,000, lr:(1.859e-04,1.859e-04,)][eta: 4:18:32, time (data): 0.388 (0.065)]rfmnet: 1.1789e-06 l_total: 1.1789e-06 
2025-08-20 22:55:03,234 INFO: [dt4d..][epoch:  9, iter:  79,100, lr:(1.859e-04,1.859e-04,)][eta: 4:15:40, time (data): 0.504 (0.066)]rfmnet: 1.1141e-06 l_total: 1.1141e-06 
2025-08-20 22:56:01,596 INFO: [dt4d..][epoch:  9, iter:  79,200, lr:(1.859e-04,1.859e-04,)][eta: 4:12:50, time (data): 0.574 (0.062)]rfmnet: 1.6245e-06 l_total: 1.6245e-06 
2025-08-20 22:56:42,827 INFO: [dt4d..][epoch:  9, iter:  79,300, lr:(1.859e-04,1.859e-04,)][eta: 4:09:58, time (data): 0.421 (0.064)]rfmnet: 2.1603e-06 l_total: 2.1603e-06 
2025-08-20 22:57:17,613 INFO: [dt4d..][epoch:  9, iter:  79,400, lr:(1.859e-04,1.859e-04,)][eta: 4:07:05, time (data): 0.359 (0.064)]rfmnet: 1.0916e-06 l_total: 1.0916e-06 
2025-08-20 22:58:00,853 INFO: [dt4d..][epoch:  9, iter:  79,500, lr:(1.859e-04,1.859e-04,)][eta: 4:04:14, time (data): 0.429 (0.064)]rfmnet: 1.2973e-06 l_total: 1.2973e-06 
2025-08-20 22:58:56,384 INFO: [dt4d..][epoch:  9, iter:  79,600, lr:(1.859e-04,1.859e-04,)][eta: 4:01:24, time (data): 0.604 (0.065)]rfmnet: 1.0597e-06 l_total: 1.0597e-06 
2025-08-20 22:59:49,252 INFO: [dt4d..][epoch:  9, iter:  79,700, lr:(1.859e-04,1.859e-04,)][eta: 3:58:35, time (data): 0.532 (0.065)]rfmnet: 1.0842e-06 l_total: 1.0842e-06 
2025-08-20 23:00:23,185 INFO: [dt4d..][epoch:  9, iter:  79,800, lr:(1.859e-04,1.859e-04,)][eta: 3:55:43, time (data): 0.349 (0.069)]rfmnet: 1.7201e-06 l_total: 1.7201e-06 
2025-08-20 23:00:56,537 INFO: [dt4d..][epoch:  9, iter:  79,900, lr:(1.859e-04,1.859e-04,)][eta: 3:52:52, time (data): 0.334 (0.065)]rfmnet: 1.4639e-06 l_total: 1.4639e-06 
2025-08-20 23:01:31,439 INFO: [dt4d..][epoch: 10, iter:  80,000, lr:(1.220e-04,1.220e-04,)][eta: 3:50:01, time (data): 0.333 (0.065)]rfmnet: 2.0091e-06 l_total: 2.0091e-06 
2025-08-20 23:01:31,439 INFO: Saving models and training states.
2025-08-20 23:01:31,454 INFO: Start validation.
2025-08-20 23:25:53,625 INFO: Avg time: 0.2002
2025-08-20 23:25:54,628 INFO: Val auc: 0.6612
2025-08-20 23:25:54,632 INFO: Val avg error: 0.0388
2025-08-20 23:26:42,253 INFO: [dt4d..][epoch: 10, iter:  80,100, lr:(1.220e-04,1.220e-04,)][eta: 3:49:51, time (data): 0.472 (0.064)]rfmnet: 1.3248e-06 l_total: 1.3248e-06 
2025-08-20 23:27:16,664 INFO: [dt4d..][epoch: 10, iter:  80,200, lr:(1.220e-04,1.220e-04,)][eta: 3:46:59, time (data): 0.352 (0.062)]rfmnet: 1.2208e-06 l_total: 1.2208e-06 
2025-08-20 23:27:57,707 INFO: [dt4d..][epoch: 10, iter:  80,300, lr:(1.220e-04,1.220e-04,)][eta: 3:44:08, time (data): 0.410 (0.064)]rfmnet: 1.9553e-06 l_total: 1.9553e-06 
2025-08-20 23:28:51,783 INFO: [dt4d..][epoch: 10, iter:  80,400, lr:(1.220e-04,1.220e-04,)][eta: 3:41:19, time (data): 0.475 (0.065)]rfmnet: 1.3966e-06 l_total: 1.3966e-06 
2025-08-20 23:29:49,142 INFO: [dt4d..][epoch: 10, iter:  80,500, lr:(1.220e-04,1.220e-04,)][eta: 3:38:30, time (data): 0.574 (0.064)]rfmnet: 1.2403e-06 l_total: 1.2403e-06 
2025-08-20 23:30:24,472 INFO: [dt4d..][epoch: 10, iter:  80,600, lr:(1.220e-04,1.220e-04,)][eta: 3:35:40, time (data): 0.463 (0.064)]rfmnet: 9.9319e-07 l_total: 9.9319e-07 
2025-08-20 23:31:00,829 INFO: [dt4d..][epoch: 10, iter:  80,700, lr:(1.220e-04,1.220e-04,)][eta: 3:32:49, time (data): 0.364 (0.065)]rfmnet: 1.2321e-06 l_total: 1.2321e-06 
2025-08-20 23:31:49,486 INFO: [dt4d..][epoch: 10, iter:  80,800, lr:(1.220e-04,1.220e-04,)][eta: 3:30:01, time (data): 0.425 (0.065)]rfmnet: 1.3341e-06 l_total: 1.3341e-06 
2025-08-20 23:32:48,220 INFO: [dt4d..][epoch: 10, iter:  80,900, lr:(1.220e-04,1.220e-04,)][eta: 3:27:13, time (data): 0.588 (0.064)]rfmnet: 1.2857e-06 l_total: 1.2857e-06 
2025-08-20 23:33:31,452 INFO: [dt4d..][epoch: 10, iter:  81,000, lr:(1.220e-04,1.220e-04,)][eta: 3:24:25, time (data): 0.509 (0.064)]rfmnet: 1.2015e-06 l_total: 1.2015e-06 
2025-08-20 23:34:05,424 INFO: [dt4d..][epoch: 10, iter:  81,100, lr:(1.220e-04,1.220e-04,)][eta: 3:21:35, time (data): 0.341 (0.067)]rfmnet: 1.3196e-06 l_total: 1.3196e-06 
2025-08-20 23:34:39,781 INFO: [dt4d..][epoch: 10, iter:  81,200, lr:(1.220e-04,1.220e-04,)][eta: 3:18:47, time (data): 0.342 (0.066)]rfmnet: 1.0698e-06 l_total: 1.0698e-06 
2025-08-20 23:35:13,447 INFO: [dt4d..][epoch: 10, iter:  81,300, lr:(1.220e-04,1.220e-04,)][eta: 3:15:58, time (data): 0.337 (0.065)]rfmnet: 9.6570e-07 l_total: 9.6570e-07 
2025-08-20 23:35:49,363 INFO: [dt4d..][epoch: 10, iter:  81,400, lr:(1.220e-04,1.220e-04,)][eta: 3:13:10, time (data): 0.348 (0.066)]rfmnet: 9.6121e-07 l_total: 9.6121e-07 
2025-08-20 23:36:23,893 INFO: [dt4d..][epoch: 10, iter:  81,500, lr:(1.220e-04,1.220e-04,)][eta: 3:10:22, time (data): 0.345 (0.065)]rfmnet: 1.1259e-06 l_total: 1.1259e-06 
2025-08-20 23:37:00,300 INFO: [dt4d..][epoch: 10, iter:  81,600, lr:(1.220e-04,1.220e-04,)][eta: 3:07:35, time (data): 0.355 (0.065)]rfmnet: 1.8105e-06 l_total: 1.8105e-06 
2025-08-20 23:37:52,120 INFO: [dt4d..][epoch: 10, iter:  81,700, lr:(1.220e-04,1.220e-04,)][eta: 3:04:49, time (data): 0.521 (0.066)]rfmnet: 1.1075e-06 l_total: 1.1075e-06 
2025-08-20 23:38:50,079 INFO: [dt4d..][epoch: 10, iter:  81,800, lr:(1.220e-04,1.220e-04,)][eta: 3:02:05, time (data): 0.551 (0.065)]rfmnet: 1.0104e-06 l_total: 1.0104e-06 
2025-08-20 23:39:31,120 INFO: [dt4d..][epoch: 10, iter:  81,900, lr:(1.220e-04,1.220e-04,)][eta: 2:59:19, time (data): 0.398 (0.065)]rfmnet: 1.1116e-06 l_total: 1.1116e-06 
2025-08-20 23:40:06,373 INFO: [dt4d..][epoch: 10, iter:  82,000, lr:(1.220e-04,1.220e-04,)][eta: 2:56:32, time (data): 0.374 (0.065)]rfmnet: 9.7853e-07 l_total: 9.7853e-07 
2025-08-20 23:40:50,586 INFO: [dt4d..][epoch: 10, iter:  82,100, lr:(1.220e-04,1.220e-04,)][eta: 2:53:47, time (data): 0.448 (0.065)]rfmnet: 9.5580e-07 l_total: 9.5580e-07 
2025-08-20 23:41:47,720 INFO: [dt4d..][epoch: 10, iter:  82,200, lr:(1.220e-04,1.220e-04,)][eta: 2:51:03, time (data): 0.512 (0.064)]rfmnet: 1.1354e-06 l_total: 1.1354e-06 
2025-08-20 23:42:39,076 INFO: [dt4d..][epoch: 10, iter:  82,300, lr:(1.220e-04,1.220e-04,)][eta: 2:48:19, time (data): 0.505 (0.066)]rfmnet: 1.2285e-06 l_total: 1.2285e-06 
2025-08-20 23:43:14,087 INFO: [dt4d..][epoch: 10, iter:  82,400, lr:(1.220e-04,1.220e-04,)][eta: 2:45:34, time (data): 0.424 (0.066)]rfmnet: 1.1990e-06 l_total: 1.1990e-06 
2025-08-20 23:43:53,739 INFO: [dt4d..][epoch: 10, iter:  82,500, lr:(1.220e-04,1.220e-04,)][eta: 2:42:50, time (data): 0.403 (0.067)]rfmnet: 1.2074e-06 l_total: 1.2074e-06 
2025-08-20 23:44:46,581 INFO: [dt4d..][epoch: 10, iter:  82,600, lr:(1.220e-04,1.220e-04,)][eta: 2:40:07, time (data): 0.469 (0.066)]rfmnet: 1.2094e-06 l_total: 1.2094e-06 
2025-08-20 23:45:44,957 INFO: [dt4d..][epoch: 10, iter:  82,700, lr:(1.220e-04,1.220e-04,)][eta: 2:37:25, time (data): 0.583 (0.065)]rfmnet: 1.2035e-06 l_total: 1.2035e-06 
2025-08-20 23:46:21,349 INFO: [dt4d..][epoch: 10, iter:  82,800, lr:(1.220e-04,1.220e-04,)][eta: 2:34:41, time (data): 0.467 (0.065)]rfmnet: 1.1969e-06 l_total: 1.1969e-06 
2025-08-20 23:46:56,582 INFO: [dt4d..][epoch: 10, iter:  82,900, lr:(1.220e-04,1.220e-04,)][eta: 2:31:57, time (data): 0.355 (0.064)]rfmnet: 1.1138e-06 l_total: 1.1138e-06 
2025-08-20 23:47:40,932 INFO: [dt4d..][epoch: 10, iter:  83,000, lr:(1.220e-04,1.220e-04,)][eta: 2:29:15, time (data): 0.402 (0.065)]rfmnet: 9.5130e-07 l_total: 9.5130e-07 
2025-08-20 23:48:38,150 INFO: [dt4d..][epoch: 10, iter:  83,100, lr:(1.220e-04,1.220e-04,)][eta: 2:26:34, time (data): 0.584 (0.064)]rfmnet: 1.2209e-06 l_total: 1.2209e-06 
2025-08-20 23:49:27,181 INFO: [dt4d..][epoch: 10, iter:  83,200, lr:(1.220e-04,1.220e-04,)][eta: 2:23:52, time (data): 0.534 (0.065)]rfmnet: 1.1142e-06 l_total: 1.1142e-06 
2025-08-20 23:50:01,494 INFO: [dt4d..][epoch: 10, iter:  83,300, lr:(1.220e-04,1.220e-04,)][eta: 2:21:09, time (data): 0.343 (0.065)]rfmnet: 1.3806e-06 l_total: 1.3806e-06 
2025-08-20 23:50:38,718 INFO: [dt4d..][epoch: 10, iter:  83,400, lr:(1.220e-04,1.220e-04,)][eta: 2:18:28, time (data): 0.359 (0.064)]rfmnet: 1.0861e-06 l_total: 1.0861e-06 
2025-08-20 23:51:30,501 INFO: [dt4d..][epoch: 10, iter:  83,500, lr:(1.220e-04,1.220e-04,)][eta: 2:15:47, time (data): 0.518 (0.064)]rfmnet: 1.8295e-06 l_total: 1.8295e-06 
2025-08-20 23:52:29,442 INFO: [dt4d..][epoch: 10, iter:  83,600, lr:(1.220e-04,1.220e-04,)][eta: 2:13:07, time (data): 0.556 (0.064)]rfmnet: 9.4203e-07 l_total: 9.4203e-07 
2025-08-20 23:53:08,781 INFO: [dt4d..][epoch: 10, iter:  83,700, lr:(1.220e-04,1.220e-04,)][eta: 2:10:26, time (data): 0.356 (0.064)]rfmnet: 9.1733e-07 l_total: 9.1733e-07 
2025-08-20 23:53:43,880 INFO: [dt4d..][epoch: 10, iter:  83,800, lr:(1.220e-04,1.220e-04,)][eta: 2:07:45, time (data): 0.353 (0.065)]rfmnet: 1.1636e-06 l_total: 1.1636e-06 
2025-08-20 23:54:26,559 INFO: [dt4d..][epoch: 10, iter:  83,900, lr:(1.220e-04,1.220e-04,)][eta: 2:05:05, time (data): 0.441 (0.065)]rfmnet: 1.2627e-06 l_total: 1.2627e-06 
2025-08-20 23:55:20,754 INFO: [dt4d..][epoch: 10, iter:  84,000, lr:(1.220e-04,1.220e-04,)][eta: 2:02:26, time (data): 0.496 (0.065)]rfmnet: 9.6795e-07 l_total: 9.6795e-07 
2025-08-20 23:55:20,754 INFO: Saving models and training states.
2025-08-20 23:55:20,776 INFO: Start validation.
2025-08-21 00:20:50,786 INFO: Avg time: 0.1964
2025-08-21 00:20:51,828 INFO: Val auc: 0.6609
2025-08-21 00:20:51,832 INFO: Val avg error: 0.0388
2025-08-21 00:21:28,654 INFO: [dt4d..][epoch: 10, iter:  84,100, lr:(1.220e-04,1.220e-04,)][eta: 2:01:11, time (data): 0.352 (0.067)]rfmnet: 9.5821e-07 l_total: 9.5821e-07 
2025-08-21 00:22:04,132 INFO: [dt4d..][epoch: 10, iter:  84,200, lr:(1.220e-04,1.220e-04,)][eta: 1:58:30, time (data): 0.354 (0.066)]rfmnet: 1.1974e-06 l_total: 1.1974e-06 
2025-08-21 00:22:51,406 INFO: [dt4d..][epoch: 10, iter:  84,300, lr:(1.220e-04,1.220e-04,)][eta: 1:55:49, time (data): 0.495 (0.067)]rfmnet: 1.6349e-06 l_total: 1.6349e-06 
2025-08-21 00:23:50,268 INFO: [dt4d..][epoch: 10, iter:  84,400, lr:(1.220e-04,1.220e-04,)][eta: 1:53:09, time (data): 0.547 (0.065)]rfmnet: 1.3573e-06 l_total: 1.3573e-06 
2025-08-21 00:24:35,301 INFO: [dt4d..][epoch: 10, iter:  84,500, lr:(1.220e-04,1.220e-04,)][eta: 1:50:29, time (data): 0.416 (0.065)]rfmnet: 1.2253e-06 l_total: 1.2253e-06 
2025-08-21 00:25:09,963 INFO: [dt4d..][epoch: 10, iter:  84,600, lr:(1.220e-04,1.220e-04,)][eta: 1:47:49, time (data): 0.377 (0.066)]rfmnet: 1.7582e-06 l_total: 1.7582e-06 
2025-08-21 00:25:51,670 INFO: [dt4d..][epoch: 10, iter:  84,700, lr:(1.220e-04,1.220e-04,)][eta: 1:45:09, time (data): 0.434 (0.064)]rfmnet: 1.0630e-06 l_total: 1.0630e-06 
2025-08-21 00:26:45,691 INFO: [dt4d..][epoch: 10, iter:  84,800, lr:(1.220e-04,1.220e-04,)][eta: 1:42:30, time (data): 0.493 (0.065)]rfmnet: 1.0694e-06 l_total: 1.0694e-06 
2025-08-21 00:27:43,265 INFO: [dt4d..][epoch: 10, iter:  84,900, lr:(1.220e-04,1.220e-04,)][eta: 1:39:51, time (data): 0.571 (0.063)]rfmnet: 9.0991e-07 l_total: 9.0991e-07 
2025-08-21 00:28:17,477 INFO: [dt4d..][epoch: 10, iter:  85,000, lr:(1.220e-04,1.220e-04,)][eta: 1:37:12, time (data): 0.442 (0.064)]rfmnet: 1.0231e-06 l_total: 1.0231e-06 
2025-08-21 00:28:54,038 INFO: [dt4d..][epoch: 10, iter:  85,100, lr:(1.220e-04,1.220e-04,)][eta: 1:34:33, time (data): 0.369 (0.064)]rfmnet: 9.2639e-07 l_total: 9.2639e-07 
2025-08-21 00:29:44,677 INFO: [dt4d..][epoch: 10, iter:  85,200, lr:(1.220e-04,1.220e-04,)][eta: 1:31:55, time (data): 0.447 (0.065)]rfmnet: 9.0528e-07 l_total: 9.0528e-07 
2025-08-21 00:30:42,550 INFO: [dt4d..][epoch: 10, iter:  85,300, lr:(1.220e-04,1.220e-04,)][eta: 1:29:17, time (data): 0.586 (0.065)]rfmnet: 1.1961e-06 l_total: 1.1961e-06 
2025-08-21 00:31:23,932 INFO: [dt4d..][epoch: 10, iter:  85,400, lr:(1.220e-04,1.220e-04,)][eta: 1:26:39, time (data): 0.488 (0.064)]rfmnet: 1.0896e-06 l_total: 1.0896e-06 
2025-08-21 00:31:58,873 INFO: [dt4d..][epoch: 10, iter:  85,500, lr:(1.220e-04,1.220e-04,)][eta: 1:24:01, time (data): 0.352 (0.066)]rfmnet: 8.9127e-07 l_total: 8.9127e-07 
2025-08-21 00:32:41,868 INFO: [dt4d..][epoch: 10, iter:  85,600, lr:(1.220e-04,1.220e-04,)][eta: 1:21:24, time (data): 0.396 (0.066)]rfmnet: 1.6370e-06 l_total: 1.6370e-06 
2025-08-21 00:33:38,221 INFO: [dt4d..][epoch: 10, iter:  85,700, lr:(1.220e-04,1.220e-04,)][eta: 1:18:47, time (data): 0.597 (0.065)]rfmnet: 8.7144e-07 l_total: 8.7144e-07 
2025-08-21 00:34:32,756 INFO: [dt4d..][epoch: 10, iter:  85,800, lr:(1.220e-04,1.220e-04,)][eta: 1:16:10, time (data): 0.567 (0.066)]rfmnet: 1.1065e-06 l_total: 1.1065e-06 
2025-08-21 00:35:07,856 INFO: [dt4d..][epoch: 10, iter:  85,900, lr:(1.220e-04,1.220e-04,)][eta: 1:13:34, time (data): 0.351 (0.066)]rfmnet: 1.2537e-06 l_total: 1.2537e-06 
2025-08-21 00:35:47,056 INFO: [dt4d..][epoch: 10, iter:  86,000, lr:(1.220e-04,1.220e-04,)][eta: 1:10:57, time (data): 0.374 (0.067)]rfmnet: 1.0240e-06 l_total: 1.0240e-06 
2025-08-21 00:36:38,727 INFO: [dt4d..][epoch: 10, iter:  86,100, lr:(1.220e-04,1.220e-04,)][eta: 1:08:21, time (data): 0.523 (0.066)]rfmnet: 1.0105e-06 l_total: 1.0105e-06 
2025-08-21 00:37:37,484 INFO: [dt4d..][epoch: 10, iter:  86,200, lr:(1.220e-04,1.220e-04,)][eta: 1:05:46, time (data): 0.561 (0.065)]rfmnet: 1.2730e-06 l_total: 1.2730e-06 
2025-08-21 00:38:16,631 INFO: [dt4d..][epoch: 10, iter:  86,300, lr:(1.220e-04,1.220e-04,)][eta: 1:03:10, time (data): 0.350 (0.066)]rfmnet: 1.6275e-06 l_total: 1.6275e-06 
2025-08-21 00:38:52,256 INFO: [dt4d..][epoch: 10, iter:  86,400, lr:(1.220e-04,1.220e-04,)][eta: 1:00:35, time (data): 0.354 (0.065)]rfmnet: 1.1326e-06 l_total: 1.1326e-06 
2025-08-21 00:39:37,306 INFO: [dt4d..][epoch: 10, iter:  86,500, lr:(1.220e-04,1.220e-04,)][eta: 0:58:00, time (data): 0.482 (0.065)]rfmnet: 1.6270e-06 l_total: 1.6270e-06 
2025-08-21 00:40:35,476 INFO: [dt4d..][epoch: 10, iter:  86,600, lr:(1.220e-04,1.220e-04,)][eta: 0:55:25, time (data): 0.541 (0.065)]rfmnet: 8.5596e-07 l_total: 8.5596e-07 
2025-08-21 00:41:23,733 INFO: [dt4d..][epoch: 10, iter:  86,700, lr:(1.220e-04,1.220e-04,)][eta: 0:52:51, time (data): 0.436 (0.065)]rfmnet: 1.1216e-06 l_total: 1.1216e-06 
2025-08-21 00:41:58,818 INFO: [dt4d..][epoch: 10, iter:  86,800, lr:(1.220e-04,1.220e-04,)][eta: 0:50:16, time (data): 0.386 (0.065)]rfmnet: 9.2330e-07 l_total: 9.2330e-07 
2025-08-21 00:42:38,013 INFO: [dt4d..][epoch: 10, iter:  86,900, lr:(1.220e-04,1.220e-04,)][eta: 0:47:42, time (data): 0.405 (0.065)]rfmnet: 9.6895e-07 l_total: 9.6895e-07 
2025-08-21 00:43:31,908 INFO: [dt4d..][epoch: 10, iter:  87,000, lr:(1.220e-04,1.220e-04,)][eta: 0:45:09, time (data): 0.485 (0.065)]rfmnet: 1.0962e-06 l_total: 1.0962e-06 
2025-08-21 00:44:29,942 INFO: [dt4d..][epoch: 10, iter:  87,100, lr:(1.220e-04,1.220e-04,)][eta: 0:42:35, time (data): 0.575 (0.065)]rfmnet: 1.1041e-06 l_total: 1.1041e-06 
2025-08-21 00:45:04,820 INFO: [dt4d..][epoch: 10, iter:  87,200, lr:(1.220e-04,1.220e-04,)][eta: 0:40:02, time (data): 0.440 (0.065)]rfmnet: 1.0273e-06 l_total: 1.0273e-06 
2025-08-21 00:45:39,348 INFO: [dt4d..][epoch: 10, iter:  87,300, lr:(1.220e-04,1.220e-04,)][eta: 0:37:29, time (data): 0.340 (0.065)]rfmnet: 9.0813e-07 l_total: 9.0813e-07 
2025-08-21 00:46:13,702 INFO: [dt4d..][epoch: 10, iter:  87,400, lr:(1.220e-04,1.220e-04,)][eta: 0:34:56, time (data): 0.342 (0.064)]rfmnet: 1.9085e-06 l_total: 1.9085e-06 
2025-08-21 00:46:48,030 INFO: [dt4d..][epoch: 10, iter:  87,500, lr:(1.220e-04,1.220e-04,)][eta: 0:32:23, time (data): 0.350 (0.064)]rfmnet: 1.2302e-06 l_total: 1.2302e-06 
2025-08-21 00:47:23,441 INFO: [dt4d..][epoch: 10, iter:  87,600, lr:(1.220e-04,1.220e-04,)][eta: 0:29:51, time (data): 0.353 (0.065)]rfmnet: 9.1148e-07 l_total: 9.1148e-07 
2025-08-21 00:47:58,548 INFO: [dt4d..][epoch: 10, iter:  87,700, lr:(1.220e-04,1.220e-04,)][eta: 0:27:19, time (data): 0.350 (0.065)]rfmnet: 8.1805e-07 l_total: 8.1805e-07 
2025-08-21 00:48:39,538 INFO: [dt4d..][epoch: 10, iter:  87,800, lr:(1.220e-04,1.220e-04,)][eta: 0:24:47, time (data): 0.386 (0.065)]rfmnet: 7.8457e-07 l_total: 7.8457e-07 
2025-08-21 00:49:33,329 INFO: [dt4d..][epoch: 10, iter:  87,900, lr:(1.220e-04,1.220e-04,)][eta: 0:22:16, time (data): 0.570 (0.066)]rfmnet: 1.1420e-06 l_total: 1.1420e-06 
2025-08-21 00:50:32,075 INFO: [dt4d..][epoch: 10, iter:  88,000, lr:(1.220e-04,1.220e-04,)][eta: 0:19:45, time (data): 0.581 (0.065)]rfmnet: 1.0449e-06 l_total: 1.0449e-06 
2025-08-21 00:50:32,076 INFO: Saving models and training states.
2025-08-21 00:50:32,094 INFO: Start validation.
2025-08-21 01:15:37,638 INFO: Avg time: 0.1958
2025-08-21 01:15:38,817 INFO: Val auc: 0.6612
2025-08-21 01:15:38,821 INFO: Val avg error: 0.0388
2025-08-21 01:16:16,814 INFO: [dt4d..][epoch: 10, iter:  88,100, lr:(1.220e-04,1.220e-04,)][eta: 0:17:25, time (data): 0.369 (0.070)]rfmnet: 1.8062e-06 l_total: 1.8062e-06 
2025-08-21 01:16:54,881 INFO: [dt4d..][epoch: 10, iter:  88,200, lr:(1.220e-04,1.220e-04,)][eta: 0:14:53, time (data): 0.376 (0.070)]rfmnet: 8.5392e-07 l_total: 8.5392e-07 
2025-08-21 01:17:48,907 INFO: [dt4d..][epoch: 10, iter:  88,300, lr:(1.220e-04,1.220e-04,)][eta: 0:12:21, time (data): 0.554 (0.070)]rfmnet: 1.0437e-06 l_total: 1.0437e-06 
2025-08-21 01:18:48,391 INFO: [dt4d..][epoch: 10, iter:  88,400, lr:(1.220e-04,1.220e-04,)][eta: 0:09:49, time (data): 0.579 (0.070)]rfmnet: 1.4324e-06 l_total: 1.4324e-06 
2025-08-21 01:19:26,829 INFO: [dt4d..][epoch: 10, iter:  88,500, lr:(1.220e-04,1.220e-04,)][eta: 0:07:17, time (data): 0.350 (0.070)]rfmnet: 9.4353e-07 l_total: 9.4353e-07 
2025-08-21 01:20:02,165 INFO: [dt4d..][epoch: 10, iter:  88,600, lr:(1.220e-04,1.220e-04,)][eta: 0:04:45, time (data): 0.352 (0.069)]rfmnet: 9.6252e-07 l_total: 9.6252e-07 
2025-08-21 01:20:37,841 INFO: [dt4d..][epoch: 10, iter:  88,700, lr:(1.220e-04,1.220e-04,)][eta: 0:02:14, time (data): 0.357 (0.074)]rfmnet: 8.5526e-07 l_total: 8.5526e-07 
2025-08-21 01:21:09,175 INFO: End of training. Time consumed: 1 day, 13:13:33
2025-08-21 01:21:09,175 INFO: Last Validation.
2025-08-21 01:46:17,753 INFO: Avg time: 0.1879
2025-08-21 01:46:18,821 INFO: Val auc: 0.6619
2025-08-21 01:46:18,825 INFO: Val avg error: 0.0387
2025-08-21 01:46:18,979 INFO: Save the best model.
